campaign,run_id,timestamp,dataset,n_cells,n_genes,stored_values,tool,tool_label,workflow,rep,status,note,threads,budget_gb,with_umap,n_hvg,n_pcs,n_neighbors,resolution,min_genes,seed,wall_s,pipeline_s,load_s,qc_s,filter_cells_s,normalize_s,log1p_s,hvg_s,renormalize_s,pca_s,neighbors_s,leiden_s,umap_s,peak_footprint_gb,peak_rss_gb,peak_uss_gb,min_free_gb,cells_kept,genes_kept,clusters,storage,threads_used,cpu,ram_gb,os,version_python,version_polariseq,version_scanpy,version_anndata,version_numpy,version_scipy,version_pandas,version_numba,version_igraph,version_leidenalg,version_umap-learn,version_pynndescent,version_psutil,version_h5py
"laptop, every tool, no UMAP (Polariseq under Scanpy's steps)",brain1000k__bpcells-native__rep1__20260927T023408,2026-09-27T02:34:08,brain1000k,1000000,27998,2009685138,bpcells-native,"BPCells (native, disk-backed)",,1,ok,,4,6.0,False,2000,50,15,1.0,200,0,303.74,218.819,0.5575,9.2603,0.0644,0.191,0.0007,7.2267,,24.3132,160.422,16.7835,0.0,5.677,5.006,0.279,2.519,989627,2000,27,bpcells,,Apple M2,8.59,Darwin 23.4.0,3.14.6,0.1.0b1,1.12.3,0.13.2,2.4.6,1.18.0,3.0.5,0.66.0,1.0.0,0.12.0,0.5.12,0.6.0,7.2.2,3.16.0
"laptop, every tool, no UMAP (Polariseq under Scanpy's steps)",brain1000k__polariseq-ram__rep1__20260928T140452,2026-09-28T14:04:52,brain1000k,1000000,27998,2009685138,polariseq-ram,Polariseq (in-RAM),,1,exceeds_memory,"stopped when its footprint passed 12.9 GB, the campaign's limit (1.5x installed memory)",4,6.0,False,2000,50,15,1.0,200,0,8.687,,,,,,,,,,,,,12.949,2.375,,0.608,,,,,,Apple M2,8.59,Darwin 23.4.0,3.14.6,0.1.0b1,1.12.3,0.13.2,2.4.6,1.18.0,3.0.5,0.66.0,1.0.0,0.12.0,0.5.12,0.6.0,7.2.2,3.16.0
"laptop, every tool, no UMAP (Polariseq under Scanpy's steps)",brain1000k__polariseq-spill__rep1__20260928T140507,2026-09-28T14:05:07,brain1000k,1000000,27998,2009685138,polariseq-spill,Polariseq (out-of-core),,1,ok,,4,6.0,False,2000,50,15,1.0,200,0,80.053,0,,,,,,,,,,,0.0,2.454,2.918,1.695,3.194,989627,2000,31,spill,4,Apple M2,8.59,Darwin 23.4.0,3.14.6,0.1.0b1,1.12.3,0.13.2,2.4.6,1.18.0,3.0.5,0.66.0,1.0.0,0.12.0,0.5.12,0.6.0,7.2.2,3.16.0
"laptop, every tool, no UMAP (Polariseq under Scanpy's steps)",brain1000k__polariseq-spill__rep2__20260928T140654,2026-09-28T14:06:54,brain1000k,1000000,27998,2009685138,polariseq-spill,Polariseq (out-of-core),,2,ok,,4,6.0,False,2000,50,15,1.0,200,0,85.639,0,,,,,,,,,,,0.0,2.489,2.835,1.589,3.13,989627,2000,31,spill,4,Apple M2,8.59,Darwin 23.4.0,3.14.6,0.1.0b1,1.12.3,0.13.2,2.4.6,1.18.0,3.0.5,0.66.0,1.0.0,0.12.0,0.5.12,0.6.0,7.2.2,3.16.0
"laptop, every tool, no UMAP (Polariseq under Scanpy's steps)",brain1000k__polariseq-spill__rep3__20260928T140827,2026-09-28T14:08:27,brain1000k,1000000,27998,2009685138,polariseq-spill,Polariseq (out-of-core),,3,ok,,4,6.0,False,2000,50,15,1.0,200,0,87.666,0,,,,,,,,,,,0.0,2.661,2.895,1.565,3.046,989627,2000,31,spill,4,Apple M2,8.59,Darwin 23.4.0,3.14.6,0.1.0b1,1.12.3,0.13.2,2.4.6,1.18.0,3.0.5,0.66.0,1.0.0,0.12.0,0.5.12,0.6.0,7.2.2,3.16.0
"laptop, every tool, no UMAP (Polariseq under Scanpy's steps)",brain1000k__scarf__rep1__20260927T065314,2026-09-27T06:53:14,brain1000k,1000000,27998,2009685138,scarf,"Scarf (Zarr, out-of-core)",,1,ok,,4,6.0,False,2000,50,15,1.0,200,0,1834.332,1705.203,148.1523,0.0,0.0157,0.0,0.0,212.6632,,1137.2046,0.0,207.1674,0.0,4.6,5.005,0.401,3.094,989627,2000,34,zarr,,Apple M2,8.59,Darwin 23.4.0,3.14.6,0.1.0b1,1.12.3,0.13.2,2.4.6,1.18.0,3.0.5,0.66.0,1.0.0,0.12.0,0.5.12,0.6.0,7.2.2,3.16.0
"laptop, every tool, no UMAP (Polariseq under Scanpy's steps)",brain1000k__seurat-bpcells__rep1__20260927T211421,2026-09-27T21:14:21,brain1000k,1000000,27998,2009685138,seurat-bpcells,"Seurat (BPCells, disk-backed)",,1,timeout,exceeded 3600s,4,6.0,False,2000,50,15,1.0,200,0,3600.041,,,,,,,,,,,,,12.394,4.197,,1.288,,,,,,Apple M2,8.59,Darwin 23.4.0,3.14.6,0.1.0b1,1.12.3,0.13.2,2.4.6,1.18.0,3.0.5,0.66.0,1.0.0,0.12.0,0.5.12,0.6.0,7.2.2,3.16.0
"laptop, every tool, no UMAP (Polariseq under Scanpy's steps)",brain100k__bpcells-native__rep1__20260927T013307,2026-09-27T01:33:07,brain100k,100000,27998,201050280,bpcells-native,"BPCells (native, disk-backed)",,1,ok,,4,6.0,False,2000,50,15,1.0,200,0,29.832,17.574,0.0404,0.9892,0.0062,0.015,0.0012,0.3726,,3.2404,11.3882,1.5209,0.0,0.631,1.118,0.114,2.748,98929,2000,26,bpcells,,Apple M2,8.59,Darwin 23.4.0,3.14.6,0.1.0b1,1.12.3,0.13.2,2.4.6,1.18.0,3.0.5,0.66.0,1.0.0,0.12.0,0.5.12,0.6.0,7.2.2,3.16.0
"laptop, every tool, no UMAP (Polariseq under Scanpy's steps)",brain100k__bpcells-native__rep2__20260927T013907,2026-09-27T01:39:07,brain100k,100000,27998,201050280,bpcells-native,"BPCells (native, disk-backed)",,2,ok,,4,6.0,False,2000,50,15,1.0,200,0,33.01,20.713,0.04,0.9098,0.0056,0.0151,0.0012,0.5407,,4.4717,13.1857,1.5427,0.0,0.667,1.153,0.112,2.827,98929,2000,26,bpcells,,Apple M2,8.59,Darwin 23.4.0,3.14.6,0.1.0b1,1.12.3,0.13.2,2.4.6,1.18.0,3.0.5,0.66.0,1.0.0,0.12.0,0.5.12,0.6.0,7.2.2,3.16.0
"laptop, every tool, no UMAP (Polariseq under Scanpy's steps)",brain100k__bpcells-native__rep3__20260927T013942,2026-09-27T01:39:42,brain100k,100000,27998,201050280,bpcells-native,"BPCells (native, disk-backed)",,3,ok,,4,6.0,False,2000,50,15,1.0,200,0,32.056,20.053,0.0407,0.9205,0.0055,0.014,0.0011,0.3761,,3.9527,13.1692,1.5728,0.0,0.541,1.284,0.117,2.78,98929,2000,26,bpcells,,Apple M2,8.59,Darwin 23.4.0,3.14.6,0.1.0b1,1.12.3,0.13.2,2.4.6,1.18.0,3.0.5,0.66.0,1.0.0,0.12.0,0.5.12,0.6.0,7.2.2,3.16.0
"laptop, every tool, no UMAP (Polariseq under Scanpy's steps)",brain100k__polariseq-ram__rep1__20260928T192624,2026-09-28T19:26:24,brain100k,100000,27998,201050280,polariseq-ram,Polariseq (in-RAM),,1,ok,,4,6.0,False,2000,50,15,1.0,200,0,4.755,4.325,0.5755,0.1044,0.0986,0.0699,0.1398,0.3767,,1.1619,1.2565,0.5422,0.0,1.833,1.808,1.827,2.652,98929,2000,25,ram,4,Apple M2,8.59,Darwin 23.4.0,3.14.6,0.1.0b1,1.12.3,0.13.2,2.4.6,1.18.0,3.0.5,0.66.0,1.0.0,0.12.0,0.5.12,0.6.0,7.2.2,3.16.0
"laptop, every tool, no UMAP (Polariseq under Scanpy's steps)",brain100k__polariseq-ram__rep2__20260928T192647,2026-09-28T19:26:47,brain100k,100000,27998,201050280,polariseq-ram,Polariseq (in-RAM),,2,ok,,4,6.0,False,2000,50,15,1.0,200,0,4.7,4.255,0.4449,0.1054,0.0873,0.0727,0.1439,0.3875,,1.1899,1.27,0.5532,0.0,1.828,1.848,1.799,2.625,98929,2000,25,ram,4,Apple M2,8.59,Darwin 23.4.0,3.14.6,0.1.0b1,1.12.3,0.13.2,2.4.6,1.18.0,3.0.5,0.66.0,1.0.0,0.12.0,0.5.12,0.6.0,7.2.2,3.16.0
"laptop, every tool, no UMAP (Polariseq under Scanpy's steps)",brain100k__polariseq-ram__rep3__20260928T192653,2026-09-28T19:26:53,brain100k,100000,27998,201050280,polariseq-ram,Polariseq (in-RAM),,3,ok,,4,6.0,False,2000,50,15,1.0,200,0,4.77,4.416,0.5165,0.1117,0.1066,0.0709,0.1435,0.4494,,1.2344,1.2622,0.521,0.0,1.83,1.829,1.818,2.711,98929,2000,25,ram,4,Apple M2,8.59,Darwin 23.4.0,3.14.6,0.1.0b1,1.12.3,0.13.2,2.4.6,1.18.0,3.0.5,0.66.0,1.0.0,0.12.0,0.5.12,0.6.0,7.2.2,3.16.0
"laptop, every tool, no UMAP (Polariseq under Scanpy's steps)",brain100k__polariseq-spill__rep1__20260928T192630,2026-09-28T19:26:30,brain100k,100000,27998,201050280,polariseq-spill,Polariseq (out-of-core),,1,ok,,4,6.0,False,2000,50,15,1.0,200,0,6.796,0,,,,,,,,,,,0.0,2.083,2.141,2.057,2.634,98929,2000,25,spill,4,Apple M2,8.59,Darwin 23.4.0,3.14.6,0.1.0b1,1.12.3,0.13.2,2.4.6,1.18.0,3.0.5,0.66.0,1.0.0,0.12.0,0.5.12,0.6.0,7.2.2,3.16.0
"laptop, every tool, no UMAP (Polariseq under Scanpy's steps)",brain100k__polariseq-spill__rep2__20260928T192638,2026-09-28T19:26:38,brain100k,100000,27998,201050280,polariseq-spill,Polariseq (out-of-core),,2,ok,,4,6.0,False,2000,50,15,1.0,200,0,6.826,0,,,,,,,,,,,0.0,2.061,2.257,1.865,2.474,98929,2000,25,spill,4,Apple M2,8.59,Darwin 23.4.0,3.14.6,0.1.0b1,1.12.3,0.13.2,2.4.6,1.18.0,3.0.5,0.66.0,1.0.0,0.12.0,0.5.12,0.6.0,7.2.2,3.16.0
"laptop, every tool, no UMAP (Polariseq under Scanpy's steps)",brain100k__polariseq-spill__rep3__20260928T133401,2026-09-28T13:34:01,brain100k,100000,27998,201050280,polariseq-spill,Polariseq (out-of-core),,3,ok,,4,6.0,False,2000,50,15,1.0,200,0,8.003,0,,,,,,,,,,,0.0,1.71,2.216,1.488,3.286,98929,2000,25,spill,4,Apple M2,8.59,Darwin 23.4.0,3.14.6,0.1.0b1,1.12.3,0.13.2,2.4.6,1.18.0,3.0.5,0.66.0,1.0.0,0.12.0,0.5.12,0.6.0,7.2.2,3.16.0
"laptop, every tool, no UMAP (Polariseq under Scanpy's steps)",brain100k__scanpy-tuned__rep1__20260926T190628,2026-09-26T19:06:28,brain100k,100000,27998,201050280,scanpy-tuned,scanpy (tuned),,1,ok,,4,6.0,False,2000,50,15,1.0,200,0,39.814,18.135,0.8637,2.7857,3.0543,0.3002,0.5605,2.2027,,4.051,1.9877,2.3289,0.0,5.72,3.67,3.569,1.846,98929,2000,27,ram,,Apple M2,8.59,Darwin 23.4.0,3.14.6,0.1.0b1,1.12.3,0.13.2,2.4.6,1.18.0,3.0.5,0.66.0,1.0.0,0.12.0,0.5.12,0.6.0,7.2.2,3.16.0
"laptop, every tool, no UMAP (Polariseq under Scanpy's steps)",brain100k__scanpy-tuned__rep2__20260929T004822,2026-09-29T00:48:22,brain100k,100000,27998,201050280,scanpy-tuned,scanpy (tuned),,2,ok,,4,6.0,False,2000,50,15,1.0,200,0,39.968,17.299,0.4828,2.6224,2.7203,0.2896,0.5481,2.0601,,4.1143,2.0284,2.433,0.0,5.723,3.791,3.736,2.285,98929,2000,27,ram,,Apple M2,8.59,Darwin 23.4.0,3.14.6,0.1.0b1,1.12.3,0.13.2,2.4.6,1.18.0,3.0.5,0.66.0,1.0.0,0.12.0,0.5.12,0.6.0,7.2.2,3.16.0
"laptop, every tool, no UMAP (Polariseq under Scanpy's steps)",brain100k__scanpy-tuned__rep3__20260926T193839,2026-09-26T19:38:39,brain100k,100000,27998,201050280,scanpy-tuned,scanpy (tuned),,3,ok,,4,6.0,False,2000,50,15,1.0,200,0,39.201,17.945,0.5808,2.7152,3.1228,0.2972,0.5583,2.2808,,4.0415,1.9717,2.3764,0.0,5.735,3.486,3.424,1.391,98929,2000,27,ram,,Apple M2,8.59,Darwin 23.4.0,3.14.6,0.1.0b1,1.12.3,0.13.2,2.4.6,1.18.0,3.0.5,0.66.0,1.0.0,0.12.0,0.5.12,0.6.0,7.2.2,3.16.0
"laptop, every tool, no UMAP (Polariseq under Scanpy's steps)",brain100k__scarf__rep1__20260927T034659,2026-09-27T03:46:59,brain100k,100000,27998,201050280,scarf,"Scarf (Zarr, out-of-core)",,1,ok,,4,6.0,False,2000,50,15,1.0,200,0,178.55,152.201,14.0852,0.0,0.0019,0.0,0.0,19.9407,,106.7259,0.0,11.4468,0.0,0.498,1.834,0.389,3.607,98929,2000,29,zarr,,Apple M2,8.59,Darwin 23.4.0,3.14.6,0.1.0b1,1.12.3,0.13.2,2.4.6,1.18.0,3.0.5,0.66.0,1.0.0,0.12.0,0.5.12,0.6.0,7.2.2,3.16.0
"laptop, every tool, no UMAP (Polariseq under Scanpy's steps)",brain100k__scarf__rep2__20260927T035500,2026-09-27T03:55:00,brain100k,100000,27998,201050280,scarf,"Scarf (Zarr, out-of-core)",,2,ok,,4,6.0,False,2000,50,15,1.0,200,0,172.173,146.058,13.9553,0.0,0.002,0.0,0.0,19.8795,,100.7624,0.0,11.4591,0.0,0.502,1.693,0.389,3.686,98929,2000,29,zarr,,Apple M2,8.59,Darwin 23.4.0,3.14.6,0.1.0b1,1.12.3,0.13.2,2.4.6,1.18.0,3.0.5,0.66.0,1.0.0,0.12.0,0.5.12,0.6.0,7.2.2,3.16.0
"laptop, every tool, no UMAP (Polariseq under Scanpy's steps)",brain100k__scarf__rep3__20260927T035754,2026-09-27T03:57:54,brain100k,100000,27998,201050280,scarf,"Scarf (Zarr, out-of-core)",,3,ok,,4,6.0,False,2000,50,15,1.0,200,0,171.033,145.858,13.8497,0.0,0.0021,0.0,0.0,19.9091,,100.7351,0.0,11.3625,0.0,0.489,1.753,0.392,3.497,98929,2000,29,zarr,,Apple M2,8.59,Darwin 23.4.0,3.14.6,0.1.0b1,1.12.3,0.13.2,2.4.6,1.18.0,3.0.5,0.66.0,1.0.0,0.12.0,0.5.12,0.6.0,7.2.2,3.16.0
"laptop, every tool, no UMAP (Polariseq under Scanpy's steps)",brain100k__seurat-bpcells__rep1__20260927T154658,2026-09-27T15:46:58,brain100k,100000,27998,201050280,seurat-bpcells,"Seurat (BPCells, disk-backed)",,1,ok,,4,6.0,False,2000,50,15,1.0,200,0,179.24,170.047,2.1775,0.4006,0.6856,2.2802,0.0,2.6083,,126.8129,14.7808,20.3008,0.0,1.505,3.156,0.129,3.088,98929,2000,32,bpcells,,Apple M2,8.59,Darwin 23.4.0,3.14.6,0.1.0b1,1.12.3,0.13.2,2.4.6,1.18.0,3.0.5,0.66.0,1.0.0,0.12.0,0.5.12,0.6.0,7.2.2,3.16.0
"laptop, every tool, no UMAP (Polariseq under Scanpy's steps)",brain100k__seurat-bpcells__rep2__20260927T155529,2026-09-27T15:55:29,brain100k,100000,27998,201050280,seurat-bpcells,"Seurat (BPCells, disk-backed)",,2,ok,,4,6.0,False,2000,50,15,1.0,200,0,178.457,169.207,2.1414,0.3994,0.6843,2.2623,0.0001,2.591,,126.0433,14.7761,20.3089,0.0,1.539,3.019,0.115,3.075,98929,2000,32,bpcells,,Apple M2,8.59,Darwin 23.4.0,3.14.6,0.1.0b1,1.12.3,0.13.2,2.4.6,1.18.0,3.0.5,0.66.0,1.0.0,0.12.0,0.5.12,0.6.0,7.2.2,3.16.0
"laptop, every tool, no UMAP (Polariseq under Scanpy's steps)",brain100k__seurat-bpcells__rep3__20260927T155829,2026-09-27T15:58:29,brain100k,100000,27998,201050280,seurat-bpcells,"Seurat (BPCells, disk-backed)",,3,ok,,4,6.0,False,2000,50,15,1.0,200,0,178.968,169.863,2.3034,0.4174,0.7094,2.3328,0.0,2.6723,,126.3261,14.7274,20.3746,0.0,1.591,2.818,0.114,3.016,98929,2000,32,bpcells,,Apple M2,8.59,Darwin 23.4.0,3.14.6,0.1.0b1,1.12.3,0.13.2,2.4.6,1.18.0,3.0.5,0.66.0,1.0.0,0.12.0,0.5.12,0.6.0,7.2.2,3.16.0
"laptop, every tool, no UMAP (Polariseq under Scanpy's steps)",brain100k__seurat-tuned__rep1__20260927T112847,2026-09-27T11:28:47,brain100k,100000,27998,201050280,seurat-tuned,Seurat (tuned),,1,ok,,4,6.0,False,2000,50,15,1.0,200,0,123.611,107.976,9.3095,3.9896,3.6956,14.552,0.0,11.1434,,30.263,15.1806,19.8421,0.0,15.917,5.201,2.607,0.612,98929,2000,30,ram,,Apple M2,8.59,Darwin 23.4.0,3.14.6,0.1.0b1,1.12.3,0.13.2,2.4.6,1.18.0,3.0.5,0.66.0,1.0.0,0.12.0,0.5.12,0.6.0,7.2.2,3.16.0
"laptop, every tool, no UMAP (Polariseq under Scanpy's steps)",brain100k__seurat-tuned__rep2__20260929T012256,2026-09-29T01:22:56,brain100k,100000,27998,201050280,seurat-tuned,Seurat (tuned),,2,exceeds_memory,"stopped when its footprint passed 12.9 GB, the campaign's limit (1.5x installed memory)",4,6.0,False,2000,50,15,1.0,200,0,17.307,,,,,,,,,,,,,12.921,3.291,,1.364,,,,,,Apple M2,8.59,Darwin 23.4.0,3.14.6,0.1.0b1,1.12.3,0.13.2,2.4.6,1.18.0,3.0.5,0.66.0,1.0.0,0.12.0,0.5.12,0.6.0,7.2.2,3.16.0
"laptop, every tool, no UMAP (Polariseq under Scanpy's steps)",brain1306k__bpcells-native__rep1__20260927T024322,2026-09-27T02:43:22,brain1306k,1306127,27998,2624828308,bpcells-native,"BPCells (native, disk-backed)",,1,ok,,4,6.0,False,2000,50,15,1.0,200,0,415.471,299.564,0.6412,12.3471,0.0817,0.2299,0.0008,9.5985,,32.4592,220.7079,23.4973,0.0,7.469,5.182,0.459,1.384,1292537,2000,30,bpcells,,Apple M2,8.59,Darwin 23.4.0,3.14.6,0.1.0b1,1.12.3,0.13.2,2.4.6,1.18.0,3.0.5,0.66.0,1.0.0,0.12.0,0.5.12,0.6.0,7.2.2,3.16.0
"laptop, every tool, no UMAP (Polariseq under Scanpy's steps)",brain1306k__polariseq-ram__rep1__20260928T141001,2026-09-28T14:10:01,brain1306k,1306127,27998,2624828308,polariseq-ram,Polariseq (in-RAM),,1,exceeds_memory,"stopped when its footprint passed 12.9 GB, the campaign's limit (1.5x installed memory)",4,6.0,False,2000,50,15,1.0,200,0,8.302,,,,,,,,,,,,,12.905,2.916,,0.616,,,,,,Apple M2,8.59,Darwin 23.4.0,3.14.6,0.1.0b1,1.12.3,0.13.2,2.4.6,1.18.0,3.0.5,0.66.0,1.0.0,0.12.0,0.5.12,0.6.0,7.2.2,3.16.0
"laptop, every tool, no UMAP (Polariseq under Scanpy's steps)",brain1306k__polariseq-spill__rep1__20260928T141017,2026-09-28T14:10:17,brain1306k,1306127,27998,2624828308,polariseq-spill,Polariseq (out-of-core),,1,ok,,4,6.0,False,2000,50,15,1.0,200,0,125.125,0,,,,,,,,,,,0.0,3.231,3.399,1.812,3.082,1292537,2000,32,spill,4,Apple M2,8.59,Darwin 23.4.0,3.14.6,0.1.0b1,1.12.3,0.13.2,2.4.6,1.18.0,3.0.5,0.66.0,1.0.0,0.12.0,0.5.12,0.6.0,7.2.2,3.16.0
"laptop, every tool, no UMAP (Polariseq under Scanpy's steps)",brain1306k__polariseq-spill__rep2__20260928T141231,2026-09-28T14:12:31,brain1306k,1306127,27998,2624828308,polariseq-spill,Polariseq (out-of-core),,2,ok,,4,6.0,False,2000,50,15,1.0,200,0,123.287,0,,,,,,,,,,,0.0,3.242,3.362,1.862,3.066,1292537,2000,32,spill,4,Apple M2,8.59,Darwin 23.4.0,3.14.6,0.1.0b1,1.12.3,0.13.2,2.4.6,1.18.0,3.0.5,0.66.0,1.0.0,0.12.0,0.5.12,0.6.0,7.2.2,3.16.0
"laptop, every tool, no UMAP (Polariseq under Scanpy's steps)",brain1306k__polariseq-spill__rep3__20260928T141443,2026-09-28T14:14:43,brain1306k,1306127,27998,2624828308,polariseq-spill,Polariseq (out-of-core),,3,ok,,4,6.0,False,2000,50,15,1.0,200,0,120.612,0,,,,,,,,,,,0.0,3.242,3.222,1.816,3.068,1292537,2000,32,spill,4,Apple M2,8.59,Darwin 23.4.0,3.14.6,0.1.0b1,1.12.3,0.13.2,2.4.6,1.18.0,3.0.5,0.66.0,1.0.0,0.12.0,0.5.12,0.6.0,7.2.2,3.16.0
"laptop, every tool, no UMAP (Polariseq under Scanpy's steps)",brain1306k__scarf__rep1__20260927T072858,2026-09-27T07:28:58,brain1306k,1306127,27998,2624828308,scarf,"Scarf (Zarr, out-of-core)",,1,ok,,4,6.0,False,2000,50,15,1.0,200,0,2447.723,2282.469,198.6918,0.0,0.0252,0.0,0.0,282.8036,,1503.4512,0.0,297.4976,0.0,6.123,4.469,0.388,2.374,1292537,2000,32,zarr,,Apple M2,8.59,Darwin 23.4.0,3.14.6,0.1.0b1,1.12.3,0.13.2,2.4.6,1.18.0,3.0.5,0.66.0,1.0.0,0.12.0,0.5.12,0.6.0,7.2.2,3.16.0
"laptop, every tool, no UMAP (Polariseq under Scanpy's steps)",brain200k__bpcells-native__rep1__20260927T014531,2026-09-27T01:45:31,brain200k,200000,27998,401853182,bpcells-native,"BPCells (native, disk-backed)",,1,ok,,4,6.0,False,2000,50,15,1.0,200,0,60.187,40.956,0.3888,3.2086,0.0187,0.0592,0.0011,1.9393,,8.4412,24.5081,2.3915,0.0,0.889,1.939,0.137,2.864,197901,2000,26,bpcells,,Apple M2,8.59,Darwin 23.4.0,3.14.6,0.1.0b1,1.12.3,0.13.2,2.4.6,1.18.0,3.0.5,0.66.0,1.0.0,0.12.0,0.5.12,0.6.0,7.2.2,3.16.0
"laptop, every tool, no UMAP (Polariseq under Scanpy's steps)",brain200k__bpcells-native__rep2__20260927T015017,2026-09-27T01:50:17,brain200k,200000,27998,401853182,bpcells-native,"BPCells (native, disk-backed)",,2,ok,,4,6.0,False,2000,50,15,1.0,200,0,40.259,27.687,0.0532,0.6917,0.011,0.0409,0.0007,0.5262,,4.0767,19.9441,2.3424,0.0,0.883,2.004,0.155,3.287,197901,2000,25,bpcells,,Apple M2,8.59,Darwin 23.4.0,3.14.6,0.1.0b1,1.12.3,0.13.2,2.4.6,1.18.0,3.0.5,0.66.0,1.0.0,0.12.0,0.5.12,0.6.0,7.2.2,3.16.0
"laptop, every tool, no UMAP (Polariseq under Scanpy's steps)",brain200k__bpcells-native__rep3__20260927T015059,2026-09-27T01:50:59,brain200k,200000,27998,401853182,bpcells-native,"BPCells (native, disk-backed)",,3,ok,,4,6.0,False,2000,50,15,1.0,200,0,39.864,27.551,0.0536,0.6891,0.0117,0.0413,0.0007,0.5294,,3.9119,19.9852,2.3285,0.0,0.898,1.901,0.155,3.324,197901,2000,25,bpcells,,Apple M2,8.59,Darwin 23.4.0,3.14.6,0.1.0b1,1.12.3,0.13.2,2.4.6,1.18.0,3.0.5,0.66.0,1.0.0,0.12.0,0.5.12,0.6.0,7.2.2,3.16.0
"laptop, every tool, no UMAP (Polariseq under Scanpy's steps)",brain200k__polariseq-ram__rep1__20260928T134710,2026-09-28T13:47:10,brain200k,200000,27998,401853182,polariseq-ram,Polariseq (in-RAM),,1,ok,,4,6.0,False,2000,50,15,1.0,200,0,10.03,9.569,1.7064,0.3181,0.3393,0.1374,0.2532,0.7459,,1.7961,3.1376,1.1345,0.0,3.581,3.521,3.497,2.759,197901,2000,27,ram,4,Apple M2,8.59,Darwin 23.4.0,3.14.6,0.1.0b1,1.12.3,0.13.2,2.4.6,1.18.0,3.0.5,0.66.0,1.0.0,0.12.0,0.5.12,0.6.0,7.2.2,3.16.0
"laptop, every tool, no UMAP (Polariseq under Scanpy's steps)",brain200k__polariseq-ram__rep2__20260928T134754,2026-09-28T13:47:54,brain200k,200000,27998,401853182,polariseq-ram,Polariseq (in-RAM),,2,ok,,4,6.0,False,2000,50,15,1.0,200,0,9.999,9.535,1.6036,0.2819,0.3708,0.1343,0.252,0.7389,,1.8267,3.1849,1.1423,0.0,3.581,3.481,3.471,2.804,197901,2000,27,ram,4,Apple M2,8.59,Darwin 23.4.0,3.14.6,0.1.0b1,1.12.3,0.13.2,2.4.6,1.18.0,3.0.5,0.66.0,1.0.0,0.12.0,0.5.12,0.6.0,7.2.2,3.16.0
"laptop, every tool, no UMAP (Polariseq under Scanpy's steps)",brain200k__polariseq-ram__rep3__20260928T134806,2026-09-28T13:48:06,brain200k,200000,27998,401853182,polariseq-ram,Polariseq (in-RAM),,3,ok,,4,6.0,False,2000,50,15,1.0,200,0,9.315,8.93,1.1677,0.2071,0.1631,0.139,0.2717,0.8413,,1.8137,3.1858,1.1406,0.0,3.569,3.431,3.379,2.957,197901,2000,27,ram,4,Apple M2,8.59,Darwin 23.4.0,3.14.6,0.1.0b1,1.12.3,0.13.2,2.4.6,1.18.0,3.0.5,0.66.0,1.0.0,0.12.0,0.5.12,0.6.0,7.2.2,3.16.0
"laptop, every tool, no UMAP (Polariseq under Scanpy's steps)",brain200k__polariseq-spill__rep1__20260928T134722,2026-09-28T13:47:22,brain200k,200000,27998,401853182,polariseq-spill,Polariseq (out-of-core),,1,ok,,4,6.0,False,2000,50,15,1.0,200,0,14.304,0,,,,,,,,,,,0.0,1.679,3.095,1.642,2.929,197901,2000,27,spill,4,Apple M2,8.59,Darwin 23.4.0,3.14.6,0.1.0b1,1.12.3,0.13.2,2.4.6,1.18.0,3.0.5,0.66.0,1.0.0,0.12.0,0.5.12,0.6.0,7.2.2,3.16.0
"laptop, every tool, no UMAP (Polariseq under Scanpy's steps)",brain200k__polariseq-spill__rep2__20260928T134738,2026-09-28T13:47:38,brain200k,200000,27998,401853182,polariseq-spill,Polariseq (out-of-core),,2,ok,,4,6.0,False,2000,50,15,1.0,200,0,13.638,0,,,,,,,,,,,0.0,1.678,2.951,1.663,2.932,197901,2000,27,spill,4,Apple M2,8.59,Darwin 23.4.0,3.14.6,0.1.0b1,1.12.3,0.13.2,2.4.6,1.18.0,3.0.5,0.66.0,1.0.0,0.12.0,0.5.12,0.6.0,7.2.2,3.16.0
"laptop, every tool, no UMAP (Polariseq under Scanpy's steps)",brain200k__polariseq-spill__rep3__20260928T134817,2026-09-28T13:48:17,brain200k,200000,27998,401853182,polariseq-spill,Polariseq (out-of-core),,3,ok,,4,6.0,False,2000,50,15,1.0,200,0,13.367,0,,,,,,,,,,,0.0,1.687,3.026,1.453,2.956,197901,2000,27,spill,4,Apple M2,8.59,Darwin 23.4.0,3.14.6,0.1.0b1,1.12.3,0.13.2,2.4.6,1.18.0,3.0.5,0.66.0,1.0.0,0.12.0,0.5.12,0.6.0,7.2.2,3.16.0
"laptop, every tool, no UMAP (Polariseq under Scanpy's steps)",brain200k__scanpy-tuned__rep1__20260926T194022,2026-09-26T19:40:22,brain200k,200000,27998,401853182,scanpy-tuned,scanpy (tuned),,1,ok,,4,6.0,False,2000,50,15,1.0,200,0,78.99,56.816,1.6575,9.7472,16.4215,1.7872,1.462,6.7362,,8.8578,4.4801,5.666,0.0,10.77,4.338,4.302,1.278,197901,2000,27,ram,,Apple M2,8.59,Darwin 23.4.0,3.14.6,0.1.0b1,1.12.3,0.13.2,2.4.6,1.18.0,3.0.5,0.66.0,1.0.0,0.12.0,0.5.12,0.6.0,7.2.2,3.16.0
"laptop, every tool, no UMAP (Polariseq under Scanpy's steps)",brain200k__scanpy-tuned__rep2__20260929T005506,2026-09-29T00:55:06,brain200k,200000,27998,401853182,scanpy-tuned,scanpy (tuned),,2,ok,,4,6.0,False,2000,50,15,1.0,200,0,71.066,48.463,1.4214,8.2034,12.0748,1.5152,1.2701,5.6945,,8.3985,4.3679,5.5176,0.0,10.783,5.683,5.572,1.32,197901,2000,27,ram,,Apple M2,8.59,Darwin 23.4.0,3.14.6,0.1.0b1,1.12.3,0.13.2,2.4.6,1.18.0,3.0.5,0.66.0,1.0.0,0.12.0,0.5.12,0.6.0,7.2.2,3.16.0
"laptop, every tool, no UMAP (Polariseq under Scanpy's steps)",brain200k__scanpy-tuned__rep3__20260926T201350,2026-09-26T20:13:50,brain200k,200000,27998,401853182,scanpy-tuned,scanpy (tuned),,3,ok,,4,6.0,False,2000,50,15,1.0,200,0,74.16,52.035,1.399,7.8898,14.1165,1.5702,1.3991,6.3948,,8.5564,4.8306,5.8789,0.0,10.758,5.269,5.185,1.2,197901,2000,27,ram,,Apple M2,8.59,Darwin 23.4.0,3.14.6,0.1.0b1,1.12.3,0.13.2,2.4.6,1.18.0,3.0.5,0.66.0,1.0.0,0.12.0,0.5.12,0.6.0,7.2.2,3.16.0
"laptop, every tool, no UMAP (Polariseq under Scanpy's steps)",brain200k__scarf__rep1__20260927T040610,2026-09-27T04:06:10,brain200k,200000,27998,401853182,scarf,"Scarf (Zarr, out-of-core)",,1,ok,,4,6.0,False,2000,50,15,1.0,200,0,345.349,308.07,29.4766,0.0,0.0045,0.0,0.0,42.3621,,209.7686,0.0,26.4577,0.0,0.853,2.471,0.393,3.359,197901,2000,31,zarr,,Apple M2,8.59,Darwin 23.4.0,3.14.6,0.1.0b1,1.12.3,0.13.2,2.4.6,1.18.0,3.0.5,0.66.0,1.0.0,0.12.0,0.5.12,0.6.0,7.2.2,3.16.0
"laptop, every tool, no UMAP (Polariseq under Scanpy's steps)",brain200k__scarf__rep2__20260927T041711,2026-09-27T04:17:11,brain200k,200000,27998,401853182,scarf,"Scarf (Zarr, out-of-core)",,2,ok,,4,6.0,False,2000,50,15,1.0,200,0,359.122,320.964,29.4031,0.0,0.0054,0.0,0.0,43.3715,,221.2292,0.0,26.9545,0.0,0.866,2.506,0.392,3.251,197901,2000,31,zarr,,Apple M2,8.59,Darwin 23.4.0,3.14.6,0.1.0b1,1.12.3,0.13.2,2.4.6,1.18.0,3.0.5,0.66.0,1.0.0,0.12.0,0.5.12,0.6.0,7.2.2,3.16.0
"laptop, every tool, no UMAP (Polariseq under Scanpy's steps)",brain200k__scarf__rep3__20260927T042313,2026-09-27T04:23:13,brain200k,200000,27998,401853182,scarf,"Scarf (Zarr, out-of-core)",,3,ok,,4,6.0,False,2000,50,15,1.0,200,0,358.179,321.027,29.2996,0.0,0.0048,0.0,0.0,42.8579,,222.06,0.0,26.8043,0.0,0.869,2.474,0.392,3.203,197901,2000,31,zarr,,Apple M2,8.59,Darwin 23.4.0,3.14.6,0.1.0b1,1.12.3,0.13.2,2.4.6,1.18.0,3.0.5,0.66.0,1.0.0,0.12.0,0.5.12,0.6.0,7.2.2,3.16.0
"laptop, every tool, no UMAP (Polariseq under Scanpy's steps)",brain200k__seurat-bpcells__rep1__20260927T160700,2026-09-27T16:07:00,brain200k,200000,27998,401853182,seurat-bpcells,"Seurat (BPCells, disk-backed)",,1,ok,,4,6.0,False,2000,50,15,1.0,200,0,357.646,342.768,4.2915,0.7801,1.2184,4.4891,0.0,4.7605,,250.5658,33.8329,42.8301,0.0,3.679,3.718,0.136,2.714,197901,2000,31,bpcells,,Apple M2,8.59,Darwin 23.4.0,3.14.6,0.1.0b1,1.12.3,0.13.2,2.4.6,1.18.0,3.0.5,0.66.0,1.0.0,0.12.0,0.5.12,0.6.0,7.2.2,3.16.0
"laptop, every tool, no UMAP (Polariseq under Scanpy's steps)",brain200k__seurat-bpcells__rep2__20260927T161830,2026-09-27T16:18:30,brain200k,200000,27998,401853182,seurat-bpcells,"Seurat (BPCells, disk-backed)",,2,ok,,4,6.0,False,2000,50,15,1.0,200,0,356.902,342.222,4.3091,0.773,1.2007,4.4662,0.0,4.7404,,250.2642,33.7253,42.7434,0.0,3.639,3.705,0.119,2.945,197901,2000,31,bpcells,,Apple M2,8.59,Darwin 23.4.0,3.14.6,0.1.0b1,1.12.3,0.13.2,2.4.6,1.18.0,3.0.5,0.66.0,1.0.0,0.12.0,0.5.12,0.6.0,7.2.2,3.16.0
"laptop, every tool, no UMAP (Polariseq under Scanpy's steps)",brain200k__seurat-bpcells__rep3__20260927T162429,2026-09-27T16:24:29,brain200k,200000,27998,401853182,seurat-bpcells,"Seurat (BPCells, disk-backed)",,3,ok,,4,6.0,False,2000,50,15,1.0,200,0,356.077,341.655,4.3615,0.7788,1.2112,4.4825,0.0,4.784,,249.6508,33.7941,42.5918,0.0,3.463,3.703,0.119,2.85,197901,2000,31,bpcells,,Apple M2,8.59,Darwin 23.4.0,3.14.6,0.1.0b1,1.12.3,0.13.2,2.4.6,1.18.0,3.0.5,0.66.0,1.0.0,0.12.0,0.5.12,0.6.0,7.2.2,3.16.0
"laptop, every tool, no UMAP (Polariseq under Scanpy's steps)",brain200k__seurat-tuned__rep1__20260927T124603,2026-09-27T12:46:03,brain200k,200000,27998,401853182,seurat-tuned,Seurat (tuned),,1,ok,,4,6.0,False,2000,50,15,1.0,200,0,718.589,694.603,32.2279,16.7857,21.5276,98.7494,0.0,46.1179,,400.4271,34.351,44.4166,0.0,31.18,4.834,3.108,0.553,197901,2000,33,ram,,Apple M2,8.59,Darwin 23.4.0,3.14.6,0.1.0b1,1.12.3,0.13.2,2.4.6,1.18.0,3.0.5,0.66.0,1.0.0,0.12.0,0.5.12,0.6.0,7.2.2,3.16.0
"laptop, every tool, no UMAP (Polariseq under Scanpy's steps)",brain200k__seurat-tuned__rep2__20260929T012916,2026-09-29T01:29:16,brain200k,200000,27998,401853182,seurat-tuned,Seurat (tuned),,2,exceeds_memory,"stopped when its footprint passed 12.9 GB, the campaign's limit (1.5x installed memory)",4,6.0,False,2000,50,15,1.0,200,0,15.738,,,,,,,,,,,,,12.981,3.3,,1.661,,,,,,Apple M2,8.59,Darwin 23.4.0,3.14.6,0.1.0b1,1.12.3,0.13.2,2.4.6,1.18.0,3.0.5,0.66.0,1.0.0,0.12.0,0.5.12,0.6.0,7.2.2,3.16.0
"laptop, every tool, no UMAP (Polariseq under Scanpy's steps)",brain200k__seurat-tuned__rep3__20260927T134321,2026-09-27T13:43:21,brain200k,200000,27998,401853182,seurat-tuned,Seurat (tuned),,3,ok,,4,6.0,False,2000,50,15,1.0,200,0,593.421,576.759,26.8805,12.8275,14.9511,66.9034,0.0,45.2714,,332.362,33.5096,44.0539,0.0,31.209,5.273,3.226,1.228,197901,2000,33,ram,,Apple M2,8.59,Darwin 23.4.0,3.14.6,0.1.0b1,1.12.3,0.13.2,2.4.6,1.18.0,3.0.5,0.66.0,1.0.0,0.12.0,0.5.12,0.6.0,7.2.2,3.16.0
"laptop, every tool, no UMAP (Polariseq under Scanpy's steps)",brain300k__bpcells-native__rep1__20260927T015522,2026-09-27T01:55:22,brain300k,300000,27998,602912005,bpcells-native,"BPCells (native, disk-backed)",,1,ok,,4,6.0,False,2000,50,15,1.0,200,0,68.269,49.316,0.0736,2.5038,0.0269,0.0819,0.0008,1.8477,,6.1239,34.7332,3.9247,0.0,1.347,2.508,0.189,3.273,296853,2000,28,bpcells,,Apple M2,8.59,Darwin 23.4.0,3.14.6,0.1.0b1,1.12.3,0.13.2,2.4.6,1.18.0,3.0.5,0.66.0,1.0.0,0.12.0,0.5.12,0.6.0,7.2.2,3.16.0
"laptop, every tool, no UMAP (Polariseq under Scanpy's steps)",brain300k__bpcells-native__rep2__20260927T020020,2026-09-27T02:00:20,brain300k,300000,27998,602912005,bpcells-native,"BPCells (native, disk-backed)",,2,ok,,4,6.0,False,2000,50,15,1.0,200,0,68.828,49.522,0.0753,2.501,0.0265,0.0813,0.0008,1.7921,,6.2249,34.88,3.9398,0.0,1.326,2.57,0.185,3.255,296853,2000,28,bpcells,,Apple M2,8.59,Darwin 23.4.0,3.14.6,0.1.0b1,1.12.3,0.13.2,2.4.6,1.18.0,3.0.5,0.66.0,1.0.0,0.12.0,0.5.12,0.6.0,7.2.2,3.16.0
"laptop, every tool, no UMAP (Polariseq under Scanpy's steps)",brain300k__bpcells-native__rep3__20260927T020131,2026-09-27T02:01:31,brain300k,300000,27998,602912005,bpcells-native,"BPCells (native, disk-backed)",,3,ok,,4,6.0,False,2000,50,15,1.0,200,0,68.744,49.632,0.0751,2.5626,0.0265,0.0814,0.0008,1.9719,,6.187,34.8285,3.8984,0.0,1.348,2.5,0.184,3.233,296853,2000,29,bpcells,,Apple M2,8.59,Darwin 23.4.0,3.14.6,0.1.0b1,1.12.3,0.13.2,2.4.6,1.18.0,3.0.5,0.66.0,1.0.0,0.12.0,0.5.12,0.6.0,7.2.2,3.16.0
"laptop, every tool, no UMAP (Polariseq under Scanpy's steps)",brain300k__polariseq-ram__rep1__20260928T134832,2026-09-28T13:48:32,brain300k,300000,27998,602912005,polariseq-ram,Polariseq (in-RAM),,1,ok,,4,6.0,False,2000,50,15,1.0,200,0,17.864,17.372,2.9872,0.724,1.1366,0.3428,0.4022,2.1334,,2.5426,5.3117,1.7915,0.0,5.336,4.007,4.019,1.968,296853,2000,29,ram,4,Apple M2,8.59,Darwin 23.4.0,3.14.6,0.1.0b1,1.12.3,0.13.2,2.4.6,1.18.0,3.0.5,0.66.0,1.0.0,0.12.0,0.5.12,0.6.0,7.2.2,3.16.0
"laptop, every tool, no UMAP (Polariseq under Scanpy's steps)",brain300k__polariseq-ram__rep2__20260928T134948,2026-09-28T13:49:48,brain300k,300000,27998,602912005,polariseq-ram,Polariseq (in-RAM),,2,ok,,4,6.0,False,2000,50,15,1.0,200,0,18.047,17.542,2.9999,0.7143,1.1115,0.3449,0.3935,2.1826,,2.5474,5.438,1.8103,0.0,5.331,3.949,3.939,1.964,296853,2000,29,ram,4,Apple M2,8.59,Darwin 23.4.0,3.14.6,0.1.0b1,1.12.3,0.13.2,2.4.6,1.18.0,3.0.5,0.66.0,1.0.0,0.12.0,0.5.12,0.6.0,7.2.2,3.16.0
"laptop, every tool, no UMAP (Polariseq under Scanpy's steps)",brain300k__polariseq-ram__rep3__20260928T135009,2026-09-28T13:50:09,brain300k,300000,27998,602912005,polariseq-ram,Polariseq (in-RAM),,3,ok,,4,6.0,False,2000,50,15,1.0,200,0,17.71,17.101,2.8164,0.6913,1.0792,0.3331,0.3906,2.0468,,2.5668,5.3814,1.7957,0.0,5.338,4.067,4.038,1.978,296853,2000,29,ram,4,Apple M2,8.59,Darwin 23.4.0,3.14.6,0.1.0b1,1.12.3,0.13.2,2.4.6,1.18.0,3.0.5,0.66.0,1.0.0,0.12.0,0.5.12,0.6.0,7.2.2,3.16.0
"laptop, every tool, no UMAP (Polariseq under Scanpy's steps)",brain300k__polariseq-spill__rep1__20260928T134852,2026-09-28T13:48:52,brain300k,300000,27998,602912005,polariseq-spill,Polariseq (out-of-core),,1,ok,,4,6.0,False,2000,50,15,1.0,200,0,25.967,0,,,,,,,,,,,0.0,1.664,2.855,1.429,2.88,296853,2000,29,spill,4,Apple M2,8.59,Darwin 23.4.0,3.14.6,0.1.0b1,1.12.3,0.13.2,2.4.6,1.18.0,3.0.5,0.66.0,1.0.0,0.12.0,0.5.12,0.6.0,7.2.2,3.16.0
"laptop, every tool, no UMAP (Polariseq under Scanpy's steps)",brain300k__polariseq-spill__rep2__20260928T134921,2026-09-28T13:49:21,brain300k,300000,27998,602912005,polariseq-spill,Polariseq (out-of-core),,2,ok,,4,6.0,False,2000,50,15,1.0,200,0,24.962,0,,,,,,,,,,,0.0,1.673,2.94,1.594,2.9,296853,2000,29,spill,4,Apple M2,8.59,Darwin 23.4.0,3.14.6,0.1.0b1,1.12.3,0.13.2,2.4.6,1.18.0,3.0.5,0.66.0,1.0.0,0.12.0,0.5.12,0.6.0,7.2.2,3.16.0
"laptop, every tool, no UMAP (Polariseq under Scanpy's steps)",brain300k__polariseq-spill__rep3__20260928T135029,2026-09-28T13:50:29,brain300k,300000,27998,602912005,polariseq-spill,Polariseq (out-of-core),,3,ok,,4,6.0,False,2000,50,15,1.0,200,0,26.326,0,,,,,,,,,,,0.0,1.668,3.051,1.61,2.995,296853,2000,29,spill,4,Apple M2,8.59,Darwin 23.4.0,3.14.6,0.1.0b1,1.12.3,0.13.2,2.4.6,1.18.0,3.0.5,0.66.0,1.0.0,0.12.0,0.5.12,0.6.0,7.2.2,3.16.0
"laptop, every tool, no UMAP (Polariseq under Scanpy's steps)",brain300k__scanpy-tuned__rep1__20260926T215502,2026-09-26T21:55:02,brain300k,300000,27998,602912005,scanpy-tuned,scanpy (tuned),,1,ok,,4,6.0,False,2000,50,15,1.0,200,0,170.299,146.254,2.6315,18.6809,64.408,4.3284,2.1895,25.4671,,12.7125,7.0044,8.8318,0.0,15.834,4.915,4.887,1.23,296853,2000,26,ram,,Apple M2,8.59,Darwin 23.4.0,3.14.6,0.1.0b1,1.12.3,0.13.2,2.4.6,1.18.0,3.0.5,0.66.0,1.0.0,0.12.0,0.5.12,0.6.0,7.2.2,3.16.0
"laptop, every tool, no UMAP (Polariseq under Scanpy's steps)",brain300k__scanpy-tuned__rep2__20260929T010218,2026-09-29T01:02:18,brain300k,300000,27998,602912005,scanpy-tuned,scanpy (tuned),,2,exceeds_memory,"stopped when its footprint passed 12.9 GB, the campaign's limit (1.5x installed memory)",4,6.0,False,2000,50,15,1.0,200,0,43.72,,,,,,,,,,,,,13.01,5.031,,1.328,,,,,,Apple M2,8.59,Darwin 23.4.0,3.14.6,0.1.0b1,1.12.3,0.13.2,2.4.6,1.18.0,3.0.5,0.66.0,1.0.0,0.12.0,0.5.12,0.6.0,7.2.2,3.16.0
"laptop, every tool, no UMAP (Polariseq under Scanpy's steps)",brain300k__scarf__rep1__20260927T043430,2026-09-27T04:34:30,brain300k,300000,27998,602912005,scarf,"Scarf (Zarr, out-of-core)",,1,ok,,4,6.0,False,2000,50,15,1.0,200,0,554.067,502.254,47.1178,0.0,0.0077,0.0,0.0,67.8977,,343.1001,0.0,44.1307,0.0,1.306,3.003,0.391,3.006,296853,2000,31,zarr,,Apple M2,8.59,Darwin 23.4.0,3.14.6,0.1.0b1,1.12.3,0.13.2,2.4.6,1.18.0,3.0.5,0.66.0,1.0.0,0.12.0,0.5.12,0.6.0,7.2.2,3.16.0
"laptop, every tool, no UMAP (Polariseq under Scanpy's steps)",brain300k__scarf__rep2__20260927T044903,2026-09-27T04:49:03,brain300k,300000,27998,602912005,scarf,"Scarf (Zarr, out-of-core)",,2,ok,,4,6.0,False,2000,50,15,1.0,200,0,545.373,494.539,45.2078,0.0,0.0061,0.0,0.0,66.1575,,339.0474,0.0,44.1202,0.0,1.307,2.946,0.391,3.184,296853,2000,31,zarr,,Apple M2,8.59,Darwin 23.4.0,3.14.6,0.1.0b1,1.12.3,0.13.2,2.4.6,1.18.0,3.0.5,0.66.0,1.0.0,0.12.0,0.5.12,0.6.0,7.2.2,3.16.0
"laptop, every tool, no UMAP (Polariseq under Scanpy's steps)",brain300k__scarf__rep3__20260927T045811,2026-09-27T04:58:11,brain300k,300000,27998,602912005,scarf,"Scarf (Zarr, out-of-core)",,3,ok,,4,6.0,False,2000,50,15,1.0,200,0,546.313,496.299,46.2094,0.0,0.0065,0.0,0.0,66.6587,,339.425,0.0,43.9996,0.0,1.311,2.975,0.392,3.127,296853,2000,31,zarr,,Apple M2,8.59,Darwin 23.4.0,3.14.6,0.1.0b1,1.12.3,0.13.2,2.4.6,1.18.0,3.0.5,0.66.0,1.0.0,0.12.0,0.5.12,0.6.0,7.2.2,3.16.0
"laptop, every tool, no UMAP (Polariseq under Scanpy's steps)",brain300k__seurat-bpcells__rep1__20260927T163554,2026-09-27T16:35:54,brain300k,300000,27998,602912005,seurat-bpcells,"Seurat (BPCells, disk-backed)",,1,ok,,4,6.0,False,2000,50,15,1.0,200,0,545.406,521.928,6.2356,1.1529,1.9556,6.3805,0.0,6.9134,,375.0405,53.6592,70.5903,0.0,5.006,3.666,0.135,1.811,296853,2000,33,bpcells,,Apple M2,8.59,Darwin 23.4.0,3.14.6,0.1.0b1,1.12.3,0.13.2,2.4.6,1.18.0,3.0.5,0.66.0,1.0.0,0.12.0,0.5.12,0.6.0,7.2.2,3.16.0
"laptop, every tool, no UMAP (Polariseq under Scanpy's steps)",brain300k__seurat-bpcells__rep2__20260929T020910,2026-09-29T02:09:10,brain300k,300000,27998,602912005,seurat-bpcells,"Seurat (BPCells, disk-backed)",,2,ok,,4,6.0,False,2000,50,15,1.0,200,0,552.309,524.463,6.3051,1.1686,2.0029,6.437,0.0,6.9213,,376.7691,54.2577,70.6012,0.0,4.949,3.462,0.13,1.956,296853,2000,33,bpcells,,Apple M2,8.59,Darwin 23.4.0,3.14.6,0.1.0b1,1.12.3,0.13.2,2.4.6,1.18.0,3.0.5,0.66.0,1.0.0,0.12.0,0.5.12,0.6.0,7.2.2,3.16.0
"laptop, every tool, no UMAP (Polariseq under Scanpy's steps)",brain300k__seurat-bpcells__rep3__20260929T021825,2026-09-29T02:18:25,brain300k,300000,27998,602912005,seurat-bpcells,"Seurat (BPCells, disk-backed)",,3,ok,,4,6.0,False,2000,50,15,1.0,200,0,552.828,526.125,6.3481,1.1632,2.0219,6.4058,0.0,6.9368,,377.1804,54.7102,71.3582,0.0,4.963,3.701,0.154,2.031,296853,2000,33,bpcells,,Apple M2,8.59,Darwin 23.4.0,3.14.6,0.1.0b1,1.12.3,0.13.2,2.4.6,1.18.0,3.0.5,0.66.0,1.0.0,0.12.0,0.5.12,0.6.0,7.2.2,3.16.0
"laptop, every tool, no UMAP (Polariseq under Scanpy's steps)",brain300k__seurat-tuned__rep1__20260927T135848,2026-09-27T13:58:48,brain300k,300000,27998,602912005,seurat-tuned,Seurat (tuned),,1,ok,,4,6.0,False,2000,50,15,1.0,200,0,1530.926,1504.186,70.3797,86.5503,65.6529,173.0016,0.0,158.7715,,827.1992,53.8928,68.7382,0.0,46.474,4.995,3.563,0.455,296853,2000,33,ram,,Apple M2,8.59,Darwin 23.4.0,3.14.6,0.1.0b1,1.12.3,0.13.2,2.4.6,1.18.0,3.0.5,0.66.0,1.0.0,0.12.0,0.5.12,0.6.0,7.2.2,3.16.0
"laptop, every tool, no UMAP (Polariseq under Scanpy's steps)",brain300k__seurat-tuned__rep2__20260929T013532,2026-09-29T01:35:32,brain300k,300000,27998,602912005,seurat-tuned,Seurat (tuned),,2,exceeds_memory,"stopped when its footprint passed 12.9 GB, the campaign's limit (1.5x installed memory)",4,6.0,False,2000,50,15,1.0,200,0,30.772,,,,,,,,,,,,,13.007,2.769,,1.232,,,,,,Apple M2,8.59,Darwin 23.4.0,3.14.6,0.1.0b1,1.12.3,0.13.2,2.4.6,1.18.0,3.0.5,0.66.0,1.0.0,0.12.0,0.5.12,0.6.0,7.2.2,3.16.0
"laptop, every tool, no UMAP (Polariseq under Scanpy's steps)",brain400k__bpcells-native__rep1__20260927T020628,2026-09-27T02:06:28,brain400k,400000,27998,803920843,bpcells-native,"BPCells (native, disk-backed)",,1,ok,,4,6.0,False,2000,50,15,1.0,200,0,98.828,71.214,0.1003,3.3447,0.0899,0.1042,0.0007,2.5259,,9.0189,50.5394,5.4898,0.0,1.883,3.007,0.186,3.288,395879,2000,29,bpcells,,Apple M2,8.59,Darwin 23.4.0,3.14.6,0.1.0b1,1.12.3,0.13.2,2.4.6,1.18.0,3.0.5,0.66.0,1.0.0,0.12.0,0.5.12,0.6.0,7.2.2,3.16.0
"laptop, every tool, no UMAP (Polariseq under Scanpy's steps)",brain400k__bpcells-native__rep2__20260927T021201,2026-09-27T02:12:01,brain400k,400000,27998,803920843,bpcells-native,"BPCells (native, disk-backed)",,2,ok,,4,6.0,False,2000,50,15,1.0,200,0,99.075,71.256,0.097,3.354,0.0948,0.1056,0.0007,2.4593,,8.9291,50.7762,5.4394,0.0,1.863,2.834,0.217,3.316,395879,2000,28,bpcells,,Apple M2,8.59,Darwin 23.4.0,3.14.6,0.1.0b1,1.12.3,0.13.2,2.4.6,1.18.0,3.0.5,0.66.0,1.0.0,0.12.0,0.5.12,0.6.0,7.2.2,3.16.0
"laptop, every tool, no UMAP (Polariseq under Scanpy's steps)",brain400k__bpcells-native__rep3__20260927T021343,2026-09-27T02:13:43,brain400k,400000,27998,803920843,bpcells-native,"BPCells (native, disk-backed)",,3,ok,,4,6.0,False,2000,50,15,1.0,200,0,99.086,71.489,0.0992,3.3415,0.0914,0.1054,0.0007,2.4252,,9.0252,50.9108,5.4892,0.0,1.877,2.925,0.166,3.276,395879,2000,28,bpcells,,Apple M2,8.59,Darwin 23.4.0,3.14.6,0.1.0b1,1.12.3,0.13.2,2.4.6,1.18.0,3.0.5,0.66.0,1.0.0,0.12.0,0.5.12,0.6.0,7.2.2,3.16.0
"laptop, every tool, no UMAP (Polariseq under Scanpy's steps)",brain400k__polariseq-ram__rep1__20260928T135058,2026-09-28T13:50:58,brain400k,400000,27998,803920843,polariseq-ram,Polariseq (in-RAM),,1,ok,,4,6.0,False,2000,50,15,1.0,200,0,25.643,25.016,4.4762,1.1754,1.7894,0.8016,0.6744,3.0923,,2.9789,7.4527,2.5754,0.0,7.083,4.367,4.356,1.363,395879,2000,30,ram,4,Apple M2,8.59,Darwin 23.4.0,3.14.6,0.1.0b1,1.12.3,0.13.2,2.4.6,1.18.0,3.0.5,0.66.0,1.0.0,0.12.0,0.5.12,0.6.0,7.2.2,3.16.0
"laptop, every tool, no UMAP (Polariseq under Scanpy's steps)",brain400k__polariseq-ram__rep2__20260928T135244,2026-09-28T13:52:44,brain400k,400000,27998,803920843,polariseq-ram,Polariseq (in-RAM),,2,ok,,4,6.0,False,2000,50,15,1.0,200,0,25.521,24.979,4.0835,1.1825,1.8275,0.9668,0.7725,3.1721,,2.9723,7.4076,2.5942,0.0,7.08,4.395,4.375,1.544,395879,2000,30,ram,4,Apple M2,8.59,Darwin 23.4.0,3.14.6,0.1.0b1,1.12.3,0.13.2,2.4.6,1.18.0,3.0.5,0.66.0,1.0.0,0.12.0,0.5.12,0.6.0,7.2.2,3.16.0
"laptop, every tool, no UMAP (Polariseq under Scanpy's steps)",brain400k__polariseq-ram__rep3__20260928T135313,2026-09-28T13:53:13,brain400k,400000,27998,803920843,polariseq-ram,Polariseq (in-RAM),,3,ok,,4,6.0,False,2000,50,15,1.0,200,0,25.768,25.048,4.1702,1.2155,1.8661,0.8959,0.7132,3.0588,,2.9831,7.5615,2.5833,0.0,7.081,4.48,4.456,1.515,395879,2000,30,ram,4,Apple M2,8.59,Darwin 23.4.0,3.14.6,0.1.0b1,1.12.3,0.13.2,2.4.6,1.18.0,3.0.5,0.66.0,1.0.0,0.12.0,0.5.12,0.6.0,7.2.2,3.16.0
"laptop, every tool, no UMAP (Polariseq under Scanpy's steps)",brain400k__polariseq-spill__rep1__20260928T135126,2026-09-28T13:51:26,brain400k,400000,27998,803920843,polariseq-spill,Polariseq (out-of-core),,1,ok,,4,6.0,False,2000,50,15,1.0,200,0,36.139,0,,,,,,,,,,,0.0,1.757,3.129,1.638,3.17,395879,2000,30,spill,4,Apple M2,8.59,Darwin 23.4.0,3.14.6,0.1.0b1,1.12.3,0.13.2,2.4.6,1.18.0,3.0.5,0.66.0,1.0.0,0.12.0,0.5.12,0.6.0,7.2.2,3.16.0
"laptop, every tool, no UMAP (Polariseq under Scanpy's steps)",brain400k__polariseq-spill__rep2__20260928T135206,2026-09-28T13:52:06,brain400k,400000,27998,803920843,polariseq-spill,Polariseq (out-of-core),,2,ok,,4,6.0,False,2000,50,15,1.0,200,0,35.42,0,,,,,,,,,,,0.0,1.78,3.012,1.746,3.169,395879,2000,30,spill,4,Apple M2,8.59,Darwin 23.4.0,3.14.6,0.1.0b1,1.12.3,0.13.2,2.4.6,1.18.0,3.0.5,0.66.0,1.0.0,0.12.0,0.5.12,0.6.0,7.2.2,3.16.0
"laptop, every tool, no UMAP (Polariseq under Scanpy's steps)",brain400k__polariseq-spill__rep3__20260928T135341,2026-09-28T13:53:41,brain400k,400000,27998,803920843,polariseq-spill,Polariseq (out-of-core),,3,ok,,4,6.0,False,2000,50,15,1.0,200,0,39.264,0,,,,,,,,,,,0.0,1.859,2.92,1.664,3.164,395879,2000,30,spill,4,Apple M2,8.59,Darwin 23.4.0,3.14.6,0.1.0b1,1.12.3,0.13.2,2.4.6,1.18.0,3.0.5,0.66.0,1.0.0,0.12.0,0.5.12,0.6.0,7.2.2,3.16.0
"laptop, every tool, no UMAP (Polariseq under Scanpy's steps)",brain400k__scanpy-tuned__rep1__20260926T230623,2026-09-26T23:06:23,brain400k,400000,27998,803920843,scanpy-tuned,scanpy (tuned),,1,ok,,4,6.0,False,2000,50,15,1.0,200,0,402.975,380.115,3.8431,90.6467,169.6555,9.3804,4.337,65.1842,,16.4878,9.11,11.4703,0.0,20.898,4.072,4.054,0.589,395879,2000,29,ram,,Apple M2,8.59,Darwin 23.4.0,3.14.6,0.1.0b1,1.12.3,0.13.2,2.4.6,1.18.0,3.0.5,0.66.0,1.0.0,0.12.0,0.5.12,0.6.0,7.2.2,3.16.0
"laptop, every tool, no UMAP (Polariseq under Scanpy's steps)",brain400k__scanpy-tuned__rep2__20260929T010905,2026-09-29T01:09:05,brain400k,400000,27998,803920843,scanpy-tuned,scanpy (tuned),,2,exceeds_memory,"stopped when its footprint passed 12.9 GB, the campaign's limit (1.5x installed memory)",4,6.0,False,2000,50,15,1.0,200,0,50.683,,,,,,,,,,,,,12.895,2.898,,1.309,,,,,,Apple M2,8.59,Darwin 23.4.0,3.14.6,0.1.0b1,1.12.3,0.13.2,2.4.6,1.18.0,3.0.5,0.66.0,1.0.0,0.12.0,0.5.12,0.6.0,7.2.2,3.16.0
"laptop, every tool, no UMAP (Polariseq under Scanpy's steps)",brain400k__scarf__rep1__20260927T051234,2026-09-27T05:12:34,brain400k,400000,27998,803920843,scarf,"Scarf (Zarr, out-of-core)",,1,ok,,4,6.0,False,2000,50,15,1.0,200,0,735.398,672.655,60.203,0.0,0.0081,0.0,0.0,87.0726,,459.4872,0.0,65.8841,0.0,1.674,3.384,0.394,3.207,395879,2000,32,zarr,,Apple M2,8.59,Darwin 23.4.0,3.14.6,0.1.0b1,1.12.3,0.13.2,2.4.6,1.18.0,3.0.5,0.66.0,1.0.0,0.12.0,0.5.12,0.6.0,7.2.2,3.16.0
"laptop, every tool, no UMAP (Polariseq under Scanpy's steps)",brain400k__scarf__rep2__20260927T053005,2026-09-27T05:30:05,brain400k,400000,27998,803920843,scarf,"Scarf (Zarr, out-of-core)",,2,ok,,4,6.0,False,2000,50,15,1.0,200,0,729.009,666.404,59.5883,0.0,0.0089,0.0,0.0,84.3899,,456.2548,0.0,66.1623,0.0,1.673,3.248,0.391,3.173,395879,2000,32,zarr,,Apple M2,8.59,Darwin 23.4.0,3.14.6,0.1.0b1,1.12.3,0.13.2,2.4.6,1.18.0,3.0.5,0.66.0,1.0.0,0.12.0,0.5.12,0.6.0,7.2.2,3.16.0
"laptop, every tool, no UMAP (Polariseq under Scanpy's steps)",brain400k__scarf__rep3__20260927T054217,2026-09-27T05:42:17,brain400k,400000,27998,803920843,scarf,"Scarf (Zarr, out-of-core)",,3,ok,,4,6.0,False,2000,50,15,1.0,200,0,740.213,677.331,61.7154,0.0,0.0075,0.0,0.0,88.7454,,461.072,0.0,65.7908,0.0,1.687,3.231,0.391,3.152,395879,2000,32,zarr,,Apple M2,8.59,Darwin 23.4.0,3.14.6,0.1.0b1,1.12.3,0.13.2,2.4.6,1.18.0,3.0.5,0.66.0,1.0.0,0.12.0,0.5.12,0.6.0,7.2.2,3.16.0
"laptop, every tool, no UMAP (Polariseq under Scanpy's steps)",brain400k__seurat-bpcells__rep1__20260927T181445,2026-09-27T18:14:45,brain400k,400000,27998,803920843,seurat-bpcells,"Seurat (BPCells, disk-backed)",,1,ok,,4,6.0,False,2000,50,15,1.0,200,0,734.698,702.559,8.2469,1.6567,2.3,8.4371,0.0,9.141,,496.6126,74.7613,101.4037,0.0,6.325,4.247,0.164,1.943,395879,2000,34,bpcells,,Apple M2,8.59,Darwin 23.4.0,3.14.6,0.1.0b1,1.12.3,0.13.2,2.4.6,1.18.0,3.0.5,0.66.0,1.0.0,0.12.0,0.5.12,0.6.0,7.2.2,3.16.0
"laptop, every tool, no UMAP (Polariseq under Scanpy's steps)",brain400k__seurat-bpcells__rep2__20260929T023337,2026-09-29T02:33:37,brain400k,400000,27998,803920843,seurat-bpcells,"Seurat (BPCells, disk-backed)",,2,ok,,4,6.0,False,2000,50,15,1.0,200,0,757.602,724.45,8.4493,1.6886,2.3438,8.67,0.0,9.3871,,514.8904,75.3727,103.6479,0.0,6.338,3.591,0.16,1.564,395879,2000,34,bpcells,,Apple M2,8.59,Darwin 23.4.0,3.14.6,0.1.0b1,1.12.3,0.13.2,2.4.6,1.18.0,3.0.5,0.66.0,1.0.0,0.12.0,0.5.12,0.6.0,7.2.2,3.16.0
"laptop, every tool, no UMAP (Polariseq under Scanpy's steps)",brain400k__seurat-bpcells__rep3__20260929T024618,2026-09-29T02:46:18,brain400k,400000,27998,803920843,seurat-bpcells,"Seurat (BPCells, disk-backed)",,3,ok,,4,6.0,False,2000,50,15,1.0,200,0,753.079,717.409,8.6117,1.6814,2.3486,8.6974,0.0,9.4838,,504.3024,76.9112,105.3724,0.0,6.404,3.089,0.15,1.42,395879,2000,34,bpcells,,Apple M2,8.59,Darwin 23.4.0,3.14.6,0.1.0b1,1.12.3,0.13.2,2.4.6,1.18.0,3.0.5,0.66.0,1.0.0,0.12.0,0.5.12,0.6.0,7.2.2,3.16.0
"laptop, every tool, no UMAP (Polariseq under Scanpy's steps)",brain400k__seurat-tuned__rep1__20260929T014251,2026-09-29T01:42:51,brain400k,400000,27998,803920843,seurat-tuned,Seurat (tuned),,1,exceeds_memory,"stopped when its footprint passed 12.9 GB, the campaign's limit (1.5x installed memory)",4,6.0,False,2000,50,15,1.0,200,0,50.813,,,,,,,,,,,,,12.885,1.311,,1.097,,,,,,Apple M2,8.59,Darwin 23.4.0,3.14.6,0.1.0b1,1.12.3,0.13.2,2.4.6,1.18.0,3.0.5,0.66.0,1.0.0,0.12.0,0.5.12,0.6.0,7.2.2,3.16.0
"laptop, every tool, no UMAP (Polariseq under Scanpy's steps)",brain50k__bpcells-native__rep1__20260927T012005,2026-09-27T01:20:05,brain50k,50000,27998,100488310,bpcells-native,"BPCells (native, disk-backed)",,1,ok,,4,6.0,False,2000,50,15,1.0,200,0,16.48,8.308,0.0203,0.53,0.0034,0.0129,0.0011,0.2046,,1.9635,4.9204,0.6517,0.0,0.456,0.779,0.112,2.836,49462,2000,25,bpcells,,Apple M2,8.59,Darwin 23.4.0,3.14.6,0.1.0b1,1.12.3,0.13.2,2.4.6,1.18.0,3.0.5,0.66.0,1.0.0,0.12.0,0.5.12,0.6.0,7.2.2,3.16.0
"laptop, every tool, no UMAP (Polariseq under Scanpy's steps)",brain50k__bpcells-native__rep2__20260927T012544,2026-09-27T01:25:44,brain50k,50000,27998,100488310,bpcells-native,"BPCells (native, disk-backed)",,2,ok,,4,6.0,False,2000,50,15,1.0,200,0,16.78,9.039,0.0208,0.2925,0.0029,0.0114,0.0011,0.2198,,2.4056,5.4527,0.6321,0.0,0.425,0.915,0.114,3.792,49462,2000,26,bpcells,,Apple M2,8.59,Darwin 23.4.0,3.14.6,0.1.0b1,1.12.3,0.13.2,2.4.6,1.18.0,3.0.5,0.66.0,1.0.0,0.12.0,0.5.12,0.6.0,7.2.2,3.16.0
"laptop, every tool, no UMAP (Polariseq under Scanpy's steps)",brain50k__bpcells-native__rep3__20260927T012602,2026-09-27T01:26:02,brain50k,50000,27998,100488310,bpcells-native,"BPCells (native, disk-backed)",,3,ok,,4,6.0,False,2000,50,15,1.0,200,0,15.107,7.797,0.02,0.2899,0.0027,0.0108,0.001,0.201,,1.7709,4.8819,0.6184,0.0,0.438,0.879,0.112,3.715,49462,2000,25,bpcells,,Apple M2,8.59,Darwin 23.4.0,3.14.6,0.1.0b1,1.12.3,0.13.2,2.4.6,1.18.0,3.0.5,0.66.0,1.0.0,0.12.0,0.5.12,0.6.0,7.2.2,3.16.0
"laptop, every tool, no UMAP (Polariseq under Scanpy's steps)",brain50k__polariseq-ram__rep1__20260928T093117,2026-09-28T09:31:17,brain50k,50000,27998,100488310,polariseq-ram,Polariseq (in-RAM),,1,ok,,4,6.0,False,2000,50,15,1.0,200,0,3.07,2.58,0.226,0.0556,0.0493,0.038,0.0789,0.3504,,1.0517,0.5088,0.2215,0.0,0.959,0.97,0.935,3.525,49462,2000,25,ram,4,Apple M2,8.59,Darwin 23.4.0,3.14.6,0.1.0b1,1.12.3,0.13.2,2.4.6,1.18.0,3.0.5,0.66.0,1.0.0,0.12.0,0.5.12,0.6.0,7.2.2,3.16.0
"laptop, every tool, no UMAP (Polariseq under Scanpy's steps)",brain50k__polariseq-ram__rep2__20260928T100158,2026-09-28T10:01:58,brain50k,50000,27998,100488310,polariseq-ram,Polariseq (in-RAM),,2,ok,,4,6.0,False,2000,50,15,1.0,200,0,2.936,2.524,0.2148,0.0553,0.0487,0.0374,0.078,0.3484,,1.0372,0.4762,0.2282,0.0,0.96,0.975,0.927,2.696,49462,2000,25,ram,4,Apple M2,8.59,Darwin 23.4.0,3.14.6,0.1.0b1,1.12.3,0.13.2,2.4.6,1.18.0,3.0.5,0.66.0,1.0.0,0.12.0,0.5.12,0.6.0,7.2.2,3.16.0
"laptop, every tool, no UMAP (Polariseq under Scanpy's steps)",brain50k__polariseq-ram__rep3__20260928T192615,2026-09-28T19:26:15,brain50k,50000,27998,100488310,polariseq-ram,Polariseq (in-RAM),,3,ok,,4,6.0,False,2000,50,15,1.0,200,0,3.048,2.618,0.2483,0.0551,0.0484,0.0376,0.0757,0.3516,,1.0685,0.5043,0.2282,0.0,0.965,1.022,0.943,3.088,49462,2000,25,ram,4,Apple M2,8.59,Darwin 23.4.0,3.14.6,0.1.0b1,1.12.3,0.13.2,2.4.6,1.18.0,3.0.5,0.66.0,1.0.0,0.12.0,0.5.12,0.6.0,7.2.2,3.16.0
"laptop, every tool, no UMAP (Polariseq under Scanpy's steps)",brain50k__polariseq-spill__rep1__20260928T192609,2026-09-28T19:26:09,brain50k,50000,27998,100488310,polariseq-spill,Polariseq (out-of-core),,1,ok,,4,6.0,False,2000,50,15,1.0,200,0,4.316,0,,,,,,,,,,,0.0,2.098,1.574,1.326,2.823,49462,2000,25,spill,4,Apple M2,8.59,Darwin 23.4.0,3.14.6,0.1.0b1,1.12.3,0.13.2,2.4.6,1.18.0,3.0.5,0.66.0,1.0.0,0.12.0,0.5.12,0.6.0,7.2.2,3.16.0
"laptop, every tool, no UMAP (Polariseq under Scanpy's steps)",brain50k__polariseq-spill__rep2__20260928T100132,2026-09-28T10:01:32,brain50k,50000,27998,100488310,polariseq-spill,Polariseq (out-of-core),,2,ok,,4,6.0,False,2000,50,15,1.0,200,0,3.996,0,,,,,,,,,,,0.0,2.075,1.624,1.335,2.493,49462,2000,25,spill,4,Apple M2,8.59,Darwin 23.4.0,3.14.6,0.1.0b1,1.12.3,0.13.2,2.4.6,1.18.0,3.0.5,0.66.0,1.0.0,0.12.0,0.5.12,0.6.0,7.2.2,3.16.0
"laptop, every tool, no UMAP (Polariseq under Scanpy's steps)",brain50k__polariseq-spill__rep3__20260928T192619,2026-09-28T19:26:19,brain50k,50000,27998,100488310,polariseq-spill,Polariseq (out-of-core),,3,ok,,4,6.0,False,2000,50,15,1.0,200,0,3.831,0,,,,,,,,,,,0.0,2.035,1.762,1.392,2.768,49462,2000,25,spill,4,Apple M2,8.59,Darwin 23.4.0,3.14.6,0.1.0b1,1.12.3,0.13.2,2.4.6,1.18.0,3.0.5,0.66.0,1.0.0,0.12.0,0.5.12,0.6.0,7.2.2,3.16.0
"laptop, every tool, no UMAP (Polariseq under Scanpy's steps)",brain50k__scanpy-tuned__rep1__20260926T190339,2026-09-26T19:03:39,brain50k,50000,27998,100488310,scanpy-tuned,scanpy (tuned),,1,ok,,4,6.0,False,2000,50,15,1.0,200,0,30.109,7.8,0.1897,0.9423,0.987,0.1413,0.2551,0.8621,,2.1081,1.2505,1.0638,0.0,3.174,2.696,2.515,2.876,49462,2000,26,ram,,Apple M2,8.59,Darwin 23.4.0,3.14.6,0.1.0b1,1.12.3,0.13.2,2.4.6,1.18.0,3.0.5,0.66.0,1.0.0,0.12.0,0.5.12,0.6.0,7.2.2,3.16.0
"laptop, every tool, no UMAP (Polariseq under Scanpy's steps)",brain50k__scanpy-tuned__rep2__20260926T190449,2026-09-26T19:04:49,brain50k,50000,27998,100488310,scanpy-tuned,scanpy (tuned),,2,ok,,4,6.0,False,2000,50,15,1.0,200,0,29.337,8.007,0.2013,1.2547,0.8714,0.1297,0.255,0.8285,,2.1132,1.249,1.1046,0.0,3.196,2.482,2.472,2.789,49462,2000,26,ram,,Apple M2,8.59,Darwin 23.4.0,3.14.6,0.1.0b1,1.12.3,0.13.2,2.4.6,1.18.0,3.0.5,0.66.0,1.0.0,0.12.0,0.5.12,0.6.0,7.2.2,3.16.0
"laptop, every tool, no UMAP (Polariseq under Scanpy's steps)",brain50k__scanpy-tuned__rep3__20260926T190519,2026-09-26T19:05:19,brain50k,50000,27998,100488310,scanpy-tuned,scanpy (tuned),,3,ok,,4,6.0,False,2000,50,15,1.0,200,0,29.169,7.845,0.187,0.9537,1.0351,0.1298,0.2546,0.8633,,2.12,1.2356,1.0654,0.0,3.173,2.626,2.466,2.681,49462,2000,26,ram,,Apple M2,8.59,Darwin 23.4.0,3.14.6,0.1.0b1,1.12.3,0.13.2,2.4.6,1.18.0,3.0.5,0.66.0,1.0.0,0.12.0,0.5.12,0.6.0,7.2.2,3.16.0
"laptop, every tool, no UMAP (Polariseq under Scanpy's steps)",brain50k__scarf__rep1__20260927T033210,2026-09-27T03:32:10,brain50k,50000,27998,100488310,scarf,"Scarf (Zarr, out-of-core)",,1,ok,,4,6.0,False,2000,50,15,1.0,200,0,93.663,70.666,6.9786,0.0,0.002,0.0,0.0,9.8424,,49.109,0.0,4.7344,0.0,0.483,1.668,0.389,3.976,49462,2000,25,zarr,,Apple M2,8.59,Darwin 23.4.0,3.14.6,0.1.0b1,1.12.3,0.13.2,2.4.6,1.18.0,3.0.5,0.66.0,1.0.0,0.12.0,0.5.12,0.6.0,7.2.2,3.16.0
"laptop, every tool, no UMAP (Polariseq under Scanpy's steps)",brain50k__scarf__rep2__20260927T033847,2026-09-27T03:38:47,brain50k,50000,27998,100488310,scarf,"Scarf (Zarr, out-of-core)",,2,ok,,4,6.0,False,2000,50,15,1.0,200,0,92.34,71.498,7.2098,0.0,0.0025,0.0,0.0,10.0307,,49.4941,0.0,4.7604,0.0,0.496,1.712,0.39,3.258,49462,2000,25,zarr,,Apple M2,8.59,Darwin 23.4.0,3.14.6,0.1.0b1,1.12.3,0.13.2,2.4.6,1.18.0,3.0.5,0.66.0,1.0.0,0.12.0,0.5.12,0.6.0,7.2.2,3.16.0
"laptop, every tool, no UMAP (Polariseq under Scanpy's steps)",brain50k__scarf__rep3__20260927T034020,2026-09-27T03:40:20,brain50k,50000,27998,100488310,scarf,"Scarf (Zarr, out-of-core)",,3,ok,,4,6.0,False,2000,50,15,1.0,200,0,90.379,70.759,7.0147,0.0,0.002,0.0,0.0,9.6697,,49.32,0.0,4.7529,0.0,0.491,1.682,0.392,3.219,49462,2000,25,zarr,,Apple M2,8.59,Darwin 23.4.0,3.14.6,0.1.0b1,1.12.3,0.13.2,2.4.6,1.18.0,3.0.5,0.66.0,1.0.0,0.12.0,0.5.12,0.6.0,7.2.2,3.16.0
"laptop, every tool, no UMAP (Polariseq under Scanpy's steps)",brain50k__seurat-bpcells__rep1__20260927T153102,2026-09-27T15:31:02,brain50k,50000,27998,100488310,seurat-bpcells,"Seurat (BPCells, disk-backed)",,1,ok,,4,6.0,False,2000,50,15,1.0,200,0,91.128,84.776,1.0036,0.2559,0.455,1.2394,0.0,1.517,,64.1436,6.9017,9.2596,0.0,0.975,1.834,0.11,2.523,49462,2000,25,bpcells,,Apple M2,8.59,Darwin 23.4.0,3.14.6,0.1.0b1,1.12.3,0.13.2,2.4.6,1.18.0,3.0.5,0.66.0,1.0.0,0.12.0,0.5.12,0.6.0,7.2.2,3.16.0
"laptop, every tool, no UMAP (Polariseq under Scanpy's steps)",brain50k__seurat-bpcells__rep2__20260927T153806,2026-09-27T15:38:06,brain50k,50000,27998,100488310,seurat-bpcells,"Seurat (BPCells, disk-backed)",,2,ok,,4,6.0,False,2000,50,15,1.0,200,0,91.029,84.406,1.0039,0.2517,0.4396,1.2049,0.0,1.5093,,64.0869,6.7451,9.1649,0.0,0.937,1.985,0.115,3.145,49462,2000,25,bpcells,,Apple M2,8.59,Darwin 23.4.0,3.14.6,0.1.0b1,1.12.3,0.13.2,2.4.6,1.18.0,3.0.5,0.66.0,1.0.0,0.12.0,0.5.12,0.6.0,7.2.2,3.16.0
"laptop, every tool, no UMAP (Polariseq under Scanpy's steps)",brain50k__seurat-bpcells__rep3__20260927T153938,2026-09-27T15:39:38,brain50k,50000,27998,100488310,seurat-bpcells,"Seurat (BPCells, disk-backed)",,3,ok,,4,6.0,False,2000,50,15,1.0,200,0,90.382,84.084,1.001,0.2523,0.4353,1.1911,0.0001,1.5181,,63.7767,6.7394,9.1697,0.0,0.905,2.0,0.11,3.155,49462,2000,25,bpcells,,Apple M2,8.59,Darwin 23.4.0,3.14.6,0.1.0b1,1.12.3,0.13.2,2.4.6,1.18.0,3.0.5,0.66.0,1.0.0,0.12.0,0.5.12,0.6.0,7.2.2,3.16.0
"laptop, every tool, no UMAP (Polariseq under Scanpy's steps)",brain50k__seurat-tuned__rep1__20260927T100307,2026-09-27T10:03:07,brain50k,50000,27998,100488310,seurat-tuned,Seurat (tuned),,1,ok,,4,6.0,False,2000,50,15,1.0,200,0,48.286,39.697,3.3307,1.3492,1.3592,4.9425,0.0,3.7093,,10.0545,6.266,8.6855,0.0,8.255,4.788,1.717,1.455,49462,2000,27,ram,,Apple M2,8.59,Darwin 23.4.0,3.14.6,0.1.0b1,1.12.3,0.13.2,2.4.6,1.18.0,3.0.5,0.66.0,1.0.0,0.12.0,0.5.12,0.6.0,7.2.2,3.16.0
"laptop, every tool, no UMAP (Polariseq under Scanpy's steps)",brain50k__seurat-tuned__rep2__20260929T011603,2026-09-29T01:16:03,brain50k,50000,27998,100488310,seurat-tuned,Seurat (tuned),,2,ok,,4,6.0,False,2000,50,15,1.0,200,0,49.696,42.31,3.6907,1.6066,1.6153,5.1221,0.0,3.9883,,10.5878,6.5298,9.1698,0.0,8.243,4.173,1.717,1.328,49462,2000,27,ram,,Apple M2,8.59,Darwin 23.4.0,3.14.6,0.1.0b1,1.12.3,0.13.2,2.4.6,1.18.0,3.0.5,0.66.0,1.0.0,0.12.0,0.5.12,0.6.0,7.2.2,3.16.0
"laptop, every tool, no UMAP (Polariseq under Scanpy's steps)",brain50k__seurat-tuned__rep3__20260928T225808,2026-09-28T22:58:08,brain50k,50000,27998,100488310,seurat-tuned,Seurat (tuned),,3,ok,,4,6.0,False,2000,50,15,1.0,200,0,44.73,39.149,3.1015,1.2596,1.3078,4.796,0.0,3.469,,10.0773,6.3533,8.7845,0.0,8.235,4.907,1.715,1.432,49462,2000,27,ram,,Apple M2,8.59,Darwin 23.4.0,3.14.6,0.1.0b1,1.12.3,0.13.2,2.4.6,1.18.0,3.0.5,0.66.0,1.0.0,0.12.0,0.5.12,0.6.0,7.2.2,3.16.0
"laptop, every tool, no UMAP (Polariseq under Scanpy's steps)",brain600k__bpcells-native__rep1__20260927T021917,2026-09-27T02:19:17,brain600k,600000,27998,1205611786,bpcells-native,"BPCells (native, disk-backed)",,1,ok,,4,6.0,False,2000,50,15,1.0,200,0,162.558,117.416,0.1758,5.1545,0.1114,0.1343,0.0007,3.7764,,13.6801,85.386,8.9971,0.0,2.95,4.409,0.266,3.318,593766,2000,28,bpcells,,Apple M2,8.59,Darwin 23.4.0,3.14.6,0.1.0b1,1.12.3,0.13.2,2.4.6,1.18.0,3.0.5,0.66.0,1.0.0,0.12.0,0.5.12,0.6.0,7.2.2,3.16.0
"laptop, every tool, no UMAP (Polariseq under Scanpy's steps)",brain600k__polariseq-ram__rep1__20260928T135424,2026-09-28T13:54:24,brain600k,600000,27998,1205611786,polariseq-ram,Polariseq (in-RAM),,1,ok,,4,6.0,False,2000,50,15,1.0,200,0,81.614,81.04,6.6344,6.4109,36.1686,3.163,1.3456,6.7299,,4.2002,12.1938,4.194,0.0,10.557,3.633,3.655,0.6,593766,2000,30,ram,4,Apple M2,8.59,Darwin 23.4.0,3.14.6,0.1.0b1,1.12.3,0.13.2,2.4.6,1.18.0,3.0.5,0.66.0,1.0.0,0.12.0,0.5.12,0.6.0,7.2.2,3.16.0
"laptop, every tool, no UMAP (Polariseq under Scanpy's steps)",brain600k__polariseq-ram__rep2__20260928T135734,2026-09-28T13:57:34,brain600k,600000,27998,1205611786,polariseq-ram,Polariseq (in-RAM),,2,ok,,4,6.0,False,2000,50,15,1.0,200,0,74.555,73.946,6.4304,6.6111,28.022,3.8986,1.381,6.5217,,4.2024,12.7256,4.1531,0.0,10.555,4.581,4.569,0.653,593766,2000,30,ram,4,Apple M2,8.59,Darwin 23.4.0,3.14.6,0.1.0b1,1.12.3,0.13.2,2.4.6,1.18.0,3.0.5,0.66.0,1.0.0,0.12.0,0.5.12,0.6.0,7.2.2,3.16.0
"laptop, every tool, no UMAP (Polariseq under Scanpy's steps)",brain600k__polariseq-ram__rep3__20260928T135853,2026-09-28T13:58:53,brain600k,600000,27998,1205611786,polariseq-ram,Polariseq (in-RAM),,3,ok,,4,6.0,False,2000,50,15,1.0,200,0,69.727,69.102,6.4768,5.9157,24.3668,3.4465,1.2981,6.5858,,4.214,12.6397,4.1582,0.0,10.553,4.121,4.123,0.675,593766,2000,30,ram,4,Apple M2,8.59,Darwin 23.4.0,3.14.6,0.1.0b1,1.12.3,0.13.2,2.4.6,1.18.0,3.0.5,0.66.0,1.0.0,0.12.0,0.5.12,0.6.0,7.2.2,3.16.0
"laptop, every tool, no UMAP (Polariseq under Scanpy's steps)",brain600k__polariseq-spill__rep1__20260928T135549,2026-09-28T13:55:49,brain600k,600000,27998,1205611786,polariseq-spill,Polariseq (out-of-core),,1,ok,,4,6.0,False,2000,50,15,1.0,200,0,48.399,0,,,,,,,,,,,0.0,1.679,2.802,1.651,3.186,593766,2000,30,spill,4,Apple M2,8.59,Darwin 23.4.0,3.14.6,0.1.0b1,1.12.3,0.13.2,2.4.6,1.18.0,3.0.5,0.66.0,1.0.0,0.12.0,0.5.12,0.6.0,7.2.2,3.16.0
"laptop, every tool, no UMAP (Polariseq under Scanpy's steps)",brain600k__polariseq-spill__rep2__20260928T135642,2026-09-28T13:56:42,brain600k,600000,27998,1205611786,polariseq-spill,Polariseq (out-of-core),,2,ok,,4,6.0,False,2000,50,15,1.0,200,0,48.264,0,,,,,,,,,,,0.0,1.665,2.816,1.663,3.211,593766,2000,30,spill,4,Apple M2,8.59,Darwin 23.4.0,3.14.6,0.1.0b1,1.12.3,0.13.2,2.4.6,1.18.0,3.0.5,0.66.0,1.0.0,0.12.0,0.5.12,0.6.0,7.2.2,3.16.0
"laptop, every tool, no UMAP (Polariseq under Scanpy's steps)",brain600k__polariseq-spill__rep3__20260928T140007,2026-09-28T14:00:07,brain600k,600000,27998,1205611786,polariseq-spill,Polariseq (out-of-core),,3,ok,,4,6.0,False,2000,50,15,1.0,200,0,48.461,0,,,,,,,,,,,0.0,1.685,2.753,1.659,3.214,593766,2000,30,spill,4,Apple M2,8.59,Darwin 23.4.0,3.14.6,0.1.0b1,1.12.3,0.13.2,2.4.6,1.18.0,3.0.5,0.66.0,1.0.0,0.12.0,0.5.12,0.6.0,7.2.2,3.16.0
"laptop, every tool, no UMAP (Polariseq under Scanpy's steps)",brain600k__scanpy-tuned__rep1__20260927T002533,2026-09-27T00:25:33,brain600k,600000,27998,1205611786,scanpy-tuned,scanpy (tuned),,1,ok,,4,6.0,False,2000,50,15,1.0,200,0,796.28,772.879,10.9664,237.9162,296.1549,26.5672,9.4881,132.9998,,24.521,14.8355,19.4299,0.0,31.004,4.358,4.348,0.554,593766,2000,29,ram,,Apple M2,8.59,Darwin 23.4.0,3.14.6,0.1.0b1,1.12.3,0.13.2,2.4.6,1.18.0,3.0.5,0.66.0,1.0.0,0.12.0,0.5.12,0.6.0,7.2.2,3.16.0
"laptop, every tool, no UMAP (Polariseq under Scanpy's steps)",brain600k__scarf__rep1__20260927T060000,2026-09-27T06:00:00,brain600k,600000,27998,1205611786,scarf,"Scarf (Zarr, out-of-core)",,1,ok,,4,6.0,False,2000,50,15,1.0,200,0,1130.733,1043.439,94.9757,0.0,0.0097,0.0,0.0,134.9363,,703.8701,0.0,109.6474,0.0,2.538,3.899,0.393,3.115,593766,2000,31,zarr,,Apple M2,8.59,Darwin 23.4.0,3.14.6,0.1.0b1,1.12.3,0.13.2,2.4.6,1.18.0,3.0.5,0.66.0,1.0.0,0.12.0,0.5.12,0.6.0,7.2.2,3.16.0
"laptop, every tool, no UMAP (Polariseq under Scanpy's steps)",brain600k__seurat-bpcells__rep1__20260927T200254,2026-09-27T20:02:54,brain600k,600000,27998,1205611786,seurat-bpcells,"Seurat (BPCells, disk-backed)",,1,ok,,4,6.0,False,2000,50,15,1.0,200,0,1136.704,1088.87,12.7609,2.2714,3.4866,12.7473,0.0,13.1427,,741.6601,118.1737,184.6277,0.0,9.41,5.072,0.186,1.364,593766,2000,35,bpcells,,Apple M2,8.59,Darwin 23.4.0,3.14.6,0.1.0b1,1.12.3,0.13.2,2.4.6,1.18.0,3.0.5,0.66.0,1.0.0,0.12.0,0.5.12,0.6.0,7.2.2,3.16.0
"laptop, every tool, no UMAP (Polariseq under Scanpy's steps)",brain800k__bpcells-native__rep1__20260927T022608,2026-09-27T02:26:08,brain800k,800000,27998,1607496131,bpcells-native,"BPCells (native, disk-backed)",,1,ok,,4,6.0,False,2000,50,15,1.0,200,0,231.988,166.196,0.2635,7.412,0.1486,0.141,0.0008,5.6483,,18.7928,121.2989,12.4897,0.0,3.622,5.042,0.313,3.112,791711,2000,28,bpcells,,Apple M2,8.59,Darwin 23.4.0,3.14.6,0.1.0b1,1.12.3,0.13.2,2.4.6,1.18.0,3.0.5,0.66.0,1.0.0,0.12.0,0.5.12,0.6.0,7.2.2,3.16.0
"laptop, every tool, no UMAP (Polariseq under Scanpy's steps)",brain800k__polariseq-ram__rep1__20260928T140059,2026-09-28T14:00:59,brain800k,800000,27998,1607496131,polariseq-ram,Polariseq (in-RAM),,1,exceeds_memory,"stopped when its footprint passed 12.9 GB, the campaign's limit (1.5x installed memory)",4,6.0,False,2000,50,15,1.0,200,0,9.442,,,,,,,,,,,,,12.881,2.745,,0.612,,,,,,Apple M2,8.59,Darwin 23.4.0,3.14.6,0.1.0b1,1.12.3,0.13.2,2.4.6,1.18.0,3.0.5,0.66.0,1.0.0,0.12.0,0.5.12,0.6.0,7.2.2,3.16.0
"laptop, every tool, no UMAP (Polariseq under Scanpy's steps)",brain800k__polariseq-spill__rep1__20260928T140114,2026-09-28T14:01:14,brain800k,800000,27998,1607496131,polariseq-spill,Polariseq (out-of-core),,1,ok,,4,6.0,False,2000,50,15,1.0,200,0,70.641,0,,,,,,,,,,,0.0,2.063,3.451,1.66,3.208,791711,2000,33,spill,4,Apple M2,8.59,Darwin 23.4.0,3.14.6,0.1.0b1,1.12.3,0.13.2,2.4.6,1.18.0,3.0.5,0.66.0,1.0.0,0.12.0,0.5.12,0.6.0,7.2.2,3.16.0
"laptop, every tool, no UMAP (Polariseq under Scanpy's steps)",brain800k__polariseq-spill__rep2__20260928T140229,2026-09-28T14:02:29,brain800k,800000,27998,1607496131,polariseq-spill,Polariseq (out-of-core),,2,ok,,4,6.0,False,2000,50,15,1.0,200,0,65.291,0,,,,,,,,,,,0.0,2.054,3.412,1.709,3.182,791711,2000,33,spill,4,Apple M2,8.59,Darwin 23.4.0,3.14.6,0.1.0b1,1.12.3,0.13.2,2.4.6,1.18.0,3.0.5,0.66.0,1.0.0,0.12.0,0.5.12,0.6.0,7.2.2,3.16.0
"laptop, every tool, no UMAP (Polariseq under Scanpy's steps)",brain800k__polariseq-spill__rep3__20260928T140341,2026-09-28T14:03:41,brain800k,800000,27998,1607496131,polariseq-spill,Polariseq (out-of-core),,3,ok,,4,6.0,False,2000,50,15,1.0,200,0,66.471,0,,,,,,,,,,,0.0,2.109,3.053,1.742,3.106,791711,2000,33,spill,4,Apple M2,8.59,Darwin 23.4.0,3.14.6,0.1.0b1,1.12.3,0.13.2,2.4.6,1.18.0,3.0.5,0.66.0,1.0.0,0.12.0,0.5.12,0.6.0,7.2.2,3.16.0
"laptop, every tool, no UMAP (Polariseq under Scanpy's steps)",brain800k__scanpy-tuned__rep1__20260927T004030,2026-09-27T00:40:30,brain800k,800000,27998,1607496131,scanpy-tuned,scanpy (tuned),,1,oom,killed by signal 9; likely OOM,4,6.0,False,2000,50,15,1.0,200,0,464.623,,,,,,,,,,,,,40.206,3.07,,0.596,,,,,,Apple M2,8.59,Darwin 23.4.0,3.14.6,0.1.0b1,1.12.3,0.13.2,2.4.6,1.18.0,3.0.5,0.66.0,1.0.0,0.12.0,0.5.12,0.6.0,7.2.2,3.16.0
"laptop, every tool, no UMAP (Polariseq under Scanpy's steps)",brain800k__scarf__rep1__20260927T062411,2026-09-27T06:24:11,brain800k,800000,27998,1607496131,scarf,"Scarf (Zarr, out-of-core)",,1,ok,,4,6.0,False,2000,50,15,1.0,200,0,1434.653,1328.373,117.2709,0.0,0.0135,0.0,0.0,166.0272,,890.9319,0.0,154.1293,0.0,3.829,4.59,0.39,3.2,791711,2000,33,zarr,,Apple M2,8.59,Darwin 23.4.0,3.14.6,0.1.0b1,1.12.3,0.13.2,2.4.6,1.18.0,3.0.5,0.66.0,1.0.0,0.12.0,0.5.12,0.6.0,7.2.2,3.16.0
"laptop, every tool, no UMAP (Polariseq under Scanpy's steps)",brain800k__seurat-bpcells__rep1__20260927T202736,2026-09-27T20:27:36,brain800k,800000,27998,1607496131,seurat-bpcells,"Seurat (BPCells, disk-backed)",,1,ok,,4,6.0,False,2000,50,15,1.0,200,0,2456.373,2389.932,16.7854,3.071,4.9239,16.6733,0.0,17.6185,,991.948,1081.7656,257.1465,0.0,11.998,4.563,0.244,1.329,791711,2000,37,bpcells,,Apple M2,8.59,Darwin 23.4.0,3.14.6,0.1.0b1,1.12.3,0.13.2,2.4.6,1.18.0,3.0.5,0.66.0,1.0.0,0.12.0,0.5.12,0.6.0,7.2.2,3.16.0
"laptop, every tool, no UMAP (Polariseq under Scanpy's steps)",fetal1000k__bpcells-native__rep1__20260927T025429,2026-09-27T02:54:29,fetal1000k,1000000,63561,647386786,bpcells-native,"BPCells (native, disk-backed)",,1,ok,,4,6.0,False,2000,50,15,1.0,200,0,191.424,146.709,0.8809,1.8981,0.1604,0.2025,0.0008,1.6349,,8.4254,119.7278,13.7784,0.0,2.872,4.545,0.396,3.293,984454,2000,51,bpcells,,Apple M2,8.59,Darwin 23.4.0,3.14.6,0.1.0b1,1.12.3,0.13.2,2.4.6,1.18.0,3.0.5,0.66.0,1.0.0,0.12.0,0.5.12,0.6.0,7.2.2,3.16.0
"laptop, every tool, no UMAP (Polariseq under Scanpy's steps)",fetal1000k__polariseq-ram__rep1__20260928T144810,2026-09-28T14:48:10,fetal1000k,1000000,63561,647386786,polariseq-ram,Polariseq (in-RAM),,1,ok,,4,6.0,False,2000,50,15,1.0,200,0,47.533,46.871,14.0421,1.144,1.3292,0.47,0.4299,2.1867,,1.2509,18.3456,7.6722,0.0,5.776,4.323,4.311,2.124,984454,2000,57,ram,4,Apple M2,8.59,Darwin 23.4.0,3.14.6,0.1.0b1,1.12.3,0.13.2,2.4.6,1.18.0,3.0.5,0.66.0,1.0.0,0.12.0,0.5.12,0.6.0,7.2.2,3.16.0
"laptop, every tool, no UMAP (Polariseq under Scanpy's steps)",fetal1000k__polariseq-ram__rep2__20260928T144859,2026-09-28T14:48:59,fetal1000k,1000000,63561,647386786,polariseq-ram,Polariseq (in-RAM),,2,ok,,4,6.0,False,2000,50,15,1.0,200,0,47.789,47.191,14.0182,1.1085,1.326,0.5017,0.4448,2.1983,,1.2581,18.6619,7.6739,0.0,5.778,4.355,4.333,2.153,984454,2000,57,ram,4,Apple M2,8.59,Darwin 23.4.0,3.14.6,0.1.0b1,1.12.3,0.13.2,2.4.6,1.18.0,3.0.5,0.66.0,1.0.0,0.12.0,0.5.12,0.6.0,7.2.2,3.16.0
"laptop, every tool, no UMAP (Polariseq under Scanpy's steps)",fetal1000k__polariseq-ram__rep3__20260928T144949,2026-09-28T14:49:49,fetal1000k,1000000,63561,647386786,polariseq-ram,Polariseq (in-RAM),,3,ok,,4,6.0,False,2000,50,15,1.0,200,0,47.639,47.048,14.0171,1.1562,1.3552,0.5187,0.4453,2.098,,1.2534,18.5403,7.664,0.0,5.776,4.361,4.33,2.175,984454,2000,57,ram,4,Apple M2,8.59,Darwin 23.4.0,3.14.6,0.1.0b1,1.12.3,0.13.2,2.4.6,1.18.0,3.0.5,0.66.0,1.0.0,0.12.0,0.5.12,0.6.0,7.2.2,3.16.0
"laptop, every tool, no UMAP (Polariseq under Scanpy's steps)",fetal1000k__polariseq-spill__rep1__20260928T142041,2026-09-28T14:20:41,fetal1000k,1000000,63561,647386786,polariseq-spill,Polariseq (out-of-core),,1,ok,,4,6.0,False,2000,50,15,1.0,200,0,54.927,0,,,,,,,,,,,0.0,1.79,3.215,1.742,3.255,984454,2000,57,spill,4,Apple M2,8.59,Darwin 23.4.0,3.14.6,0.1.0b1,1.12.3,0.13.2,2.4.6,1.18.0,3.0.5,0.66.0,1.0.0,0.12.0,0.5.12,0.6.0,7.2.2,3.16.0
"laptop, every tool, no UMAP (Polariseq under Scanpy's steps)",fetal1000k__polariseq-spill__rep2__20260928T142138,2026-09-28T14:21:38,fetal1000k,1000000,63561,647386786,polariseq-spill,Polariseq (out-of-core),,2,ok,,4,6.0,False,2000,50,15,1.0,200,0,54.123,0,,,,,,,,,,,0.0,1.769,3.413,1.657,3.243,984454,2000,57,spill,4,Apple M2,8.59,Darwin 23.4.0,3.14.6,0.1.0b1,1.12.3,0.13.2,2.4.6,1.18.0,3.0.5,0.66.0,1.0.0,0.12.0,0.5.12,0.6.0,7.2.2,3.16.0
"laptop, every tool, no UMAP (Polariseq under Scanpy's steps)",fetal1000k__polariseq-spill__rep3__20260928T142234,2026-09-28T14:22:34,fetal1000k,1000000,63561,647386786,polariseq-spill,Polariseq (out-of-core),,3,ok,,4,6.0,False,2000,50,15,1.0,200,0,54.14,0,,,,,,,,,,,0.0,1.591,3.446,1.57,3.225,984454,2000,57,spill,4,Apple M2,8.59,Darwin 23.4.0,3.14.6,0.1.0b1,1.12.3,0.13.2,2.4.6,1.18.0,3.0.5,0.66.0,1.0.0,0.12.0,0.5.12,0.6.0,7.2.2,3.16.0
"laptop, every tool, no UMAP (Polariseq under Scanpy's steps)",fetal1000k__scanpy-tuned__rep1__20260927T005003,2026-09-27T00:50:03,fetal1000k,1000000,63561,647386786,scanpy-tuned,scanpy (tuned),,1,ok,,4,6.0,False,2000,50,15,1.0,200,0,258.892,235.719,14.6106,21.0297,78.1531,4.6828,2.3105,41.1323,,6.0614,29.8111,37.9273,0.0,17.054,3.846,3.836,1.233,984454,2000,56,ram,,Apple M2,8.59,Darwin 23.4.0,3.14.6,0.1.0b1,1.12.3,0.13.2,2.4.6,1.18.0,3.0.5,0.66.0,1.0.0,0.12.0,0.5.12,0.6.0,7.2.2,3.16.0
"laptop, every tool, no UMAP (Polariseq under Scanpy's steps)",fetal1000k__scarf__rep1__20260927T081457,2026-09-27T08:14:57,fetal1000k,1000000,63561,647386786,scarf,"Scarf (Zarr, out-of-core)",,1,ok,,4,6.0,False,2000,50,15,1.0,200,0,2193.5,2071.381,297.515,0.0,0.0183,0.0,0.0,424.1738,,1169.1758,0.0,180.4983,0.0,4.692,4.669,0.418,3.025,984454,2000,34,zarr,,Apple M2,8.59,Darwin 23.4.0,3.14.6,0.1.0b1,1.12.3,0.13.2,2.4.6,1.18.0,3.0.5,0.66.0,1.0.0,0.12.0,0.5.12,0.6.0,7.2.2,3.16.0
"laptop, every tool, no UMAP (Polariseq under Scanpy's steps)",fetal2000k__bpcells-native__rep1__20260927T030206,2026-09-27T03:02:06,fetal2000k,2000000,63561,1295253205,bpcells-native,"BPCells (native, disk-backed)",,1,ok,,4,6.0,False,2000,50,15,1.0,200,0,361.475,270.644,2.2803,7.6446,0.3837,0.3505,0.0007,6.6824,,18.8837,202.1021,32.3162,0.0001,6.212,5.261,0.576,1.394,1969168,2000,60,bpcells,,Apple M2,8.59,Darwin 23.4.0,3.14.6,0.1.0b1,1.12.3,0.13.2,2.4.6,1.18.0,3.0.5,0.66.0,1.0.0,0.12.0,0.5.12,0.6.0,7.2.2,3.16.0
"laptop, every tool, no UMAP (Polariseq under Scanpy's steps)",fetal2000k__polariseq-ram__rep1__20260928T145038,2026-09-28T14:50:38,fetal2000k,2000000,63561,1295253205,polariseq-ram,Polariseq (in-RAM),,1,ok,,4,6.0,False,2000,50,15,1.0,200,0,146.53,145.745,28.5307,8.7121,27.8967,5.4732,1.6462,10.7167,,1.8578,42.2592,18.6523,0.0,11.461,4.362,3.291,1.198,1969168,2000,61,ram,4,Apple M2,8.59,Darwin 23.4.0,3.14.6,0.1.0b1,1.12.3,0.13.2,2.4.6,1.18.0,3.0.5,0.66.0,1.0.0,0.12.0,0.5.12,0.6.0,7.2.2,3.16.0
"laptop, every tool, no UMAP (Polariseq under Scanpy's steps)",fetal2000k__polariseq-ram__rep2__20260928T145327,2026-09-28T14:53:27,fetal2000k,2000000,63561,1295253205,polariseq-ram,Polariseq (in-RAM),,2,ok,,4,6.0,False,2000,50,15,1.0,200,0,152.499,151.609,28.4963,9.3008,35.6403,5.3369,1.53,8.4505,,1.8607,42.3416,18.6517,0.0,11.462,4.362,3.52,1.285,1969168,2000,61,ram,4,Apple M2,8.59,Darwin 23.4.0,3.14.6,0.1.0b1,1.12.3,0.13.2,2.4.6,1.18.0,3.0.5,0.66.0,1.0.0,0.12.0,0.5.12,0.6.0,7.2.2,3.16.0
"laptop, every tool, no UMAP (Polariseq under Scanpy's steps)",fetal2000k__polariseq-ram__rep3__20260928T145622,2026-09-28T14:56:22,fetal2000k,2000000,63561,1295253205,polariseq-ram,Polariseq (in-RAM),,3,ok,,4,6.0,False,2000,50,15,1.0,200,0,160.182,159.352,28.8372,9.807,42.1647,5.1693,1.5371,8.5013,,1.838,42.8455,18.6519,0.0,11.459,4.304,3.449,1.298,1969168,2000,61,ram,4,Apple M2,8.59,Darwin 23.4.0,3.14.6,0.1.0b1,1.12.3,0.13.2,2.4.6,1.18.0,3.0.5,0.66.0,1.0.0,0.12.0,0.5.12,0.6.0,7.2.2,3.16.0
"laptop, every tool, no UMAP (Polariseq under Scanpy's steps)",fetal2000k__polariseq-spill__rep1__20260928T142350,2026-09-28T14:23:50,fetal2000k,2000000,63561,1295253205,polariseq-spill,Polariseq (out-of-core),,1,ok,,4,6.0,False,2000,50,15,1.0,200,0,115.72,0,,,,,,,,,,,0.0,2.671,4.453,2.563,3.18,1969168,2000,61,spill,4,Apple M2,8.59,Darwin 23.4.0,3.14.6,0.1.0b1,1.12.3,0.13.2,2.4.6,1.18.0,3.0.5,0.66.0,1.0.0,0.12.0,0.5.12,0.6.0,7.2.2,3.16.0
"laptop, every tool, no UMAP (Polariseq under Scanpy's steps)",fetal2000k__polariseq-spill__rep2__20260928T142609,2026-09-28T14:26:09,fetal2000k,2000000,63561,1295253205,polariseq-spill,Polariseq (out-of-core),,2,ok,,4,6.0,False,2000,50,15,1.0,200,0,113.464,0,,,,,,,,,,,0.0,2.637,4.688,2.504,3.1,1969168,2000,61,spill,4,Apple M2,8.59,Darwin 23.4.0,3.14.6,0.1.0b1,1.12.3,0.13.2,2.4.6,1.18.0,3.0.5,0.66.0,1.0.0,0.12.0,0.5.12,0.6.0,7.2.2,3.16.0
"laptop, every tool, no UMAP (Polariseq under Scanpy's steps)",fetal2000k__polariseq-spill__rep3__20260928T142805,2026-09-28T14:28:05,fetal2000k,2000000,63561,1295253205,polariseq-spill,Polariseq (out-of-core),,3,ok,,4,6.0,False,2000,50,15,1.0,200,0,112.478,0,,,,,,,,,,,0.0,2.58,4.62,2.574,3.08,1969168,2000,61,spill,4,Apple M2,8.59,Darwin 23.4.0,3.14.6,0.1.0b1,1.12.3,0.13.2,2.4.6,1.18.0,3.0.5,0.66.0,1.0.0,0.12.0,0.5.12,0.6.0,7.2.2,3.16.0
"laptop, every tool, no UMAP (Polariseq under Scanpy's steps)",fetal2000k__scanpy-tuned__rep1__20260927T005654,2026-09-27T00:56:54,fetal2000k,2000000,63561,1295253205,scanpy-tuned,scanpy (tuned),,1,ok,,4,6.0,False,2000,50,15,1.0,200,0,1034.055,1007.057,28.9878,184.3688,321.2104,20.8017,10.3828,166.4498,,19.3544,138.954,116.5472,0.0,33.441,4.637,4.641,0.932,1969168,2000,66,ram,,Apple M2,8.59,Darwin 23.4.0,3.14.6,0.1.0b1,1.12.3,0.13.2,2.4.6,1.18.0,3.0.5,0.66.0,1.0.0,0.12.0,0.5.12,0.6.0,7.2.2,3.16.0
"laptop, every tool, no UMAP (Polariseq under Scanpy's steps)",fetal2000k__scarf__rep1__20260927T085636,2026-09-27T08:56:36,fetal2000k,2000000,63561,1295253205,scarf,"Scarf (Zarr, out-of-core)",,1,timeout,exceeded 3600s,4,6.0,False,2000,50,15,1.0,200,0,3600.035,,,,,,,,,,,,,2.663,2.434,,3.331,,,,,,Apple M2,8.59,Darwin 23.4.0,3.14.6,0.1.0b1,1.12.3,0.13.2,2.4.6,1.18.0,3.0.5,0.66.0,1.0.0,0.12.0,0.5.12,0.6.0,7.2.2,3.16.0
"laptop, every tool, no UMAP (Polariseq under Scanpy's steps)",fetal4062k__bpcells-native__rep1__20260927T031311,2026-09-27T03:13:11,fetal4062k,4062980,63561,2631157163,bpcells-native,"BPCells (native, disk-backed)",,1,ok,,4,6.0,False,2000,50,15,1.0,200,0,835.306,637.834,5.0093,15.2823,0.2795,0.6224,0.0007,13.2837,,41.9942,480.6617,80.7004,0.0,12.257,5.262,1.535,1.259,4000604,2000,71,bpcells,,Apple M2,8.59,Darwin 23.4.0,3.14.6,0.1.0b1,1.12.3,0.13.2,2.4.6,1.18.0,3.0.5,0.66.0,1.0.0,0.12.0,0.5.12,0.6.0,7.2.2,3.16.0
"laptop, every tool, no UMAP (Polariseq under Scanpy's steps)",fetal4062k__polariseq-spill__rep1__20260928T143000,2026-09-28T14:30:00,fetal4062k,4062980,63561,2631157163,polariseq-spill,Polariseq (out-of-core),,1,ok,,4,6.0,False,2000,50,15,1.0,200,0,264.724,0,,,,,,,,,,,0.0,6.509,4.505,4.091,1.461,4000604,2000,80,spill,4,Apple M2,8.59,Darwin 23.4.0,3.14.6,0.1.0b1,1.12.3,0.13.2,2.4.6,1.18.0,3.0.5,0.66.0,1.0.0,0.12.0,0.5.12,0.6.0,7.2.2,3.16.0
"laptop, every tool, no UMAP (Polariseq under Scanpy's steps)",fetal4062k__polariseq-spill__rep2__20260928T143429,2026-09-28T14:34:29,fetal4062k,4062980,63561,2631157163,polariseq-spill,Polariseq (out-of-core),,2,ok,,4,6.0,False,2000,50,15,1.0,200,0,255.527,0,,,,,,,,,,,0.0,6.517,4.567,3.86,1.328,4000604,2000,80,spill,4,Apple M2,8.59,Darwin 23.4.0,3.14.6,0.1.0b1,1.12.3,0.13.2,2.4.6,1.18.0,3.0.5,0.66.0,1.0.0,0.12.0,0.5.12,0.6.0,7.2.2,3.16.0
"laptop, every tool, no UMAP (Polariseq under Scanpy's steps)",fetal4062k__polariseq-spill__rep3__20260928T143849,2026-09-28T14:38:49,fetal4062k,4062980,63561,2631157163,polariseq-spill,Polariseq (out-of-core),,3,ok,,4,6.0,False,2000,50,15,1.0,200,0,263.172,0.0,,,,,,,,,,,0.0002,6.528,4.006,3.367,1.321,4000604,2000,80,spill,4,Apple M2,8.59,Darwin 23.4.0,3.14.6,0.1.0b1,1.12.3,0.13.2,2.4.6,1.18.0,3.0.5,0.66.0,1.0.0,0.12.0,0.5.12,0.6.0,7.2.2,3.16.0
"laptop, every tool, no UMAP (Polariseq under Scanpy's steps)",fetal4062k__scanpy-tuned-int64__rep1__20260927T222404,2026-09-27T22:24:04,fetal4062k,4062980,63561,2631157163,scanpy-tuned-int64,"scanpy (tuned, int64 indices)",,1,exceeds_memory,"stopped when its footprint passed 12.9 GB, the campaign's limit (1.5x installed memory)",4,6.0,False,2000,50,15,1.0,200,0,54.736,,,,,,,,,,,,,12.892,1.075,,1.33,,,,,,Apple M2,8.59,Darwin 23.4.0,3.14.6,0.1.0b1,1.12.3,0.13.2,2.4.6,1.18.0,3.0.5,0.66.0,1.0.0,0.12.0,0.5.12,0.6.0,7.2.2,3.16.0
"laptop, every tool, no UMAP (Polariseq under Scanpy's steps)",neuron10k__bpcells-native__rep1__20260927T231842,2026-09-27T23:18:42,neuron10k,11843,31053,31522268,bpcells-native,"BPCells (native, disk-backed)",,1,ok,,4,6.0,False,2000,50,15,1.0,200,0,3.682,1.16,0.0063,0.0671,0.0007,0.0025,0.0006,0.0622,,0.403,0.5408,0.0766,0.0,0.336,0.611,0.108,4.729,11648,2000,23,bpcells,,Apple M2,8.59,Darwin 23.4.0,3.14.6,0.1.0b1,1.12.3,0.13.2,2.4.6,1.18.0,3.0.5,0.66.0,1.0.0,0.12.0,0.5.12,0.6.0,7.2.2,3.16.0
"laptop, every tool, no UMAP (Polariseq under Scanpy's steps)",neuron10k__bpcells-native__rep2__20260927T232014,2026-09-27T23:20:14,neuron10k,11843,31053,31522268,bpcells-native,"BPCells (native, disk-backed)",,2,ok,,4,6.0,False,2000,50,15,1.0,200,0,3.661,1.157,0.0065,0.0674,0.0008,0.0025,0.0006,0.062,,0.4014,0.5401,0.076,0.0,0.331,0.593,0.108,4.571,11648,2000,23,bpcells,,Apple M2,8.59,Darwin 23.4.0,3.14.6,0.1.0b1,1.12.3,0.13.2,2.4.6,1.18.0,3.0.5,0.66.0,1.0.0,0.12.0,0.5.12,0.6.0,7.2.2,3.16.0
"laptop, every tool, no UMAP (Polariseq under Scanpy's steps)",neuron10k__bpcells-native__rep3__20260927T232127,2026-09-27T23:21:27,neuron10k,11843,31053,31522268,bpcells-native,"BPCells (native, disk-backed)",,3,ok,,4,6.0,False,2000,50,15,1.0,200,0,3.845,1.153,0.0063,0.0678,0.0007,0.0025,0.0006,0.0611,,0.4003,0.5378,0.0764,0.0,0.341,0.611,0.107,4.97,11648,2000,23,bpcells,,Apple M2,8.59,Darwin 23.4.0,3.14.6,0.1.0b1,1.12.3,0.13.2,2.4.6,1.18.0,3.0.5,0.66.0,1.0.0,0.12.0,0.5.12,0.6.0,7.2.2,3.16.0
"laptop, every tool, no UMAP (Polariseq under Scanpy's steps)",neuron10k__polariseq-ram__rep1__20260928T092419,2026-09-28T09:24:19,neuron10k,11843,31053,31522268,polariseq-ram,Polariseq (in-RAM),,1,ok,,4,6.0,False,2000,50,15,1.0,200,0,1.593,1.266,0.08,0.0207,0.0193,0.0109,0.0221,0.151,,0.7965,0.1221,0.043,0.0,0.359,0.636,0.358,1.539,11648,2000,24,ram,4,Apple M2,8.59,Darwin 23.4.0,3.14.6,0.1.0b1,1.12.3,0.13.2,2.4.6,1.18.0,3.0.5,0.66.0,1.0.0,0.12.0,0.5.12,0.6.0,7.2.2,3.16.0
"laptop, every tool, no UMAP (Polariseq under Scanpy's steps)",neuron10k__polariseq-ram__rep2__20260928T092428,2026-09-28T09:24:28,neuron10k,11843,31053,31522268,polariseq-ram,Polariseq (in-RAM),,2,ok,,4,6.0,False,2000,50,15,1.0,200,0,1.607,1.268,0.0823,0.0206,0.0196,0.0106,0.0214,0.1504,,0.7966,0.1233,0.0428,0.0,0.364,0.637,0.363,1.71,11648,2000,24,ram,4,Apple M2,8.59,Darwin 23.4.0,3.14.6,0.1.0b1,1.12.3,0.13.2,2.4.6,1.18.0,3.0.5,0.66.0,1.0.0,0.12.0,0.5.12,0.6.0,7.2.2,3.16.0
"laptop, every tool, no UMAP (Polariseq under Scanpy's steps)",neuron10k__polariseq-ram__rep3__20260928T092430,2026-09-28T09:24:30,neuron10k,11843,31053,31522268,polariseq-ram,Polariseq (in-RAM),,3,ok,,4,6.0,False,2000,50,15,1.0,200,0,1.634,1.295,0.0866,0.0207,0.0192,0.0108,0.0217,0.149,,0.8246,0.1205,0.0423,0.0,0.372,0.65,0.371,1.557,11648,2000,24,ram,4,Apple M2,8.59,Darwin 23.4.0,3.14.6,0.1.0b1,1.12.3,0.13.2,2.4.6,1.18.0,3.0.5,0.66.0,1.0.0,0.12.0,0.5.12,0.6.0,7.2.2,3.16.0
"laptop, every tool, no UMAP (Polariseq under Scanpy's steps)",neuron10k__polariseq-ram__rep4__20260928T092436,2026-09-28T09:24:36,neuron10k,11843,31053,31522268,polariseq-ram,Polariseq (in-RAM),,4,ok,,4,6.0,False,2000,50,15,1.0,200,0,1.604,1.261,0.0809,0.0207,0.0195,0.0106,0.0218,0.1504,,0.7935,0.1209,0.0429,0.0,0.361,0.62,0.36,1.615,11648,2000,24,ram,4,Apple M2,8.59,Darwin 23.4.0,3.14.6,0.1.0b1,1.12.3,0.13.2,2.4.6,1.18.0,3.0.5,0.66.0,1.0.0,0.12.0,0.5.12,0.6.0,7.2.2,3.16.0
"laptop, every tool, no UMAP (Polariseq under Scanpy's steps)",neuron10k__polariseq-ram__rep5__20260928T092442,2026-09-28T09:24:42,neuron10k,11843,31053,31522268,polariseq-ram,Polariseq (in-RAM),,5,ok,,4,6.0,False,2000,50,15,1.0,200,0,1.604,1.261,0.0802,0.0208,0.0193,0.011,0.0214,0.1502,,0.7925,0.1223,0.0429,0.0,0.359,0.623,0.358,1.595,11648,2000,24,ram,4,Apple M2,8.59,Darwin 23.4.0,3.14.6,0.1.0b1,1.12.3,0.13.2,2.4.6,1.18.0,3.0.5,0.66.0,1.0.0,0.12.0,0.5.12,0.6.0,7.2.2,3.16.0
"laptop, every tool, no UMAP (Polariseq under Scanpy's steps)",neuron10k__polariseq-spill__rep1__20260928T092421,2026-09-28T09:24:21,neuron10k,11843,31053,31522268,polariseq-spill,Polariseq (out-of-core),,1,ok,,4,6.0,False,2000,50,15,1.0,200,0,2.0,0,,,,,,,,,,,0.0,0.52,0.843,0.461,1.469,11648,2000,24,spill,4,Apple M2,8.59,Darwin 23.4.0,3.14.6,0.1.0b1,1.12.3,0.13.2,2.4.6,1.18.0,3.0.5,0.66.0,1.0.0,0.12.0,0.5.12,0.6.0,7.2.2,3.16.0
"laptop, every tool, no UMAP (Polariseq under Scanpy's steps)",neuron10k__polariseq-spill__rep2__20260928T092425,2026-09-28T09:24:25,neuron10k,11843,31053,31522268,polariseq-spill,Polariseq (out-of-core),,2,ok,,4,6.0,False,2000,50,15,1.0,200,0,1.927,0,,,,,,,,,,,0.0,0.368,0.831,0.355,1.473,11648,2000,24,spill,4,Apple M2,8.59,Darwin 23.4.0,3.14.6,0.1.0b1,1.12.3,0.13.2,2.4.6,1.18.0,3.0.5,0.66.0,1.0.0,0.12.0,0.5.12,0.6.0,7.2.2,3.16.0
"laptop, every tool, no UMAP (Polariseq under Scanpy's steps)",neuron10k__polariseq-spill__rep3__20260928T092433,2026-09-28T09:24:33,neuron10k,11843,31053,31522268,polariseq-spill,Polariseq (out-of-core),,3,ok,,4,6.0,False,2000,50,15,1.0,200,0,1.926,0,,,,,,,,,,,0.0,0.393,0.758,0.378,1.509,11648,2000,24,spill,4,Apple M2,8.59,Darwin 23.4.0,3.14.6,0.1.0b1,1.12.3,0.13.2,2.4.6,1.18.0,3.0.5,0.66.0,1.0.0,0.12.0,0.5.12,0.6.0,7.2.2,3.16.0
"laptop, every tool, no UMAP (Polariseq under Scanpy's steps)",neuron10k__polariseq-spill__rep4__20260928T092439,2026-09-28T09:24:39,neuron10k,11843,31053,31522268,polariseq-spill,Polariseq (out-of-core),,4,ok,,4,6.0,False,2000,50,15,1.0,200,0,1.898,0,,,,,,,,,,,0.0,0.361,0.731,0.351,1.533,11648,2000,24,spill,4,Apple M2,8.59,Darwin 23.4.0,3.14.6,0.1.0b1,1.12.3,0.13.2,2.4.6,1.18.0,3.0.5,0.66.0,1.0.0,0.12.0,0.5.12,0.6.0,7.2.2,3.16.0
"laptop, every tool, no UMAP (Polariseq under Scanpy's steps)",neuron10k__polariseq-spill__rep5__20260928T092444,2026-09-28T09:24:44,neuron10k,11843,31053,31522268,polariseq-spill,Polariseq (out-of-core),,5,ok,,4,6.0,False,2000,50,15,1.0,200,0,1.953,0,,,,,,,,,,,0.0,0.567,0.764,0.517,1.501,11648,2000,24,spill,4,Apple M2,8.59,Darwin 23.4.0,3.14.6,0.1.0b1,1.12.3,0.13.2,2.4.6,1.18.0,3.0.5,0.66.0,1.0.0,0.12.0,0.5.12,0.6.0,7.2.2,3.16.0
"laptop, every tool, no UMAP (Polariseq under Scanpy's steps)",neuron10k__scanpy-tuned-seed1__rep1__20260927T224102,2026-09-27T22:41:02,neuron10k,11843,31053,31522268,scanpy-tuned-seed1,"scanpy (tuned, second seed)",,1,ok,,4,6.0,False,2000,50,15,1.0,200,0,23.953,2.746,0.1137,0.3675,0.2251,0.0502,0.0883,0.2687,,0.6826,0.7603,0.1892,0.0,1.447,1.319,1.097,1.829,11648,2000,23,ram,,Apple M2,8.59,Darwin 23.4.0,3.14.6,0.1.0b1,1.12.3,0.13.2,2.4.6,1.18.0,3.0.5,0.66.0,1.0.0,0.12.0,0.5.12,0.6.0,7.2.2,3.16.0
"laptop, every tool, no UMAP (Polariseq under Scanpy's steps)",neuron10k__scanpy-tuned-seed1__rep2__20260927T224152,2026-09-27T22:41:52,neuron10k,11843,31053,31522268,scanpy-tuned-seed1,"scanpy (tuned, second seed)",,2,ok,,4,6.0,False,2000,50,15,1.0,200,0,24.058,2.742,0.0922,0.3802,0.2334,0.0513,0.0833,0.2809,,0.6734,0.7562,0.1907,0.0,1.45,1.264,1.029,1.835,11648,2000,23,ram,,Apple M2,8.59,Darwin 23.4.0,3.14.6,0.1.0b1,1.12.3,0.13.2,2.4.6,1.18.0,3.0.5,0.66.0,1.0.0,0.12.0,0.5.12,0.6.0,7.2.2,3.16.0
"laptop, every tool, no UMAP (Polariseq under Scanpy's steps)",neuron10k__scanpy-tuned-seed1__rep3__20260927T224242,2026-09-27T22:42:42,neuron10k,11843,31053,31522268,scanpy-tuned-seed1,"scanpy (tuned, second seed)",,3,ok,,4,6.0,False,2000,50,15,1.0,200,0,23.921,2.695,0.0925,0.3932,0.2226,0.049,0.0826,0.2631,,0.6684,0.7365,0.1871,0.0,1.446,1.265,1.041,1.821,11648,2000,23,ram,,Apple M2,8.59,Darwin 23.4.0,3.14.6,0.1.0b1,1.12.3,0.13.2,2.4.6,1.18.0,3.0.5,0.66.0,1.0.0,0.12.0,0.5.12,0.6.0,7.2.2,3.16.0
"laptop, every tool, no UMAP (Polariseq under Scanpy's steps)",neuron10k__scanpy-tuned-seed1__rep4__20260927T224307,2026-09-27T22:43:07,neuron10k,11843,31053,31522268,scanpy-tuned-seed1,"scanpy (tuned, second seed)",,4,ok,,4,6.0,False,2000,50,15,1.0,200,0,24.017,2.741,0.0877,0.3506,0.2664,0.0399,0.0813,0.2794,,0.692,0.7632,0.1801,0.0,1.445,1.397,1.038,1.773,11648,2000,23,ram,,Apple M2,8.59,Darwin 23.4.0,3.14.6,0.1.0b1,1.12.3,0.13.2,2.4.6,1.18.0,3.0.5,0.66.0,1.0.0,0.12.0,0.5.12,0.6.0,7.2.2,3.16.0
"laptop, every tool, no UMAP (Polariseq under Scanpy's steps)",neuron10k__scanpy-tuned-seed1__rep5__20260927T224422,2026-09-27T22:44:22,neuron10k,11843,31053,31522268,scanpy-tuned-seed1,"scanpy (tuned, second seed)",,5,ok,,4,6.0,False,2000,50,15,1.0,200,0,23.996,2.757,0.0881,0.3572,0.2657,0.041,0.0822,0.2755,,0.69,0.7727,0.1847,0.0,1.442,1.375,1.067,1.806,11648,2000,23,ram,,Apple M2,8.59,Darwin 23.4.0,3.14.6,0.1.0b1,1.12.3,0.13.2,2.4.6,1.18.0,3.0.5,0.66.0,1.0.0,0.12.0,0.5.12,0.6.0,7.2.2,3.16.0
"laptop, every tool, no UMAP (Polariseq under Scanpy's steps)",neuron10k__scanpy-tuned__rep1__20260927T224036,2026-09-27T22:40:36,neuron10k,11843,31053,31522268,scanpy-tuned,scanpy (tuned),,1,ok,,4,6.0,False,2000,50,15,1.0,200,0,24.033,2.723,0.1238,0.3437,0.2254,0.0385,0.081,0.2754,,0.6791,0.7763,0.18,0.0,1.453,1.259,0.911,1.772,11648,2000,24,ram,,Apple M2,8.59,Darwin 23.4.0,3.14.6,0.1.0b1,1.12.3,0.13.2,2.4.6,1.18.0,3.0.5,0.66.0,1.0.0,0.12.0,0.5.12,0.6.0,7.2.2,3.16.0
"laptop, every tool, no UMAP (Polariseq under Scanpy's steps)",neuron10k__scanpy-tuned__rep2__20260927T224127,2026-09-27T22:41:27,neuron10k,11843,31053,31522268,scanpy-tuned,scanpy (tuned),,2,ok,,4,6.0,False,2000,50,15,1.0,200,0,23.948,2.736,0.0858,0.3698,0.2343,0.0501,0.0907,0.3112,,0.655,0.7508,0.1882,0.0,1.444,1.251,1.048,1.814,11648,2000,24,ram,,Apple M2,8.59,Darwin 23.4.0,3.14.6,0.1.0b1,1.12.3,0.13.2,2.4.6,1.18.0,3.0.5,0.66.0,1.0.0,0.12.0,0.5.12,0.6.0,7.2.2,3.16.0
"laptop, every tool, no UMAP (Polariseq under Scanpy's steps)",neuron10k__scanpy-tuned__rep3__20260927T224217,2026-09-27T22:42:17,neuron10k,11843,31053,31522268,scanpy-tuned,scanpy (tuned),,3,ok,,4,6.0,False,2000,50,15,1.0,200,0,24.018,2.759,0.0988,0.3747,0.2535,0.0475,0.0808,0.2756,,0.6832,0.7603,0.1846,0.0,1.449,1.239,1.0,1.816,11648,2000,24,ram,,Apple M2,8.59,Darwin 23.4.0,3.14.6,0.1.0b1,1.12.3,0.13.2,2.4.6,1.18.0,3.0.5,0.66.0,1.0.0,0.12.0,0.5.12,0.6.0,7.2.2,3.16.0
"laptop, every tool, no UMAP (Polariseq under Scanpy's steps)",neuron10k__scanpy-tuned__rep4__20260927T224332,2026-09-27T22:43:32,neuron10k,11843,31053,31522268,scanpy-tuned,scanpy (tuned),,4,ok,,4,6.0,False,2000,50,15,1.0,200,0,24.054,2.728,0.0861,0.3331,0.2634,0.0397,0.0803,0.2747,,0.6865,0.7736,0.1908,0.0,1.422,1.369,1.086,1.818,11648,2000,24,ram,,Apple M2,8.59,Darwin 23.4.0,3.14.6,0.1.0b1,1.12.3,0.13.2,2.4.6,1.18.0,3.0.5,0.66.0,1.0.0,0.12.0,0.5.12,0.6.0,7.2.2,3.16.0
"laptop, every tool, no UMAP (Polariseq under Scanpy's steps)",neuron10k__scanpy-tuned__rep5__20260927T224357,2026-09-27T22:43:57,neuron10k,11843,31053,31522268,scanpy-tuned,scanpy (tuned),,5,ok,,4,6.0,False,2000,50,15,1.0,200,0,23.998,2.705,0.088,0.3746,0.2248,0.049,0.0817,0.2726,,0.6826,0.7445,0.1868,0.0,1.443,1.262,1.062,1.83,11648,2000,24,ram,,Apple M2,8.59,Darwin 23.4.0,3.14.6,0.1.0b1,1.12.3,0.13.2,2.4.6,1.18.0,3.0.5,0.66.0,1.0.0,0.12.0,0.5.12,0.6.0,7.2.2,3.16.0
"laptop, every tool, no UMAP (Polariseq under Scanpy's steps)",neuron10k__scarf__rep1__20260927T231846,2026-09-27T23:18:46,neuron10k,11843,31053,31522268,scarf,"Scarf (Zarr, out-of-core)",,1,ok,,4,6.0,False,2000,50,15,1.0,200,0,33.533,17.001,1.9195,0.0,0.0019,0.0,0.0,2.9553,,11.2699,0.0,0.8544,0.0,0.485,1.614,0.389,4.031,11648,2000,24,zarr,,Apple M2,8.59,Darwin 23.4.0,3.14.6,0.1.0b1,1.12.3,0.13.2,2.4.6,1.18.0,3.0.5,0.66.0,1.0.0,0.12.0,0.5.12,0.6.0,7.2.2,3.16.0
"laptop, every tool, no UMAP (Polariseq under Scanpy's steps)",neuron10k__scarf__rep2__20260927T232019,2026-09-27T23:20:19,neuron10k,11843,31053,31522268,scarf,"Scarf (Zarr, out-of-core)",,2,ok,,4,6.0,False,2000,50,15,1.0,200,0,32.711,16.965,1.9557,0.0,0.0018,0.0,0.0,2.9025,,11.2458,0.0,0.8593,0.0,0.493,1.56,0.386,4.049,11648,2000,24,zarr,,Apple M2,8.59,Darwin 23.4.0,3.14.6,0.1.0b1,1.12.3,0.13.2,2.4.6,1.18.0,3.0.5,0.66.0,1.0.0,0.12.0,0.5.12,0.6.0,7.2.2,3.16.0
"laptop, every tool, no UMAP (Polariseq under Scanpy's steps)",neuron10k__scarf__rep3__20260927T232132,2026-09-27T23:21:32,neuron10k,11843,31053,31522268,scarf,"Scarf (Zarr, out-of-core)",,3,ok,,4,6.0,False,2000,50,15,1.0,200,0,33.445,16.931,1.903,0.0,0.0018,0.0,0.0,2.906,,11.2621,0.0,0.8577,0.0,0.491,1.548,0.388,4.159,11648,2000,24,zarr,,Apple M2,8.59,Darwin 23.4.0,3.14.6,0.1.0b1,1.12.3,0.13.2,2.4.6,1.18.0,3.0.5,0.66.0,1.0.0,0.12.0,0.5.12,0.6.0,7.2.2,3.16.0
"laptop, every tool, no UMAP (Polariseq under Scanpy's steps)",neuron10k__seurat-bpcells__rep1__20260927T231748,2026-09-27T23:17:48,neuron10k,11843,31053,31522268,seurat-bpcells,"Seurat (BPCells, disk-backed)",,1,ok,,4,6.0,False,2000,50,15,1.0,200,0,31.93,27.806,0.3131,0.0763,0.1604,0.5254,0.0,0.7906,,23.078,1.4499,1.4122,0.0,0.612,1.015,0.105,4.55,11648,2000,21,bpcells,,Apple M2,8.59,Darwin 23.4.0,3.14.6,0.1.0b1,1.12.3,0.13.2,2.4.6,1.18.0,3.0.5,0.66.0,1.0.0,0.12.0,0.5.12,0.6.0,7.2.2,3.16.0
"laptop, every tool, no UMAP (Polariseq under Scanpy's steps)",neuron10k__seurat-bpcells__rep2__20260927T231921,2026-09-27T23:19:21,neuron10k,11843,31053,31522268,seurat-bpcells,"Seurat (BPCells, disk-backed)",,2,ok,,4,6.0,False,2000,50,15,1.0,200,0,31.69,27.775,0.314,0.0762,0.1599,0.5258,0.0,0.7928,,23.0521,1.4455,1.4086,0.0,0.608,1.013,0.109,4.361,11648,2000,21,bpcells,,Apple M2,8.59,Darwin 23.4.0,3.14.6,0.1.0b1,1.12.3,0.13.2,2.4.6,1.18.0,3.0.5,0.66.0,1.0.0,0.12.0,0.5.12,0.6.0,7.2.2,3.16.0
"laptop, every tool, no UMAP (Polariseq under Scanpy's steps)",neuron10k__seurat-bpcells__rep3__20260927T232241,2026-09-27T23:22:41,neuron10k,11843,31053,31522268,seurat-bpcells,"Seurat (BPCells, disk-backed)",,3,ok,,4,6.0,False,2000,50,15,1.0,200,0,31.964,27.785,0.3158,0.0754,0.162,0.5272,0.0,0.7939,,23.0578,1.4431,1.4101,0.0,0.59,1.007,0.102,4.643,11648,2000,21,bpcells,,Apple M2,8.59,Darwin 23.4.0,3.14.6,0.1.0b1,1.12.3,0.13.2,2.4.6,1.18.0,3.0.5,0.66.0,1.0.0,0.12.0,0.5.12,0.6.0,7.2.2,3.16.0
"laptop, every tool, no UMAP (Polariseq under Scanpy's steps)",neuron10k__seurat-tuned__rep1__20260927T231734,2026-09-27T23:17:34,neuron10k,11843,31053,31522268,seurat-tuned,Seurat (tuned),,1,ok,,4,6.0,False,2000,50,15,1.0,200,0,12.637,9.47,1.2221,0.3705,0.4536,1.2133,0.0,1.4475,,2.1801,1.4386,1.1441,0.0,3.133,3.599,0.616,3.036,11648,2000,20,ram,,Apple M2,8.59,Darwin 23.4.0,3.14.6,0.1.0b1,1.12.3,0.13.2,2.4.6,1.18.0,3.0.5,0.66.0,1.0.0,0.12.0,0.5.12,0.6.0,7.2.2,3.16.0
"laptop, every tool, no UMAP (Polariseq under Scanpy's steps)",neuron10k__seurat-tuned__rep2__20260927T232053,2026-09-27T23:20:53,neuron10k,11843,31053,31522268,seurat-tuned,Seurat (tuned),,2,ok,,4,6.0,False,2000,50,15,1.0,200,0,12.731,9.545,1.2249,0.3702,0.4572,1.2313,0.0,1.501,,2.1694,1.4415,1.1491,0.0,3.195,3.598,0.611,2.902,11648,2000,20,ram,,Apple M2,8.59,Darwin 23.4.0,3.14.6,0.1.0b1,1.12.3,0.13.2,2.4.6,1.18.0,3.0.5,0.66.0,1.0.0,0.12.0,0.5.12,0.6.0,7.2.2,3.16.0
"laptop, every tool, no UMAP (Polariseq under Scanpy's steps)",neuron10k__seurat-tuned__rep3__20260927T232207,2026-09-27T23:22:07,neuron10k,11843,31053,31522268,seurat-tuned,Seurat (tuned),,3,ok,,4,6.0,False,2000,50,15,1.0,200,0,12.698,9.428,1.216,0.3725,0.4558,1.2169,0.0,1.4488,,2.1227,1.438,1.1572,0.0,3.116,3.744,0.617,2.959,11648,2000,20,ram,,Apple M2,8.59,Darwin 23.4.0,3.14.6,0.1.0b1,1.12.3,0.13.2,2.4.6,1.18.0,3.0.5,0.66.0,1.0.0,0.12.0,0.5.12,0.6.0,7.2.2,3.16.0
"laptop, every tool, no UMAP (Polariseq under Scanpy's steps)",pbmc10k__bpcells-native__rep1__20260927T231202,2026-09-27T23:12:02,pbmc10k,11769,33538,24825783,bpcells-native,"BPCells (native, disk-backed)",,1,ok,,4,6.0,False,2000,50,15,1.0,200,0,3.662,1.21,0.0067,0.0574,0.0009,0.0027,0.0006,0.0581,,0.2503,0.7546,0.0784,0.0,0.325,0.566,0.106,4.796,11537,2000,20,bpcells,,Apple M2,8.59,Darwin 23.4.0,3.14.6,0.1.0b1,1.12.3,0.13.2,2.4.6,1.18.0,3.0.5,0.66.0,1.0.0,0.12.0,0.5.12,0.6.0,7.2.2,3.16.0
"laptop, every tool, no UMAP (Polariseq under Scanpy's steps)",pbmc10k__bpcells-native__rep2__20260927T231323,2026-09-27T23:13:23,pbmc10k,11769,33538,24825783,bpcells-native,"BPCells (native, disk-backed)",,2,ok,,4,6.0,False,2000,50,15,1.0,200,0,3.646,1.208,0.0068,0.0574,0.0009,0.0026,0.0007,0.0585,,0.2499,0.7524,0.0783,0.0,0.341,0.58,0.104,4.429,11537,2000,19,bpcells,,Apple M2,8.59,Darwin 23.4.0,3.14.6,0.1.0b1,1.12.3,0.13.2,2.4.6,1.18.0,3.0.5,0.66.0,1.0.0,0.12.0,0.5.12,0.6.0,7.2.2,3.16.0
"laptop, every tool, no UMAP (Polariseq under Scanpy's steps)",pbmc10k__bpcells-native__rep3__20260927T231457,2026-09-27T23:14:57,pbmc10k,11769,33538,24825783,bpcells-native,"BPCells (native, disk-backed)",,3,ok,,4,6.0,False,2000,50,15,1.0,200,0,3.854,1.216,0.0068,0.0586,0.0009,0.0027,0.0006,0.0585,,0.2516,0.7577,0.0785,0.0,0.323,0.569,0.103,4.822,11537,2000,19,bpcells,,Apple M2,8.59,Darwin 23.4.0,3.14.6,0.1.0b1,1.12.3,0.13.2,2.4.6,1.18.0,3.0.5,0.66.0,1.0.0,0.12.0,0.5.12,0.6.0,7.2.2,3.16.0
"laptop, every tool, no UMAP (Polariseq under Scanpy's steps)",pbmc10k__polariseq-ram__rep1__20260928T092352,2026-09-28T09:23:52,pbmc10k,11769,33538,24825783,polariseq-ram,Polariseq (in-RAM),,1,ok,,4,6.0,False,2000,50,15,1.0,200,0,1.461,1.116,0.1035,0.0239,0.0133,0.0081,0.018,0.1189,,0.6547,0.1289,0.0465,0.0,0.307,0.452,0.306,1.589,11537,2000,20,ram,4,Apple M2,8.59,Darwin 23.4.0,3.14.6,0.1.0b1,1.12.3,0.13.2,2.4.6,1.18.0,3.0.5,0.66.0,1.0.0,0.12.0,0.5.12,0.6.0,7.2.2,3.16.0
"laptop, every tool, no UMAP (Polariseq under Scanpy's steps)",pbmc10k__polariseq-ram__rep2__20260928T092400,2026-09-28T09:24:00,pbmc10k,11769,33538,24825783,polariseq-ram,Polariseq (in-RAM),,2,ok,,4,6.0,False,2000,50,15,1.0,200,0,1.41,1.073,0.0711,0.0225,0.0137,0.0083,0.0168,0.1217,,0.6484,0.1233,0.0469,0.0,0.298,0.571,0.297,1.58,11537,2000,20,ram,4,Apple M2,8.59,Darwin 23.4.0,3.14.6,0.1.0b1,1.12.3,0.13.2,2.4.6,1.18.0,3.0.5,0.66.0,1.0.0,0.12.0,0.5.12,0.6.0,7.2.2,3.16.0
"laptop, every tool, no UMAP (Polariseq under Scanpy's steps)",pbmc10k__polariseq-ram__rep3__20260928T092403,2026-09-28T09:24:03,pbmc10k,11769,33538,24825783,polariseq-ram,Polariseq (in-RAM),,3,ok,,4,6.0,False,2000,50,15,1.0,200,0,1.423,1.089,0.0704,0.023,0.0136,0.0083,0.0168,0.1232,,0.6628,0.1246,0.0461,0.0,0.302,0.573,0.301,1.543,11537,2000,20,ram,4,Apple M2,8.59,Darwin 23.4.0,3.14.6,0.1.0b1,1.12.3,0.13.2,2.4.6,1.18.0,3.0.5,0.66.0,1.0.0,0.12.0,0.5.12,0.6.0,7.2.2,3.16.0
"laptop, every tool, no UMAP (Polariseq under Scanpy's steps)",pbmc10k__polariseq-ram__rep4__20260928T092408,2026-09-28T09:24:08,pbmc10k,11769,33538,24825783,polariseq-ram,Polariseq (in-RAM),,4,ok,,4,6.0,False,2000,50,15,1.0,200,0,1.422,1.081,0.0711,0.0226,0.0139,0.0083,0.0168,0.122,,0.6563,0.1235,0.0465,0.0,0.3,0.585,0.299,1.685,11537,2000,20,ram,4,Apple M2,8.59,Darwin 23.4.0,3.14.6,0.1.0b1,1.12.3,0.13.2,2.4.6,1.18.0,3.0.5,0.66.0,1.0.0,0.12.0,0.5.12,0.6.0,7.2.2,3.16.0
"laptop, every tool, no UMAP (Polariseq under Scanpy's steps)",pbmc10k__polariseq-ram__rep5__20260928T092413,2026-09-28T09:24:13,pbmc10k,11769,33538,24825783,polariseq-ram,Polariseq (in-RAM),,5,ok,,4,6.0,False,2000,50,15,1.0,200,0,1.437,1.094,0.071,0.023,0.0135,0.0083,0.0167,0.1215,,0.6711,0.1229,0.0459,0.0,0.301,0.583,0.3,1.677,11537,2000,20,ram,4,Apple M2,8.59,Darwin 23.4.0,3.14.6,0.1.0b1,1.12.3,0.13.2,2.4.6,1.18.0,3.0.5,0.66.0,1.0.0,0.12.0,0.5.12,0.6.0,7.2.2,3.16.0
"laptop, every tool, no UMAP (Polariseq under Scanpy's steps)",pbmc10k__polariseq-spill__rep1__20260928T092354,2026-09-28T09:23:54,pbmc10k,11769,33538,24825783,polariseq-spill,Polariseq (out-of-core),,1,ok,,4,6.0,False,2000,50,15,1.0,200,0,1.851,0,,,,,,,,,,,0.0,0.47,0.663,0.457,1.539,11537,2000,20,spill,4,Apple M2,8.59,Darwin 23.4.0,3.14.6,0.1.0b1,1.12.3,0.13.2,2.4.6,1.18.0,3.0.5,0.66.0,1.0.0,0.12.0,0.5.12,0.6.0,7.2.2,3.16.0
"laptop, every tool, no UMAP (Polariseq under Scanpy's steps)",pbmc10k__polariseq-spill__rep2__20260928T092357,2026-09-28T09:23:57,pbmc10k,11769,33538,24825783,polariseq-spill,Polariseq (out-of-core),,2,ok,,4,6.0,False,2000,50,15,1.0,200,0,1.761,0,,,,,,,,,,,0.0,0.35,0.788,0.338,1.51,11537,2000,20,spill,4,Apple M2,8.59,Darwin 23.4.0,3.14.6,0.1.0b1,1.12.3,0.13.2,2.4.6,1.18.0,3.0.5,0.66.0,1.0.0,0.12.0,0.5.12,0.6.0,7.2.2,3.16.0
"laptop, every tool, no UMAP (Polariseq under Scanpy's steps)",pbmc10k__polariseq-spill__rep3__20260928T092405,2026-09-28T09:24:05,pbmc10k,11769,33538,24825783,polariseq-spill,Polariseq (out-of-core),,3,ok,,4,6.0,False,2000,50,15,1.0,200,0,1.769,0,,,,,,,,,,,0.0,0.433,0.661,0.418,1.511,11537,2000,20,spill,4,Apple M2,8.59,Darwin 23.4.0,3.14.6,0.1.0b1,1.12.3,0.13.2,2.4.6,1.18.0,3.0.5,0.66.0,1.0.0,0.12.0,0.5.12,0.6.0,7.2.2,3.16.0
"laptop, every tool, no UMAP (Polariseq under Scanpy's steps)",pbmc10k__polariseq-spill__rep4__20260928T092411,2026-09-28T09:24:11,pbmc10k,11769,33538,24825783,polariseq-spill,Polariseq (out-of-core),,4,ok,,4,6.0,False,2000,50,15,1.0,200,0,1.722,0,,,,,,,,,,,0.0,0.346,0.686,0.334,1.527,11537,2000,20,spill,4,Apple M2,8.59,Darwin 23.4.0,3.14.6,0.1.0b1,1.12.3,0.13.2,2.4.6,1.18.0,3.0.5,0.66.0,1.0.0,0.12.0,0.5.12,0.6.0,7.2.2,3.16.0
"laptop, every tool, no UMAP (Polariseq under Scanpy's steps)",pbmc10k__polariseq-spill__rep5__20260928T092416,2026-09-28T09:24:16,pbmc10k,11769,33538,24825783,polariseq-spill,Polariseq (out-of-core),,5,ok,,4,6.0,False,2000,50,15,1.0,200,0,1.789,0,,,,,,,,,,,0.0,0.359,0.673,0.346,1.549,11537,2000,20,spill,4,Apple M2,8.59,Darwin 23.4.0,3.14.6,0.1.0b1,1.12.3,0.13.2,2.4.6,1.18.0,3.0.5,0.66.0,1.0.0,0.12.0,0.5.12,0.6.0,7.2.2,3.16.0
"laptop, every tool, no UMAP (Polariseq under Scanpy's steps)",pbmc10k__scanpy-tuned-seed1__rep1__20260927T223654,2026-09-27T22:36:54,pbmc10k,11769,33538,24825783,scanpy-tuned-seed1,"scanpy (tuned, second seed)",,1,ok,,4,6.0,False,2000,50,15,1.0,200,0,23.432,2.242,0.0941,0.3023,0.1837,0.039,0.0693,0.216,,0.393,0.7602,0.1843,0.0,1.275,1.183,0.985,2.023,11537,2000,20,ram,,Apple M2,8.59,Darwin 23.4.0,3.14.6,0.1.0b1,1.12.3,0.13.2,2.4.6,1.18.0,3.0.5,0.66.0,1.0.0,0.12.0,0.5.12,0.6.0,7.2.2,3.16.0
"laptop, every tool, no UMAP (Polariseq under Scanpy's steps)",pbmc10k__scanpy-tuned-seed1__rep2__20260927T223744,2026-09-27T22:37:44,pbmc10k,11769,33538,24825783,scanpy-tuned-seed1,"scanpy (tuned, second seed)",,2,ok,,4,6.0,False,2000,50,15,1.0,200,0,23.416,2.195,0.0815,0.2762,0.1863,0.033,0.0649,0.2171,,0.3921,0.7502,0.1934,0.0,1.264,1.217,0.992,2.029,11537,2000,20,ram,,Apple M2,8.59,Darwin 23.4.0,3.14.6,0.1.0b1,1.12.3,0.13.2,2.4.6,1.18.0,3.0.5,0.66.0,1.0.0,0.12.0,0.5.12,0.6.0,7.2.2,3.16.0
"laptop, every tool, no UMAP (Polariseq under Scanpy's steps)",pbmc10k__scanpy-tuned-seed1__rep3__20260927T223833,2026-09-27T22:38:33,pbmc10k,11769,33538,24825783,scanpy-tuned-seed1,"scanpy (tuned, second seed)",,3,ok,,4,6.0,False,2000,50,15,1.0,200,0,23.432,2.194,0.0806,0.2785,0.1854,0.0323,0.0644,0.2159,,0.3955,0.7465,0.1944,0.0,1.276,1.197,0.99,1.998,11537,2000,20,ram,,Apple M2,8.59,Darwin 23.4.0,3.14.6,0.1.0b1,1.12.3,0.13.2,2.4.6,1.18.0,3.0.5,0.66.0,1.0.0,0.12.0,0.5.12,0.6.0,7.2.2,3.16.0
"laptop, every tool, no UMAP (Polariseq under Scanpy's steps)",pbmc10k__scanpy-tuned-seed1__rep4__20260927T223857,2026-09-27T22:38:57,pbmc10k,11769,33538,24825783,scanpy-tuned-seed1,"scanpy (tuned, second seed)",,4,ok,,4,6.0,False,2000,50,15,1.0,200,0,23.688,2.298,0.152,0.289,0.1928,0.0335,0.0662,0.2204,,0.3947,0.7351,0.2146,0.0,1.287,1.285,1.069,1.815,11537,2000,20,ram,,Apple M2,8.59,Darwin 23.4.0,3.14.6,0.1.0b1,1.12.3,0.13.2,2.4.6,1.18.0,3.0.5,0.66.0,1.0.0,0.12.0,0.5.12,0.6.0,7.2.2,3.16.0
"laptop, every tool, no UMAP (Polariseq under Scanpy's steps)",pbmc10k__scanpy-tuned-seed1__rep5__20260927T224012,2026-09-27T22:40:12,pbmc10k,11769,33538,24825783,scanpy-tuned-seed1,"scanpy (tuned, second seed)",,5,ok,,4,6.0,False,2000,50,15,1.0,200,0,23.73,2.211,0.0892,0.2949,0.1807,0.0355,0.0696,0.2146,,0.3873,0.7544,0.1847,0.0,1.274,1.144,0.972,1.872,11537,2000,20,ram,,Apple M2,8.59,Darwin 23.4.0,3.14.6,0.1.0b1,1.12.3,0.13.2,2.4.6,1.18.0,3.0.5,0.66.0,1.0.0,0.12.0,0.5.12,0.6.0,7.2.2,3.16.0
"laptop, every tool, no UMAP (Polariseq under Scanpy's steps)",pbmc10k__scanpy-tuned__rep1__20260927T223630,2026-09-27T22:36:30,pbmc10k,11769,33538,24825783,scanpy-tuned,scanpy (tuned),,1,ok,,4,6.0,False,2000,50,15,1.0,200,0,23.609,2.242,0.1513,0.28,0.1898,0.0312,0.0633,0.2155,,0.3863,0.7325,0.1919,0.0,1.282,1.177,0.981,1.978,11537,2000,20,ram,,Apple M2,8.59,Darwin 23.4.0,3.14.6,0.1.0b1,1.12.3,0.13.2,2.4.6,1.18.0,3.0.5,0.66.0,1.0.0,0.12.0,0.5.12,0.6.0,7.2.2,3.16.0
"laptop, every tool, no UMAP (Polariseq under Scanpy's steps)",pbmc10k__scanpy-tuned__rep2__20260927T223719,2026-09-27T22:37:19,pbmc10k,11769,33538,24825783,scanpy-tuned,scanpy (tuned),,2,ok,,4,6.0,False,2000,50,15,1.0,200,0,23.5,2.237,0.0988,0.2903,0.18,0.0379,0.0693,0.2183,,0.3987,0.7507,0.1933,0.0,1.285,1.205,0.943,2.023,11537,2000,20,ram,,Apple M2,8.59,Darwin 23.4.0,3.14.6,0.1.0b1,1.12.3,0.13.2,2.4.6,1.18.0,3.0.5,0.66.0,1.0.0,0.12.0,0.5.12,0.6.0,7.2.2,3.16.0
"laptop, every tool, no UMAP (Polariseq under Scanpy's steps)",pbmc10k__scanpy-tuned__rep3__20260927T223808,2026-09-27T22:38:08,pbmc10k,11769,33538,24825783,scanpy-tuned,scanpy (tuned),,3,ok,,4,6.0,False,2000,50,15,1.0,200,0,23.371,2.136,0.0808,0.2596,0.1902,0.0305,0.0634,0.2125,,0.3834,0.7263,0.1894,0.0,1.262,1.216,1.017,2.003,11537,2000,20,ram,,Apple M2,8.59,Darwin 23.4.0,3.14.6,0.1.0b1,1.12.3,0.13.2,2.4.6,1.18.0,3.0.5,0.66.0,1.0.0,0.12.0,0.5.12,0.6.0,7.2.2,3.16.0
"laptop, every tool, no UMAP (Polariseq under Scanpy's steps)",pbmc10k__scanpy-tuned__rep4__20260927T223922,2026-09-27T22:39:22,pbmc10k,11769,33538,24825783,scanpy-tuned,scanpy (tuned),,4,ok,,4,6.0,False,2000,50,15,1.0,200,0,23.905,2.116,0.0857,0.2783,0.1873,0.031,0.0631,0.2053,,0.3438,0.732,0.1897,0.0,1.259,1.2,1.024,1.84,11537,2000,20,ram,,Apple M2,8.59,Darwin 23.4.0,3.14.6,0.1.0b1,1.12.3,0.13.2,2.4.6,1.18.0,3.0.5,0.66.0,1.0.0,0.12.0,0.5.12,0.6.0,7.2.2,3.16.0
"laptop, every tool, no UMAP (Polariseq under Scanpy's steps)",pbmc10k__scanpy-tuned__rep5__20260927T223947,2026-09-27T22:39:47,pbmc10k,11769,33538,24825783,scanpy-tuned,scanpy (tuned),,5,ok,,4,6.0,False,2000,50,15,1.0,200,0,23.514,2.182,0.0855,0.2727,0.1926,0.0329,0.0637,0.219,,0.3944,0.7299,0.191,0.0,1.257,1.329,1.077,1.828,11537,2000,20,ram,,Apple M2,8.59,Darwin 23.4.0,3.14.6,0.1.0b1,1.12.3,0.13.2,2.4.6,1.18.0,3.0.5,0.66.0,1.0.0,0.12.0,0.5.12,0.6.0,7.2.2,3.16.0
"laptop, every tool, no UMAP (Polariseq under Scanpy's steps)",pbmc10k__scarf__rep1__20260927T231206,2026-09-27T23:12:06,pbmc10k,11769,33538,24825783,scarf,"Scarf (Zarr, out-of-core)",,1,ok,,4,6.0,False,2000,50,15,1.0,200,0,33.829,17.397,2.1059,0.0,0.0017,0.0,0.0,3.19,,11.2697,0.0,0.8301,0.0,0.489,1.545,0.388,4.091,11537,2000,21,zarr,,Apple M2,8.59,Darwin 23.4.0,3.14.6,0.1.0b1,1.12.3,0.13.2,2.4.6,1.18.0,3.0.5,0.66.0,1.0.0,0.12.0,0.5.12,0.6.0,7.2.2,3.16.0
"laptop, every tool, no UMAP (Polariseq under Scanpy's steps)",pbmc10k__scarf__rep2__20260927T231348,2026-09-27T23:13:48,pbmc10k,11769,33538,24825783,scarf,"Scarf (Zarr, out-of-core)",,2,ok,,4,6.0,False,2000,50,15,1.0,200,0,33.071,17.436,2.1427,0.0,0.0018,0.0,0.0,3.1369,,11.3198,0.0,0.8349,0.0,0.491,1.531,0.389,3.929,11537,2000,21,zarr,,Apple M2,8.59,Darwin 23.4.0,3.14.6,0.1.0b1,1.12.3,0.13.2,2.4.6,1.18.0,3.0.5,0.66.0,1.0.0,0.12.0,0.5.12,0.6.0,7.2.2,3.16.0
"laptop, every tool, no UMAP (Polariseq under Scanpy's steps)",pbmc10k__scarf__rep3__20260927T231523,2026-09-27T23:15:23,pbmc10k,11769,33538,24825783,scarf,"Scarf (Zarr, out-of-core)",,3,ok,,4,6.0,False,2000,50,15,1.0,200,0,33.74,17.32,2.0933,0.0,0.0018,0.0,0.0,3.1441,,11.2503,0.0,0.8309,0.0,0.489,1.543,0.387,4.08,11537,2000,21,zarr,,Apple M2,8.59,Darwin 23.4.0,3.14.6,0.1.0b1,1.12.3,0.13.2,2.4.6,1.18.0,3.0.5,0.66.0,1.0.0,0.12.0,0.5.12,0.6.0,7.2.2,3.16.0
"laptop, every tool, no UMAP (Polariseq under Scanpy's steps)",pbmc10k__seurat-bpcells__rep1__20260927T231120,2026-09-27T23:11:20,pbmc10k,11769,33538,24825783,seurat-bpcells,"Seurat (BPCells, disk-backed)",,1,ok,,4,6.0,False,2000,50,15,1.0,200,0,40.446,36.335,0.2811,0.0639,0.1706,0.4725,0.0,0.8068,,31.3879,1.3784,1.7739,0.0,0.6,1.043,0.108,4.525,11537,2000,21,bpcells,,Apple M2,8.59,Darwin 23.4.0,3.14.6,0.1.0b1,1.12.3,0.13.2,2.4.6,1.18.0,3.0.5,0.66.0,1.0.0,0.12.0,0.5.12,0.6.0,7.2.2,3.16.0
"laptop, every tool, no UMAP (Polariseq under Scanpy's steps)",pbmc10k__seurat-bpcells__rep2__20260927T231241,2026-09-27T23:12:41,pbmc10k,11769,33538,24825783,seurat-bpcells,"Seurat (BPCells, disk-backed)",,2,ok,,4,6.0,False,2000,50,15,1.0,200,0,40.276,36.363,0.278,0.0623,0.1685,0.4718,0.0,0.8056,,31.4202,1.3724,1.7838,0.0,0.611,1.014,0.107,4.214,11537,2000,21,bpcells,,Apple M2,8.59,Darwin 23.4.0,3.14.6,0.1.0b1,1.12.3,0.13.2,2.4.6,1.18.0,3.0.5,0.66.0,1.0.0,0.12.0,0.5.12,0.6.0,7.2.2,3.16.0
"laptop, every tool, no UMAP (Polariseq under Scanpy's steps)",pbmc10k__seurat-bpcells__rep3__20260927T231632,2026-09-27T23:16:32,pbmc10k,11769,33538,24825783,seurat-bpcells,"Seurat (BPCells, disk-backed)",,3,ok,,4,6.0,False,2000,50,15,1.0,200,0,40.249,36.227,0.2814,0.063,0.1715,0.472,0.0,0.8034,,31.2665,1.3851,1.7844,0.0,0.65,1.045,0.101,4.545,11537,2000,21,bpcells,,Apple M2,8.59,Darwin 23.4.0,3.14.6,0.1.0b1,1.12.3,0.13.2,2.4.6,1.18.0,3.0.5,0.66.0,1.0.0,0.12.0,0.5.12,0.6.0,7.2.2,3.16.0
"laptop, every tool, no UMAP (Polariseq under Scanpy's steps)",pbmc10k__seurat-tuned__rep1__20260927T231045,2026-09-27T23:10:45,pbmc10k,11769,33538,24825783,seurat-tuned,Seurat (tuned),,1,ok,,4,6.0,False,2000,50,15,1.0,200,0,13.593,10.268,1.1381,0.3541,0.4329,1.0798,0.0,1.2879,,3.071,1.3872,1.5173,0.0,2.914,3.672,0.511,3.181,11537,2000,20,ram,,Apple M2,8.59,Darwin 23.4.0,3.14.6,0.1.0b1,1.12.3,0.13.2,2.4.6,1.18.0,3.0.5,0.66.0,1.0.0,0.12.0,0.5.12,0.6.0,7.2.2,3.16.0
"laptop, every tool, no UMAP (Polariseq under Scanpy's steps)",pbmc10k__seurat-tuned__rep2__20260927T231422,2026-09-27T23:14:22,pbmc10k,11769,33538,24825783,seurat-tuned,Seurat (tuned),,2,ok,,4,6.0,False,2000,50,15,1.0,200,0,13.276,10.151,1.1235,0.3331,0.4277,1.0468,0.0,1.2838,,3.0439,1.378,1.5138,0.0,2.653,3.671,0.51,3.155,11537,2000,20,ram,,Apple M2,8.59,Darwin 23.4.0,3.14.6,0.1.0b1,1.12.3,0.13.2,2.4.6,1.18.0,3.0.5,0.66.0,1.0.0,0.12.0,0.5.12,0.6.0,7.2.2,3.16.0
"laptop, every tool, no UMAP (Polariseq under Scanpy's steps)",pbmc10k__seurat-tuned__rep3__20260927T231557,2026-09-27T23:15:57,pbmc10k,11769,33538,24825783,seurat-tuned,Seurat (tuned),,3,ok,,4,6.0,False,2000,50,15,1.0,200,0,13.415,10.188,1.1321,0.334,0.4303,1.0436,0.0,1.2892,,3.0473,1.3726,1.5393,0.0001,2.623,3.63,0.513,3.159,11537,2000,20,ram,,Apple M2,8.59,Darwin 23.4.0,3.14.6,0.1.0b1,1.12.3,0.13.2,2.4.6,1.18.0,3.0.5,0.66.0,1.0.0,0.12.0,0.5.12,0.6.0,7.2.2,3.16.0
"laptop, every tool, no UMAP (Polariseq under Scanpy's steps)",pbmc20k__bpcells-native__rep1__20260927T232504,2026-09-27T23:25:04,pbmc20k,23837,36601,54878285,bpcells-native,"BPCells (native, disk-backed)",,1,ok,,4,6.0,False,2000,50,15,1.0,200,0,5.344,2.259,0.0092,0.1055,0.001,0.0027,0.0006,0.0867,,0.48,1.4177,0.1552,0.0,0.329,0.643,0.109,4.924,23766,2000,21,bpcells,,Apple M2,8.59,Darwin 23.4.0,3.14.6,0.1.0b1,1.12.3,0.13.2,2.4.6,1.18.0,3.0.5,0.66.0,1.0.0,0.12.0,0.5.12,0.6.0,7.2.2,3.16.0
"laptop, every tool, no UMAP (Polariseq under Scanpy's steps)",pbmc20k__bpcells-native__rep2__20260927T232731,2026-09-27T23:27:31,pbmc20k,23837,36601,54878285,bpcells-native,"BPCells (native, disk-backed)",,2,ok,,4,6.0,False,2000,50,15,1.0,200,0,5.219,2.25,0.0089,0.1049,0.001,0.0026,0.0006,0.0863,,0.4743,1.4165,0.155,0.0,0.344,0.635,0.11,4.748,23766,2000,21,bpcells,,Apple M2,8.59,Darwin 23.4.0,3.14.6,0.1.0b1,1.12.3,0.13.2,2.4.6,1.18.0,3.0.5,0.66.0,1.0.0,0.12.0,0.5.12,0.6.0,7.2.2,3.16.0
"laptop, every tool, no UMAP (Polariseq under Scanpy's steps)",pbmc20k__bpcells-native__rep3__20260927T232918,2026-09-27T23:29:18,pbmc20k,23837,36601,54878285,bpcells-native,"BPCells (native, disk-backed)",,3,ok,,4,6.0,False,2000,50,15,1.0,200,0,5.518,2.263,0.0092,0.1058,0.001,0.0027,0.0006,0.0863,,0.4759,1.4202,0.161,0.0,0.346,0.644,0.111,4.724,23766,2000,20,bpcells,,Apple M2,8.59,Darwin 23.4.0,3.14.6,0.1.0b1,1.12.3,0.13.2,2.4.6,1.18.0,3.0.5,0.66.0,1.0.0,0.12.0,0.5.12,0.6.0,7.2.2,3.16.0
"laptop, every tool, no UMAP (Polariseq under Scanpy's steps)",pbmc20k__polariseq-ram__rep1__20260928T092447,2026-09-28T09:24:47,pbmc20k,23837,36601,54878285,polariseq-ram,Polariseq (in-RAM),,1,ok,,4,6.0,False,2000,50,15,1.0,200,0,1.909,1.56,0.15,0.0388,0.017,0.0187,0.0371,0.261,,0.7191,0.2263,0.0916,0.0,0.553,0.569,0.534,1.52,23766,2000,21,ram,4,Apple M2,8.59,Darwin 23.4.0,3.14.6,0.1.0b1,1.12.3,0.13.2,2.4.6,1.18.0,3.0.5,0.66.0,1.0.0,0.12.0,0.5.12,0.6.0,7.2.2,3.16.0
"laptop, every tool, no UMAP (Polariseq under Scanpy's steps)",pbmc20k__polariseq-ram__rep2__20260928T092458,2026-09-28T09:24:58,pbmc20k,23837,36601,54878285,polariseq-ram,Polariseq (in-RAM),,2,ok,,4,6.0,False,2000,50,15,1.0,200,0,1.921,1.573,0.1286,0.0381,0.0175,0.0189,0.039,0.262,,0.7559,0.221,0.0919,0.0,0.551,0.574,0.55,1.758,23766,2000,21,ram,4,Apple M2,8.59,Darwin 23.4.0,3.14.6,0.1.0b1,1.12.3,0.13.2,2.4.6,1.18.0,3.0.5,0.66.0,1.0.0,0.12.0,0.5.12,0.6.0,7.2.2,3.16.0
"laptop, every tool, no UMAP (Polariseq under Scanpy's steps)",pbmc20k__polariseq-ram__rep3__20260928T092501,2026-09-28T09:25:01,pbmc20k,23837,36601,54878285,polariseq-ram,Polariseq (in-RAM),,3,ok,,4,6.0,False,2000,50,15,1.0,200,0,1.889,1.555,0.1295,0.0393,0.0169,0.0189,0.0385,0.2719,,0.7299,0.2181,0.0917,0.0,0.553,0.579,0.537,1.511,23766,2000,21,ram,4,Apple M2,8.59,Darwin 23.4.0,3.14.6,0.1.0b1,1.12.3,0.13.2,2.4.6,1.18.0,3.0.5,0.66.0,1.0.0,0.12.0,0.5.12,0.6.0,7.2.2,3.16.0
"laptop, every tool, no UMAP (Polariseq under Scanpy's steps)",pbmc20k__polariseq-ram__rep4__20260928T092507,2026-09-28T09:25:07,pbmc20k,23837,36601,54878285,polariseq-ram,Polariseq (in-RAM),,4,ok,,4,6.0,False,2000,50,15,1.0,200,0,1.953,1.541,0.1292,0.0375,0.02,0.0192,0.0387,0.2676,,0.7184,0.2193,0.0914,0.0,0.551,0.583,0.534,1.985,23766,2000,21,ram,4,Apple M2,8.59,Darwin 23.4.0,3.14.6,0.1.0b1,1.12.3,0.13.2,2.4.6,1.18.0,3.0.5,0.66.0,1.0.0,0.12.0,0.5.12,0.6.0,7.2.2,3.16.0
"laptop, every tool, no UMAP (Polariseq under Scanpy's steps)",pbmc20k__polariseq-ram__rep5__20260928T092514,2026-09-28T09:25:14,pbmc20k,23837,36601,54878285,polariseq-ram,Polariseq (in-RAM),,5,ok,,4,6.0,False,2000,50,15,1.0,200,0,1.953,1.541,0.1302,0.0382,0.0185,0.0194,0.0385,0.2682,,0.7143,0.2214,0.0921,0.0,0.545,0.568,0.525,1.744,23766,2000,21,ram,4,Apple M2,8.59,Darwin 23.4.0,3.14.6,0.1.0b1,1.12.3,0.13.2,2.4.6,1.18.0,3.0.5,0.66.0,1.0.0,0.12.0,0.5.12,0.6.0,7.2.2,3.16.0
"laptop, every tool, no UMAP (Polariseq under Scanpy's steps)",pbmc20k__polariseq-spill__rep1__20260928T092450,2026-09-28T09:24:50,pbmc20k,23837,36601,54878285,polariseq-spill,Polariseq (out-of-core),,1,ok,,4,6.0,False,2000,50,15,1.0,200,0,2.508,0,,,,,,,,,,,0.0,0.859,1.254,0.812,1.371,23766,2000,21,spill,4,Apple M2,8.59,Darwin 23.4.0,3.14.6,0.1.0b1,1.12.3,0.13.2,2.4.6,1.18.0,3.0.5,0.66.0,1.0.0,0.12.0,0.5.12,0.6.0,7.2.2,3.16.0
"laptop, every tool, no UMAP (Polariseq under Scanpy's steps)",pbmc20k__polariseq-spill__rep2__20260928T092454,2026-09-28T09:24:54,pbmc20k,23837,36601,54878285,polariseq-spill,Polariseq (out-of-core),,2,ok,,4,6.0,False,2000,50,15,1.0,200,0,2.384,0,,,,,,,,,,,0.0,0.847,1.126,0.841,1.402,23766,2000,21,spill,4,Apple M2,8.59,Darwin 23.4.0,3.14.6,0.1.0b1,1.12.3,0.13.2,2.4.6,1.18.0,3.0.5,0.66.0,1.0.0,0.12.0,0.5.12,0.6.0,7.2.2,3.16.0
"laptop, every tool, no UMAP (Polariseq under Scanpy's steps)",pbmc20k__polariseq-spill__rep3__20260928T092504,2026-09-28T09:25:04,pbmc20k,23837,36601,54878285,polariseq-spill,Polariseq (out-of-core),,3,ok,,4,6.0,False,2000,50,15,1.0,200,0,2.412,0,,,,,,,,,,,0.0,0.944,1.18,0.817,1.41,23766,2000,21,spill,4,Apple M2,8.59,Darwin 23.4.0,3.14.6,0.1.0b1,1.12.3,0.13.2,2.4.6,1.18.0,3.0.5,0.66.0,1.0.0,0.12.0,0.5.12,0.6.0,7.2.2,3.16.0
"laptop, every tool, no UMAP (Polariseq under Scanpy's steps)",pbmc20k__polariseq-spill__rep4__20260928T092510,2026-09-28T09:25:10,pbmc20k,23837,36601,54878285,polariseq-spill,Polariseq (out-of-core),,4,ok,,4,6.0,False,2000,50,15,1.0,200,0,2.403,0,,,,,,,,,,,0.0,0.997,1.198,0.906,1.34,23766,2000,21,spill,4,Apple M2,8.59,Darwin 23.4.0,3.14.6,0.1.0b1,1.12.3,0.13.2,2.4.6,1.18.0,3.0.5,0.66.0,1.0.0,0.12.0,0.5.12,0.6.0,7.2.2,3.16.0
"laptop, every tool, no UMAP (Polariseq under Scanpy's steps)",pbmc20k__polariseq-spill__rep5__20260928T092517,2026-09-28T09:25:17,pbmc20k,23837,36601,54878285,polariseq-spill,Polariseq (out-of-core),,5,ok,,4,6.0,False,2000,50,15,1.0,200,0,2.429,0,,,,,,,,,,,0.0,0.947,1.238,0.853,1.372,23766,2000,21,spill,4,Apple M2,8.59,Darwin 23.4.0,3.14.6,0.1.0b1,1.12.3,0.13.2,2.4.6,1.18.0,3.0.5,0.66.0,1.0.0,0.12.0,0.5.12,0.6.0,7.2.2,3.16.0
"laptop, every tool, no UMAP (Polariseq under Scanpy's steps)",pbmc20k__scanpy-tuned-seed1__rep1__20260927T224514,2026-09-27T22:45:14,pbmc20k,23837,36601,54878285,scanpy-tuned-seed1,"scanpy (tuned, second seed)",,1,ok,,4,6.0,False,2000,50,15,1.0,200,0,25.36,3.954,0.202,0.5136,0.487,0.0737,0.1427,0.4776,,0.6512,0.9799,0.4265,0.0,2.027,1.545,1.48,1.667,23766,2000,22,ram,,Apple M2,8.59,Darwin 23.4.0,3.14.6,0.1.0b1,1.12.3,0.13.2,2.4.6,1.18.0,3.0.5,0.66.0,1.0.0,0.12.0,0.5.12,0.6.0,7.2.2,3.16.0
"laptop, every tool, no UMAP (Polariseq under Scanpy's steps)",pbmc20k__scanpy-tuned-seed1__rep2__20260927T224606,2026-09-27T22:46:06,pbmc20k,23837,36601,54878285,scanpy-tuned-seed1,"scanpy (tuned, second seed)",,2,ok,,4,6.0,False,2000,50,15,1.0,200,0,25.235,3.874,0.1468,0.5633,0.4788,0.0754,0.1401,0.4863,,0.6311,0.9208,0.4318,0.0,2.041,1.491,1.345,1.78,23766,2000,22,ram,,Apple M2,8.59,Darwin 23.4.0,3.14.6,0.1.0b1,1.12.3,0.13.2,2.4.6,1.18.0,3.0.5,0.66.0,1.0.0,0.12.0,0.5.12,0.6.0,7.2.2,3.16.0
"laptop, every tool, no UMAP (Polariseq under Scanpy's steps)",pbmc20k__scanpy-tuned-seed1__rep3__20260927T224659,2026-09-27T22:46:59,pbmc20k,23837,36601,54878285,scanpy-tuned-seed1,"scanpy (tuned, second seed)",,3,ok,,4,6.0,False,2000,50,15,1.0,200,0,25.246,3.793,0.1897,0.4955,0.4579,0.0714,0.1404,0.4766,,0.6299,0.901,0.4311,0.0,2.038,1.664,1.553,1.698,23766,2000,22,ram,,Apple M2,8.59,Darwin 23.4.0,3.14.6,0.1.0b1,1.12.3,0.13.2,2.4.6,1.18.0,3.0.5,0.66.0,1.0.0,0.12.0,0.5.12,0.6.0,7.2.2,3.16.0
"laptop, every tool, no UMAP (Polariseq under Scanpy's steps)",pbmc20k__scanpy-tuned-seed1__rep4__20260927T224725,2026-09-27T22:47:25,pbmc20k,23837,36601,54878285,scanpy-tuned-seed1,"scanpy (tuned, second seed)",,4,ok,,4,6.0,False,2000,50,15,1.0,200,0,24.98,3.715,0.1302,0.4144,0.5126,0.0732,0.1399,0.4818,,0.6347,0.9035,0.4245,0.0,2.036,1.572,1.562,1.889,23766,2000,22,ram,,Apple M2,8.59,Darwin 23.4.0,3.14.6,0.1.0b1,1.12.3,0.13.2,2.4.6,1.18.0,3.0.5,0.66.0,1.0.0,0.12.0,0.5.12,0.6.0,7.2.2,3.16.0
"laptop, every tool, no UMAP (Polariseq under Scanpy's steps)",pbmc20k__scanpy-tuned-seed1__rep5__20260927T224844,2026-09-27T22:48:44,pbmc20k,23837,36601,54878285,scanpy-tuned-seed1,"scanpy (tuned, second seed)",,5,ok,,4,6.0,False,2000,50,15,1.0,200,0,25.072,3.805,0.1358,0.5317,0.477,0.0723,0.14,0.4747,,0.6343,0.9118,0.4271,0.0,2.036,1.433,1.431,1.892,23766,2000,22,ram,,Apple M2,8.59,Darwin 23.4.0,3.14.6,0.1.0b1,1.12.3,0.13.2,2.4.6,1.18.0,3.0.5,0.66.0,1.0.0,0.12.0,0.5.12,0.6.0,7.2.2,3.16.0
"laptop, every tool, no UMAP (Polariseq under Scanpy's steps)",pbmc20k__scanpy-tuned__rep1__20260927T224447,2026-09-27T22:44:47,pbmc20k,23837,36601,54878285,scanpy-tuned,scanpy (tuned),,1,ok,,4,6.0,False,2000,50,15,1.0,200,0,24.951,3.78,0.178,0.4834,0.4421,0.0719,0.1403,0.486,,0.6403,0.9206,0.4172,0.0,1.99,1.544,1.31,1.845,23766,2000,22,ram,,Apple M2,8.59,Darwin 23.4.0,3.14.6,0.1.0b1,1.12.3,0.13.2,2.4.6,1.18.0,3.0.5,0.66.0,1.0.0,0.12.0,0.5.12,0.6.0,7.2.2,3.16.0
"laptop, every tool, no UMAP (Polariseq under Scanpy's steps)",pbmc20k__scanpy-tuned__rep2__20260927T224540,2026-09-27T22:45:40,pbmc20k,23837,36601,54878285,scanpy-tuned,scanpy (tuned),,2,ok,,4,6.0,False,2000,50,15,1.0,200,0,25.219,3.823,0.1326,0.5218,0.4937,0.0737,0.1396,0.475,,0.6432,0.9237,0.4195,0.0,2.039,1.568,1.453,1.742,23766,2000,22,ram,,Apple M2,8.59,Darwin 23.4.0,3.14.6,0.1.0b1,1.12.3,0.13.2,2.4.6,1.18.0,3.0.5,0.66.0,1.0.0,0.12.0,0.5.12,0.6.0,7.2.2,3.16.0
"laptop, every tool, no UMAP (Polariseq under Scanpy's steps)",pbmc20k__scanpy-tuned__rep3__20260927T224633,2026-09-27T22:46:33,pbmc20k,23837,36601,54878285,scanpy-tuned,scanpy (tuned),,3,ok,,4,6.0,False,2000,50,15,1.0,200,0,25.194,3.81,0.1654,0.4946,0.4779,0.0724,0.1399,0.4747,,0.6421,0.9154,0.4279,0.0,2.034,1.568,1.458,1.693,23766,2000,22,ram,,Apple M2,8.59,Darwin 23.4.0,3.14.6,0.1.0b1,1.12.3,0.13.2,2.4.6,1.18.0,3.0.5,0.66.0,1.0.0,0.12.0,0.5.12,0.6.0,7.2.2,3.16.0
"laptop, every tool, no UMAP (Polariseq under Scanpy's steps)",pbmc20k__scanpy-tuned__rep4__20260927T224752,2026-09-27T22:47:52,pbmc20k,23837,36601,54878285,scanpy-tuned,scanpy (tuned),,4,ok,,4,6.0,False,2000,50,15,1.0,200,0,25.038,3.741,0.1584,0.4835,0.462,0.0693,0.1396,0.4854,,0.6371,0.908,0.3973,0.0,2.032,1.34,1.392,1.713,23766,2000,22,ram,,Apple M2,8.59,Darwin 23.4.0,3.14.6,0.1.0b1,1.12.3,0.13.2,2.4.6,1.18.0,3.0.5,0.66.0,1.0.0,0.12.0,0.5.12,0.6.0,7.2.2,3.16.0
"laptop, every tool, no UMAP (Polariseq under Scanpy's steps)",pbmc20k__scanpy-tuned__rep5__20260927T224818,2026-09-27T22:48:18,pbmc20k,23837,36601,54878285,scanpy-tuned,scanpy (tuned),,5,ok,,4,6.0,False,2000,50,15,1.0,200,0,25.076,3.75,0.1301,0.4999,0.4658,0.0673,0.1404,0.4887,,0.6379,0.9187,0.4013,0.0,2.027,1.527,1.405,1.685,23766,2000,22,ram,,Apple M2,8.59,Darwin 23.4.0,3.14.6,0.1.0b1,1.12.3,0.13.2,2.4.6,1.18.0,3.0.5,0.66.0,1.0.0,0.12.0,0.5.12,0.6.0,7.2.2,3.16.0
"laptop, every tool, no UMAP (Polariseq under Scanpy's steps)",pbmc20k__scarf__rep1__20260927T232511,2026-09-27T23:25:11,pbmc20k,23837,36601,54878285,scarf,"Scarf (Zarr, out-of-core)",,1,ok,,4,6.0,False,2000,50,15,1.0,200,0,54.572,36.462,4.4296,0.0,0.0019,0.0,0.0,6.3611,,23.7572,0.0,1.9125,0.0,0.44,1.557,0.391,3.97,23766,2000,23,zarr,,Apple M2,8.59,Darwin 23.4.0,3.14.6,0.1.0b1,1.12.3,0.13.2,2.4.6,1.18.0,3.0.5,0.66.0,1.0.0,0.12.0,0.5.12,0.6.0,7.2.2,3.16.0
"laptop, every tool, no UMAP (Polariseq under Scanpy's steps)",pbmc20k__scarf__rep2__20260927T232758,2026-09-27T23:27:58,pbmc20k,23837,36601,54878285,scarf,"Scarf (Zarr, out-of-core)",,2,ok,,4,6.0,False,2000,50,15,1.0,200,0,53.698,36.589,4.4222,0.0,0.0017,0.0,0.0,6.3069,,23.9452,0.0,1.9134,0.0,0.429,1.597,0.393,3.807,23766,2000,23,zarr,,Apple M2,8.59,Darwin 23.4.0,3.14.6,0.1.0b1,1.12.3,0.13.2,2.4.6,1.18.0,3.0.5,0.66.0,1.0.0,0.12.0,0.5.12,0.6.0,7.2.2,3.16.0
"laptop, every tool, no UMAP (Polariseq under Scanpy's steps)",pbmc20k__scarf__rep3__20260927T232945,2026-09-27T23:29:45,pbmc20k,23837,36601,54878285,scarf,"Scarf (Zarr, out-of-core)",,3,ok,,4,6.0,False,2000,50,15,1.0,200,0,54.744,36.753,4.5391,0.0,0.0018,0.0,0.0,6.4127,,23.8918,0.0,1.9073,0.0,0.457,1.563,0.394,3.966,23766,2000,23,zarr,,Apple M2,8.59,Darwin 23.4.0,3.14.6,0.1.0b1,1.12.3,0.13.2,2.4.6,1.18.0,3.0.5,0.66.0,1.0.0,0.12.0,0.5.12,0.6.0,7.2.2,3.16.0
"laptop, every tool, no UMAP (Polariseq under Scanpy's steps)",pbmc20k__seurat-bpcells__rep1__20260927T232339,2026-09-27T23:23:39,pbmc20k,23837,36601,54878285,seurat-bpcells,"Seurat (BPCells, disk-backed)",,1,ok,,4,6.0,False,2000,50,15,1.0,200,0,63.669,58.76,0.529,0.1306,0.386,0.7221,0.0,1.2741,,48.5535,3.1479,4.0165,0.0,0.694,1.334,0.107,4.345,23766,2000,21,bpcells,,Apple M2,8.59,Darwin 23.4.0,3.14.6,0.1.0b1,1.12.3,0.13.2,2.4.6,1.18.0,3.0.5,0.66.0,1.0.0,0.12.0,0.5.12,0.6.0,7.2.2,3.16.0
"laptop, every tool, no UMAP (Polariseq under Scanpy's steps)",pbmc20k__seurat-bpcells__rep2__20260927T232607,2026-09-27T23:26:07,pbmc20k,23837,36601,54878285,seurat-bpcells,"Seurat (BPCells, disk-backed)",,2,ok,,4,6.0,False,2000,50,15,1.0,200,0,62.967,58.464,0.5333,0.1297,0.3821,0.7234,0.0,1.2864,,48.2326,3.1428,4.0336,0.0,0.684,1.386,0.111,4.107,23766,2000,21,bpcells,,Apple M2,8.59,Darwin 23.4.0,3.14.6,0.1.0b1,1.12.3,0.13.2,2.4.6,1.18.0,3.0.5,0.66.0,1.0.0,0.12.0,0.5.12,0.6.0,7.2.2,3.16.0
"laptop, every tool, no UMAP (Polariseq under Scanpy's steps)",pbmc20k__seurat-bpcells__rep3__20260927T233106,2026-09-27T23:31:06,pbmc20k,23837,36601,54878285,seurat-bpcells,"Seurat (BPCells, disk-backed)",,3,ok,,4,6.0,False,2000,50,15,1.0,200,0,63.046,58.168,0.526,0.131,0.2709,0.8449,0.0,1.2658,,47.9269,3.1752,4.0274,0.0,0.699,1.401,0.109,4.367,23766,2000,21,bpcells,,Apple M2,8.59,Darwin 23.4.0,3.14.6,0.1.0b1,1.12.3,0.13.2,2.4.6,1.18.0,3.0.5,0.66.0,1.0.0,0.12.0,0.5.12,0.6.0,7.2.2,3.16.0
"laptop, every tool, no UMAP (Polariseq under Scanpy's steps)",pbmc20k__seurat-tuned__rep1__20260927T232314,2026-09-27T23:23:14,pbmc20k,23837,36601,54878285,seurat-tuned,Seurat (tuned),,1,ok,,4,6.0,False,2000,50,15,1.0,200,0,23.59,19.746,1.799,0.6468,0.7429,2.4113,0.0,2.35,,5.0593,2.9731,3.7636,0.0,5.554,4.677,0.993,2.53,23766,2000,22,ram,,Apple M2,8.59,Darwin 23.4.0,3.14.6,0.1.0b1,1.12.3,0.13.2,2.4.6,1.18.0,3.0.5,0.66.0,1.0.0,0.12.0,0.5.12,0.6.0,7.2.2,3.16.0
"laptop, every tool, no UMAP (Polariseq under Scanpy's steps)",pbmc20k__seurat-tuned__rep2__20260927T232853,2026-09-27T23:28:53,pbmc20k,23837,36601,54878285,seurat-tuned,Seurat (tuned),,2,ok,,4,6.0,False,2000,50,15,1.0,200,0,23.714,19.56,1.822,0.6428,0.7616,2.4783,0.0,2.275,,4.9157,2.9321,3.7329,0.0,5.35,4.723,0.996,2.587,23766,2000,22,ram,,Apple M2,8.59,Darwin 23.4.0,3.14.6,0.1.0b1,1.12.3,0.13.2,2.4.6,1.18.0,3.0.5,0.66.0,1.0.0,0.12.0,0.5.12,0.6.0,7.2.2,3.16.0
"laptop, every tool, no UMAP (Polariseq under Scanpy's steps)",pbmc20k__seurat-tuned__rep3__20260927T233041,2026-09-27T23:30:41,pbmc20k,23837,36601,54878285,seurat-tuned,Seurat (tuned),,3,ok,,4,6.0,False,2000,50,15,1.0,200,0,23.513,19.669,1.8176,0.6438,0.7952,2.3988,0.0,2.323,,4.9543,2.9421,3.7947,0.0,5.469,4.799,0.999,2.619,23766,2000,22,ram,,Apple M2,8.59,Darwin 23.4.0,3.14.6,0.1.0b1,1.12.3,0.13.2,2.4.6,1.18.0,3.0.5,0.66.0,1.0.0,0.12.0,0.5.12,0.6.0,7.2.2,3.16.0
"laptop, every tool, no UMAP (Polariseq under Scanpy's steps)",pbmc3k__bpcells-native__rep1__20260927T225615,2026-09-27T22:56:15,pbmc3k,2700,32738,2286884,bpcells-native,"BPCells (native, disk-backed)",,1,ok,,4,6.0,False,2000,50,15,1.0,200,0,2.445,0.541,0.0052,0.0228,0.0004,0.0015,0.0006,0.0424,,0.1975,0.2336,0.0371,0.0,0.259,0.448,0.102,4.673,2700,2000,9,bpcells,,Apple M2,8.59,Darwin 23.4.0,3.14.6,0.1.0b1,1.12.3,0.13.2,2.4.6,1.18.0,3.0.5,0.66.0,1.0.0,0.12.0,0.5.12,0.6.0,7.2.2,3.16.0
"laptop, every tool, no UMAP (Polariseq under Scanpy's steps)",pbmc3k__bpcells-native__rep2__20260927T225805,2026-09-27T22:58:05,pbmc3k,2700,32738,2286884,bpcells-native,"BPCells (native, disk-backed)",,2,ok,,4,6.0,False,2000,50,15,1.0,200,0,2.419,0.541,0.0053,0.0229,0.0006,0.0016,0.0006,0.0432,,0.1987,0.233,0.0347,0.0,0.276,0.461,0.108,4.089,2700,2000,9,bpcells,,Apple M2,8.59,Darwin 23.4.0,3.14.6,0.1.0b1,1.12.3,0.13.2,2.4.6,1.18.0,3.0.5,0.66.0,1.0.0,0.12.0,0.5.12,0.6.0,7.2.2,3.16.0
"laptop, every tool, no UMAP (Polariseq under Scanpy's steps)",pbmc3k__bpcells-native__rep3__20260927T225938,2026-09-27T22:59:38,pbmc3k,2700,32738,2286884,bpcells-native,"BPCells (native, disk-backed)",,3,ok,,4,6.0,False,2000,50,15,1.0,200,0,2.449,0.544,0.0053,0.0232,0.0005,0.0016,0.0006,0.0436,,0.199,0.2341,0.0364,0.0,0.265,0.471,0.102,3.995,2700,2000,9,bpcells,,Apple M2,8.59,Darwin 23.4.0,3.14.6,0.1.0b1,1.12.3,0.13.2,2.4.6,1.18.0,3.0.5,0.66.0,1.0.0,0.12.0,0.5.12,0.6.0,7.2.2,3.16.0
"laptop, every tool, no UMAP (Polariseq under Scanpy's steps)",pbmc3k__polariseq-ram__rep1__20260928T092329,2026-09-28T09:23:29,pbmc3k,2700,32738,2286884,polariseq-ram,Polariseq (in-RAM),,1,ok,,4,6.0,False,2000,50,15,1.0,200,0,1.4,0.832,0.0498,0.0091,0.0006,0.0013,0.0023,0.0169,,0.6397,0.1016,0.0103,0.0,0.284,0.434,0.252,1.421,2700,2000,9,ram,4,Apple M2,8.59,Darwin 23.4.0,3.14.6,0.1.0b1,1.12.3,0.13.2,2.4.6,1.18.0,3.0.5,0.66.0,1.0.0,0.12.0,0.5.12,0.6.0,7.2.2,3.16.0
"laptop, every tool, no UMAP (Polariseq under Scanpy's steps)",pbmc3k__polariseq-ram__rep2__20260928T092336,2026-09-28T09:23:36,pbmc3k,2700,32738,2286884,polariseq-ram,Polariseq (in-RAM),,2,ok,,4,6.0,False,2000,50,15,1.0,200,0,1.302,0.879,0.0356,0.0073,0.0002,0.0008,0.0019,0.0183,,0.7293,0.0744,0.0113,0.0,0.288,0.427,0.261,1.395,2700,2000,9,ram,4,Apple M2,8.59,Darwin 23.4.0,3.14.6,0.1.0b1,1.12.3,0.13.2,2.4.6,1.18.0,3.0.5,0.66.0,1.0.0,0.12.0,0.5.12,0.6.0,7.2.2,3.16.0
"laptop, every tool, no UMAP (Polariseq under Scanpy's steps)",pbmc3k__polariseq-ram__rep3__20260928T092339,2026-09-28T09:23:39,pbmc3k,2700,32738,2286884,polariseq-ram,Polariseq (in-RAM),,3,ok,,4,6.0,False,2000,50,15,1.0,200,0,1.142,0.787,0.0464,0.0067,0.0002,0.0009,0.0018,0.0165,,0.6344,0.0697,0.0103,0.0,0.251,0.416,0.224,1.418,2700,2000,9,ram,4,Apple M2,8.59,Darwin 23.4.0,3.14.6,0.1.0b1,1.12.3,0.13.2,2.4.6,1.18.0,3.0.5,0.66.0,1.0.0,0.12.0,0.5.12,0.6.0,7.2.2,3.16.0
"laptop, every tool, no UMAP (Polariseq under Scanpy's steps)",pbmc3k__polariseq-ram__rep4__20260928T092343,2026-09-28T09:23:43,pbmc3k,2700,32738,2286884,polariseq-ram,Polariseq (in-RAM),,4,ok,,4,6.0,False,2000,50,15,1.0,200,0,1.063,0.73,0.0281,0.0061,0.0002,0.0007,0.0015,0.0158,,0.6023,0.065,0.0102,0.0,0.245,0.463,0.244,1.577,2700,2000,9,ram,4,Apple M2,8.59,Darwin 23.4.0,3.14.6,0.1.0b1,1.12.3,0.13.2,2.4.6,1.18.0,3.0.5,0.66.0,1.0.0,0.12.0,0.5.12,0.6.0,7.2.2,3.16.0
"laptop, every tool, no UMAP (Polariseq under Scanpy's steps)",pbmc3k__polariseq-ram__rep5__20260928T092347,2026-09-28T09:23:47,pbmc3k,2700,32738,2286884,polariseq-ram,Polariseq (in-RAM),,5,ok,,4,6.0,False,2000,50,15,1.0,200,0,1.164,0.831,0.0279,0.006,0.0002,0.0007,0.0015,0.0164,,0.699,0.0692,0.0102,0.0,0.284,0.407,0.246,1.609,2700,2000,9,ram,4,Apple M2,8.59,Darwin 23.4.0,3.14.6,0.1.0b1,1.12.3,0.13.2,2.4.6,1.18.0,3.0.5,0.66.0,1.0.0,0.12.0,0.5.12,0.6.0,7.2.2,3.16.0
"laptop, every tool, no UMAP (Polariseq under Scanpy's steps)",pbmc3k__polariseq-spill__rep1__20260928T092332,2026-09-28T09:23:32,pbmc3k,2700,32738,2286884,polariseq-spill,Polariseq (out-of-core),,1,ok,,4,6.0,False,2000,50,15,1.0,200,0,1.186,0,,,,,,,,,,,0.0,0.282,0.428,0.244,1.386,2700,2000,9,spill,4,Apple M2,8.59,Darwin 23.4.0,3.14.6,0.1.0b1,1.12.3,0.13.2,2.4.6,1.18.0,3.0.5,0.66.0,1.0.0,0.12.0,0.5.12,0.6.0,7.2.2,3.16.0
"laptop, every tool, no UMAP (Polariseq under Scanpy's steps)",pbmc3k__polariseq-spill__rep2__20260928T092334,2026-09-28T09:23:34,pbmc3k,2700,32738,2286884,polariseq-spill,Polariseq (out-of-core),,2,ok,,4,6.0,False,2000,50,15,1.0,200,0,1.536,0,,,,,,,,,,,0.0,0.288,0.388,0.248,1.451,2700,2000,9,spill,4,Apple M2,8.59,Darwin 23.4.0,3.14.6,0.1.0b1,1.12.3,0.13.2,2.4.6,1.18.0,3.0.5,0.66.0,1.0.0,0.12.0,0.5.12,0.6.0,7.2.2,3.16.0
"laptop, every tool, no UMAP (Polariseq under Scanpy's steps)",pbmc3k__polariseq-spill__rep3__20260928T092341,2026-09-28T09:23:41,pbmc3k,2700,32738,2286884,polariseq-spill,Polariseq (out-of-core),,3,ok,,4,6.0,False,2000,50,15,1.0,200,0,1.206,0,,,,,,,,,,,0.0,0.241,0.484,0.24,1.468,2700,2000,9,spill,4,Apple M2,8.59,Darwin 23.4.0,3.14.6,0.1.0b1,1.12.3,0.13.2,2.4.6,1.18.0,3.0.5,0.66.0,1.0.0,0.12.0,0.5.12,0.6.0,7.2.2,3.16.0
"laptop, every tool, no UMAP (Polariseq under Scanpy's steps)",pbmc3k__polariseq-spill__rep4__20260928T092345,2026-09-28T09:23:45,pbmc3k,2700,32738,2286884,polariseq-spill,Polariseq (out-of-core),,4,ok,,4,6.0,False,2000,50,15,1.0,200,0,1.166,0,,,,,,,,,,,0.0,0.245,0.44,0.244,1.562,2700,2000,9,spill,4,Apple M2,8.59,Darwin 23.4.0,3.14.6,0.1.0b1,1.12.3,0.13.2,2.4.6,1.18.0,3.0.5,0.66.0,1.0.0,0.12.0,0.5.12,0.6.0,7.2.2,3.16.0
"laptop, every tool, no UMAP (Polariseq under Scanpy's steps)",pbmc3k__polariseq-spill__rep5__20260928T092350,2026-09-28T09:23:50,pbmc3k,2700,32738,2286884,polariseq-spill,Polariseq (out-of-core),,5,ok,,4,6.0,False,2000,50,15,1.0,200,0,1.164,0,,,,,,,,,,,0.0,0.282,0.41,0.245,1.586,2700,2000,9,spill,4,Apple M2,8.59,Darwin 23.4.0,3.14.6,0.1.0b1,1.12.3,0.13.2,2.4.6,1.18.0,3.0.5,0.66.0,1.0.0,0.12.0,0.5.12,0.6.0,7.2.2,3.16.0
"laptop, every tool, no UMAP (Polariseq under Scanpy's steps)",pbmc3k__scanpy-tuned-seed1__rep1__20260927T223307,2026-09-27T22:33:07,pbmc3k,2700,32738,2286884,scanpy-tuned-seed1,"scanpy (tuned, second seed)",,1,ok,,4,6.0,False,2000,50,15,1.0,200,0,21.502,0.337,0.0494,0.0138,0.0255,0.0106,0.006,0.03,,0.134,0.0205,0.0473,0.0,0.637,0.901,0.611,2.346,2700,2000,9,ram,,Apple M2,8.59,Darwin 23.4.0,3.14.6,0.1.0b1,1.12.3,0.13.2,2.4.6,1.18.0,3.0.5,0.66.0,1.0.0,0.12.0,0.5.12,0.6.0,7.2.2,3.16.0
"laptop, every tool, no UMAP (Polariseq under Scanpy's steps)",pbmc3k__scanpy-tuned-seed1__rep2__20260927T223352,2026-09-27T22:33:52,pbmc3k,2700,32738,2286884,scanpy-tuned-seed1,"scanpy (tuned, second seed)",,2,ok,,4,6.0,False,2000,50,15,1.0,200,0,21.486,0.322,0.0386,0.0142,0.0235,0.0091,0.006,0.0291,,0.1356,0.0176,0.0482,0.0,0.646,0.902,0.609,2.37,2700,2000,9,ram,,Apple M2,8.59,Darwin 23.4.0,3.14.6,0.1.0b1,1.12.3,0.13.2,2.4.6,1.18.0,3.0.5,0.66.0,1.0.0,0.12.0,0.5.12,0.6.0,7.2.2,3.16.0
"laptop, every tool, no UMAP (Polariseq under Scanpy's steps)",pbmc3k__scanpy-tuned-seed1__rep3__20260927T223437,2026-09-27T22:34:37,pbmc3k,2700,32738,2286884,scanpy-tuned-seed1,"scanpy (tuned, second seed)",,3,ok,,4,6.0,False,2000,50,15,1.0,200,0,21.406,0.322,0.0364,0.0147,0.0246,0.0105,0.0069,0.0301,,0.1343,0.0195,0.0445,0.0,0.641,0.921,0.595,2.371,2700,2000,9,ram,,Apple M2,8.59,Darwin 23.4.0,3.14.6,0.1.0b1,1.12.3,0.13.2,2.4.6,1.18.0,3.0.5,0.66.0,1.0.0,0.12.0,0.5.12,0.6.0,7.2.2,3.16.0
"laptop, every tool, no UMAP (Polariseq under Scanpy's steps)",pbmc3k__scanpy-tuned-seed1__rep4__20260927T223459,2026-09-27T22:34:59,pbmc3k,2700,32738,2286884,scanpy-tuned-seed1,"scanpy (tuned, second seed)",,4,ok,,4,6.0,False,2000,50,15,1.0,200,0,21.567,0.321,0.0386,0.0133,0.0228,0.009,0.006,0.0317,,0.1335,0.0187,0.0477,0.0,0.64,0.912,0.6,2.359,2700,2000,9,ram,,Apple M2,8.59,Darwin 23.4.0,3.14.6,0.1.0b1,1.12.3,0.13.2,2.4.6,1.18.0,3.0.5,0.66.0,1.0.0,0.12.0,0.5.12,0.6.0,7.2.2,3.16.0
"laptop, every tool, no UMAP (Polariseq under Scanpy's steps)",pbmc3k__scanpy-tuned-seed1__rep5__20260927T223607,2026-09-27T22:36:07,pbmc3k,2700,32738,2286884,scanpy-tuned-seed1,"scanpy (tuned, second seed)",,5,ok,,4,6.0,False,2000,50,15,1.0,200,0,21.523,0.335,0.0509,0.0129,0.0245,0.0092,0.0061,0.0303,,0.1334,0.0192,0.0481,0.0,0.647,0.928,0.612,2.326,2700,2000,9,ram,,Apple M2,8.59,Darwin 23.4.0,3.14.6,0.1.0b1,1.12.3,0.13.2,2.4.6,1.18.0,3.0.5,0.66.0,1.0.0,0.12.0,0.5.12,0.6.0,7.2.2,3.16.0
"laptop, every tool, no UMAP (Polariseq under Scanpy's steps)",pbmc3k__scanpy-tuned__rep1__20260927T223243,2026-09-27T22:32:43,pbmc3k,2700,32738,2286884,scanpy-tuned,scanpy (tuned),,1,ok,,4,6.0,False,2000,50,15,1.0,200,0,22.234,0.347,0.0534,0.015,0.0271,0.0104,0.006,0.0314,,0.1371,0.0175,0.0492,0.0,0.643,0.913,0.611,2.364,2700,2000,9,ram,,Apple M2,8.59,Darwin 23.4.0,3.14.6,0.1.0b1,1.12.3,0.13.2,2.4.6,1.18.0,3.0.5,0.66.0,1.0.0,0.12.0,0.5.12,0.6.0,7.2.2,3.16.0
"laptop, every tool, no UMAP (Polariseq under Scanpy's steps)",pbmc3k__scanpy-tuned__rep2__20260927T223329,2026-09-27T22:33:29,pbmc3k,2700,32738,2286884,scanpy-tuned,scanpy (tuned),,2,ok,,4,6.0,False,2000,50,15,1.0,200,0,21.501,0.323,0.0396,0.0146,0.0209,0.0091,0.006,0.0314,,0.1329,0.0181,0.0502,0.0,0.644,0.914,0.6,2.367,2700,2000,9,ram,,Apple M2,8.59,Darwin 23.4.0,3.14.6,0.1.0b1,1.12.3,0.13.2,2.4.6,1.18.0,3.0.5,0.66.0,1.0.0,0.12.0,0.5.12,0.6.0,7.2.2,3.16.0
"laptop, every tool, no UMAP (Polariseq under Scanpy's steps)",pbmc3k__scanpy-tuned__rep3__20260927T223414,2026-09-27T22:34:14,pbmc3k,2700,32738,2286884,scanpy-tuned,scanpy (tuned),,3,ok,,4,6.0,False,2000,50,15,1.0,200,0,21.473,0.315,0.0367,0.0142,0.0208,0.009,0.006,0.0292,,0.1337,0.0192,0.0457,0.0,0.642,0.907,0.597,2.38,2700,2000,9,ram,,Apple M2,8.59,Darwin 23.4.0,3.14.6,0.1.0b1,1.12.3,0.13.2,2.4.6,1.18.0,3.0.5,0.66.0,1.0.0,0.12.0,0.5.12,0.6.0,7.2.2,3.16.0
"laptop, every tool, no UMAP (Polariseq under Scanpy's steps)",pbmc3k__scanpy-tuned__rep4__20260927T223522,2026-09-27T22:35:22,pbmc3k,2700,32738,2286884,scanpy-tuned,scanpy (tuned),,4,ok,,4,6.0,False,2000,50,15,1.0,200,0,21.518,0.323,0.0387,0.0147,0.0228,0.0092,0.006,0.0306,,0.1335,0.0197,0.0475,0.0,0.645,0.912,0.619,2.375,2700,2000,9,ram,,Apple M2,8.59,Darwin 23.4.0,3.14.6,0.1.0b1,1.12.3,0.13.2,2.4.6,1.18.0,3.0.5,0.66.0,1.0.0,0.12.0,0.5.12,0.6.0,7.2.2,3.16.0
"laptop, every tool, no UMAP (Polariseq under Scanpy's steps)",pbmc3k__scanpy-tuned__rep5__20260927T223544,2026-09-27T22:35:44,pbmc3k,2700,32738,2286884,scanpy-tuned,scanpy (tuned),,5,ok,,4,6.0,False,2000,50,15,1.0,200,0,21.609,0.339,0.0524,0.0129,0.0239,0.0115,0.0077,0.0317,,0.1338,0.0189,0.0461,0.0,0.652,0.913,0.615,2.351,2700,2000,9,ram,,Apple M2,8.59,Darwin 23.4.0,3.14.6,0.1.0b1,1.12.3,0.13.2,2.4.6,1.18.0,3.0.5,0.66.0,1.0.0,0.12.0,0.5.12,0.6.0,7.2.2,3.16.0
"laptop, every tool, no UMAP (Polariseq under Scanpy's steps)",pbmc3k__scarf__rep1__20260927T225619,2026-09-27T22:56:19,pbmc3k,2700,32738,2286884,scarf,"Scarf (Zarr, out-of-core)",,1,ok,,4,6.0,False,2000,50,15,1.0,200,0,22.477,4.873,0.8077,0.0,0.0017,0.0,0.0,1.1483,,2.7123,0.0,0.2034,0.0,0.425,1.401,0.392,3.827,2700,2000,9,zarr,,Apple M2,8.59,Darwin 23.4.0,3.14.6,0.1.0b1,1.12.3,0.13.2,2.4.6,1.18.0,3.0.5,0.66.0,1.0.0,0.12.0,0.5.12,0.6.0,7.2.2,3.16.0
"laptop, every tool, no UMAP (Polariseq under Scanpy's steps)",pbmc3k__scarf__rep2__20260927T225829,2026-09-27T22:58:29,pbmc3k,2700,32738,2286884,scarf,"Scarf (Zarr, out-of-core)",,2,ok,,4,6.0,False,2000,50,15,1.0,200,0,19.311,4.808,0.7548,0.0,0.0017,0.0,0.0,1.1376,,2.7121,0.0,0.2017,0.0,0.422,1.375,0.391,3.585,2700,2000,9,zarr,,Apple M2,8.59,Darwin 23.4.0,3.14.6,0.1.0b1,1.12.3,0.13.2,2.4.6,1.18.0,3.0.5,0.66.0,1.0.0,0.12.0,0.5.12,0.6.0,7.2.2,3.16.0
"laptop, every tool, no UMAP (Polariseq under Scanpy's steps)",pbmc3k__scarf__rep3__20260927T230002,2026-09-27T23:00:02,pbmc3k,2700,32738,2286884,scarf,"Scarf (Zarr, out-of-core)",,3,ok,,4,6.0,False,2000,50,15,1.0,200,0,19.454,4.925,0.7678,0.0,0.0017,0.0,0.0,1.1548,,2.7971,0.0,0.204,0.0,0.424,1.416,0.389,3.353,2700,2000,9,zarr,,Apple M2,8.59,Darwin 23.4.0,3.14.6,0.1.0b1,1.12.3,0.13.2,2.4.6,1.18.0,3.0.5,0.66.0,1.0.0,0.12.0,0.5.12,0.6.0,7.2.2,3.16.0
"laptop, every tool, no UMAP (Polariseq under Scanpy's steps)",pbmc3k__seurat-bpcells__rep1__20260927T225513,2026-09-27T22:55:13,pbmc3k,2700,32738,2286884,seurat-bpcells,"Seurat (BPCells, disk-backed)",,1,ok,,4,6.0,False,2000,50,15,1.0,200,0,60.956,57.632,0.0752,0.0203,0.0085,0.186,0.0,0.3838,,56.0449,0.366,0.5476,0.0,0.54,0.829,0.104,4.392,2700,2000,7,bpcells,,Apple M2,8.59,Darwin 23.4.0,3.14.6,0.1.0b1,1.12.3,0.13.2,2.4.6,1.18.0,3.0.5,0.66.0,1.0.0,0.12.0,0.5.12,0.6.0,7.2.2,3.16.0
"laptop, every tool, no UMAP (Polariseq under Scanpy's steps)",pbmc3k__seurat-bpcells__rep2__20260927T225642,2026-09-27T22:56:42,pbmc3k,2700,32738,2286884,seurat-bpcells,"Seurat (BPCells, disk-backed)",,2,ok,,4,6.0,False,2000,50,15,1.0,200,0,61.017,57.728,0.0745,0.0197,0.008,0.1848,0.0,0.3818,,56.1426,0.3679,0.549,0.0,0.529,0.821,0.107,3.917,2700,2000,7,bpcells,,Apple M2,8.59,Darwin 23.4.0,3.14.6,0.1.0b1,1.12.3,0.13.2,2.4.6,1.18.0,3.0.5,0.66.0,1.0.0,0.12.0,0.5.12,0.6.0,7.2.2,3.16.0
"laptop, every tool, no UMAP (Polariseq under Scanpy's steps)",pbmc3k__seurat-bpcells__rep3__20260927T230923,2026-09-27T23:09:23,pbmc3k,2700,32738,2286884,seurat-bpcells,"Seurat (BPCells, disk-backed)",,3,ok,,4,6.0,False,2000,50,15,1.0,200,0,60.817,57.545,0.0739,0.0202,0.008,0.183,0.0,0.3811,,55.9653,0.3685,0.5446,0.0,0.539,0.812,0.104,3.924,2700,2000,7,bpcells,,Apple M2,8.59,Darwin 23.4.0,3.14.6,0.1.0b1,1.12.3,0.13.2,2.4.6,1.18.0,3.0.5,0.66.0,1.0.0,0.12.0,0.5.12,0.6.0,7.2.2,3.16.0
"laptop, every tool, no UMAP (Polariseq under Scanpy's steps)",pbmc3k__seurat-tuned__rep1__20260927T225506,2026-09-27T22:55:06,pbmc3k,2700,32738,2286884,seurat-tuned,Seurat (tuned),,1,ok,,4,6.0,False,2000,50,15,1.0,200,0,6.615,3.389,0.374,0.0369,0.0084,0.3149,0.0001,0.4022,,1.4583,0.3619,0.4326,0.0,0.786,1.477,0.161,4.213,2700,2000,7,ram,,Apple M2,8.59,Darwin 23.4.0,3.14.6,0.1.0b1,1.12.3,0.13.2,2.4.6,1.18.0,3.0.5,0.66.0,1.0.0,0.12.0,0.5.12,0.6.0,7.2.2,3.16.0
"laptop, every tool, no UMAP (Polariseq under Scanpy's steps)",pbmc3k__seurat-tuned__rep2__20260927T225910,2026-09-27T22:59:10,pbmc3k,2700,32738,2286884,seurat-tuned,Seurat (tuned),,2,ok,,4,6.0,False,2000,50,15,1.0,200,0,5.986,3.356,0.3758,0.0362,0.0085,0.3082,0.0,0.3957,,1.4493,0.3627,0.4193,0.0,0.763,1.491,0.162,3.377,2700,2000,7,ram,,Apple M2,8.59,Darwin 23.4.0,3.14.6,0.1.0b1,1.12.3,0.13.2,2.4.6,1.18.0,3.0.5,0.66.0,1.0.0,0.12.0,0.5.12,0.6.0,7.2.2,3.16.0
"laptop, every tool, no UMAP (Polariseq under Scanpy's steps)",pbmc3k__seurat-tuned__rep3__20260927T230103,2026-09-27T23:01:03,pbmc3k,2700,32738,2286884,seurat-tuned,Seurat (tuned),,3,ok,,4,6.0,False,2000,50,15,1.0,200,0,5.99,3.374,0.3707,0.0366,0.0084,0.3063,0.0,0.4002,,1.4521,0.3788,0.4209,0.0,0.797,1.513,0.144,3.344,2700,2000,7,ram,,Apple M2,8.59,Darwin 23.4.0,3.14.6,0.1.0b1,1.12.3,0.13.2,2.4.6,1.18.0,3.0.5,0.66.0,1.0.0,0.12.0,0.5.12,0.6.0,7.2.2,3.16.0
