seconds,rss_gb,free_ram_gb,free_disk_gb,step
0.00037656910717487335,0.19347456,183.621066752,698422.415712256,
0.0012137945741415024,0.19347456,183.621066752,698422.415712256,open
0.5629530288279057,0.279187456,183.536443392,698422.415712256,open
0.5646455213427544,0.279187456,183.536447488,698422.415712256,open
0.5649595279246569,0.279187456,183.536447488,698422.415712256,qc (and the one-time copy of the counts)
1.1189423128962517,0.31338496,183.498858496,698422.415712256,qc (and the one-time copy of the counts)
1.6198185998946428,0.31338496,183.501172736,698422.417391616,qc (and the one-time copy of the counts)
2.1211404129862785,0.427524096,183.335481344,698422.417391616,qc (and the one-time copy of the counts)
2.6221942473202944,0.720453632,183.030919168,698422.417391616,qc (and the one-time copy of the counts)
3.123246204108,0.7386112,183.012745216,698422.417391616,qc (and the one-time copy of the counts)
3.6241897493600845,0.94836736,182.793695232,698421.56691456,qc (and the one-time copy of the counts)
4.125244224444032,1.499820032,182.2420992,698421.56691456,qc (and the one-time copy of the counts)
4.626143319532275,1.020817408,182.708027392,698421.56691456,qc (and the one-time copy of the counts)
5.126943437382579,1.134608384,182.543699968,698421.56691456,qc (and the one-time copy of the counts)
5.627848660573363,1.278636032,182.388670464,698421.590380544,qc (and the one-time copy of the counts)
6.128951957449317,1.42598144,182.240264192,698421.590380544,qc (and the one-time copy of the counts)
6.63088527880609,1.536454656,182.113124352,698421.590380544,qc (and the one-time copy of the counts)
7.1323413867503405,1.548619776,182.1024256,698421.590380544,qc (and the one-time copy of the counts)
7.633730744943023,1.050345472,182.566834176,698422.89375232,qc (and the one-time copy of the counts)
8.134925348684192,1.209749504,182.383542272,698422.89375232,qc (and the one-time copy of the counts)
8.637194717302918,1.336246272,182.256889856,698422.89375232,qc (and the one-time copy of the counts)
9.138385804370046,1.495646208,182.097768448,698422.89375232,qc (and the one-time copy of the counts)
9.639509903267026,1.543696384,182.04514304,698422.629707776,qc (and the one-time copy of the counts)
10.140584172680974,1.5463424,182.042456064,698422.629707776,qc (and the one-time copy of the counts)
10.641678968444467,1.074704384,182.452957184,698422.629707776,qc (and the one-time copy of the counts)
11.142688024789095,1.242476544,182.272413696,698422.629707776,qc (and the one-time copy of the counts)
11.643562976270914,1.375510528,182.138986496,698422.604394496,qc (and the one-time copy of the counts)
12.144740425050259,1.655250944,181.850218496,698422.604394496,qc (and the one-time copy of the counts)
12.646063892170787,1.54281984,181.966348288,698422.604394496,qc (and the one-time copy of the counts)
13.146838696673512,1.046085632,182.428540928,698422.604394496,qc (and the one-time copy of the counts)
13.64805680140853,1.206652928,182.249422848,698421.594345472,qc (and the one-time copy of the counts)
14.149659408256412,1.35174144,182.0868608,698421.594345472,qc (and the one-time copy of the counts)
14.650668555870652,1.528025088,181.89565952,698421.594345472,qc (and the one-time copy of the counts)
15.152616620063782,1.554612224,181.862887424,698421.594345472,qc (and the one-time copy of the counts)
15.653513416647911,1.046093824,182.357311488,698421.374005248,qc (and the one-time copy of the counts)
16.155326705425978,1.174106112,182.190567424,698421.374005248,qc (and the one-time copy of the counts)
16.65620037727058,1.499983872,181.84988672,698421.374005248,qc (and the one-time copy of the counts)
17.157027069479227,1.494380544,181.859975168,698421.374005248,qc (and the one-time copy of the counts)
17.657894296571612,1.630224384,181.717245952,698421.329129472,qc (and the one-time copy of the counts)
18.159211354330182,1.66524928,181.68426496,698421.329129472,qc (and the one-time copy of the counts)
18.66020366922021,1.099882496,182.23654912,698421.329129472,qc (and the one-time copy of the counts)
19.160980984568596,1.17532672,182.119358464,698421.329129472,qc (and the one-time copy of the counts)
19.661847312003374,1.359876096,181.908844544,698420.770799616,qc (and the one-time copy of the counts)
20.16410850919783,1.500332032,181.768536064,698420.770799616,qc (and the one-time copy of the counts)
20.665507150813937,1.632452608,181.624152064,698420.770799616,qc (and the one-time copy of the counts)
21.167589392513037,1.63293184,181.624528896,698420.770799616,qc (and the one-time copy of the counts)
21.66846094466746,1.101545472,182.142738432,698420.803289088,qc (and the one-time copy of the counts)
22.16955785267055,1.223282688,181.977440256,698420.803289088,qc (and the one-time copy of the counts)
22.670548958703876,1.636499456,181.547298816,698420.803289088,qc (and the one-time copy of the counts)
23.171348655596375,1.5505408,181.633798144,698420.803289088,qc (and the one-time copy of the counts)
23.67254576832056,1.638621184,181.531721728,698420.77263872,qc (and the one-time copy of the counts)
24.173525916412473,1.638821888,181.532246016,698420.77263872,qc (and the one-time copy of the counts)
24.674371246248484,1.112571904,182.02343424,698420.77263872,qc (and the one-time copy of the counts)
25.175250377506018,1.2888064,181.841666048,698420.77263872,qc (and the one-time copy of the counts)
25.67700868844986,1.433772032,181.689892864,698420.953862144,qc (and the one-time copy of the counts)
26.178079655393958,1.620488192,181.48306944,698420.953862144,qc (and the one-time copy of the counts)
26.67939900793135,1.630998528,181.47344384,698420.953862144,qc (and the one-time copy of the counts)
27.180276496335864,1.101852672,181.990187008,698420.953862144,qc (and the one-time copy of the counts)
27.681177463382483,1.217437696,181.819039744,698420.90518528,qc (and the one-time copy of the counts)
28.18332485295832,1.580081152,181.446774784,698420.90518528,qc (and the one-time copy of the counts)
28.684236384928226,1.543118848,181.484826624,698420.90518528,qc (and the one-time copy of the counts)
29.185737445950508,1.648615424,181.368287232,698420.90518528,qc (and the one-time copy of the counts)
29.686557603999972,1.648615424,181.366296576,698420.722737152,qc (and the one-time copy of the counts)
30.187670964747667,1.10280704,181.869600768,698420.722737152,qc (and the one-time copy of the counts)
30.688735777512193,1.26472192,181.693239296,698420.722737152,qc (and the one-time copy of the counts)
31.18993178009987,1.403469824,181.538004992,698420.722737152,qc (and the one-time copy of the counts)
31.691763954237103,1.590288384,181.349740544,698420.852871168,qc (and the one-time copy of the counts)
32.19329900667071,1.649082368,181.270552576,698420.852871168,qc (and the one-time copy of the counts)
32.69418004900217,1.649082368,181.27048704,698420.852871168,qc (and the one-time copy of the counts)
33.19512585736811,1.168338944,181.703630848,698420.852871168,qc (and the one-time copy of the counts)
33.69606317766011,1.352916992,181.510193152,698421.0624512,qc (and the one-time copy of the counts)
34.19729436561465,1.491935232,181.36942592,698421.0624512,qc (and the one-time copy of the counts)
34.698140820488334,1.80353024,181.05063424,698421.0624512,qc (and the one-time copy of the counts)
35.199088845402,1.653870592,181.200105472,698421.0624512,qc (and the one-time copy of the counts)
35.70014771260321,1.103179776,181.73837312,698420.561252352,qc (and the one-time copy of the counts)
36.202245369553566,1.223852032,181.565259776,698420.561252352,qc (and the one-time copy of the counts)
36.703560480847955,1.608671232,181.168246784,698420.561252352,qc (and the one-time copy of the counts)
37.204376017674804,1.554313216,181.222772736,698420.561252352,qc (and the one-time copy of the counts)
37.705802746117115,1.655087104,181.107204096,698420.218605568,qc (and the one-time copy of the counts)
38.20708796940744,1.655087104,181.106286592,698420.218605568,qc (and the one-time copy of the counts)
38.70845930837095,1.110618112,181.611282432,698420.218605568,qc (and the one-time copy of the counts)
39.20958546921611,1.286971392,181.412777984,698420.218605568,qc (and the one-time copy of the counts)
39.71150064095855,1.430880256,181.268647936,698420.019032064,qc (and the one-time copy of the counts)
40.212451281026006,1.617526784,181.079724032,698420.019032064,qc (and the one-time copy of the counts)
40.71331237256527,1.630109696,181.066215424,698420.019032064,qc (and the one-time copy of the counts)
41.21413794904947,1.10321664,181.578969088,698420.019032064,qc (and the one-time copy of the counts)
41.71491344086826,1.1789312,181.448978432,698420.176084992,qc (and the one-time copy of the counts)
42.21594244800508,1.36767488,181.242064896,698420.176084992,qc (and the one-time copy of the counts)
42.717962274327874,1.504280576,181.10609408,698420.176084992,qc (and the one-time copy of the counts)
43.21883261203766,1.866756096,180.736167936,698420.176084992,qc (and the one-time copy of the counts)
43.72084846161306,1.657544704,180.943454208,698420.22772736,qc (and the one-time copy of the counts)
44.22191932424903,1.380864,180.929552384,698420.22772736,qc (and the one-time copy of the counts)
44.72276133298874,1.191559168,181.354430464,698420.22772736,qc (and the one-time copy of the counts)
45.22353423200548,1.437261824,181.091241984,698420.22772736,qc (and the one-time copy of the counts)
45.7247429639101,1.52690688,181.001535488,698419.99212544,qc (and the one-time copy of the counts)
46.22614495456219,1.652809728,180.856143872,698419.99212544,qc (and the one-time copy of the counts)
46.728188851848245,1.652891648,180.85617664,698419.99212544,qc (and the one-time copy of the counts)
47.22906845621765,1.104637952,181.355790336,698419.99212544,qc (and the one-time copy of the counts)
47.72990069538355,1.28835584,181.164158976,698419.983081472,qc (and the one-time copy of the counts)
48.23100402392447,1.431281664,181.01979136,698419.983081472,qc (and the one-time copy of the counts)
48.732974503189325,1.61867776,180.83002368,698419.983081472,qc (and the one-time copy of the counts)
49.23445882089436,1.64411392,180.797997056,698419.983081472,qc (and the one-time copy of the counts)
49.735692732036114,1.64411392,180.7924224,698420.147130368,qc (and the one-time copy of the counts)
50.23705168440938,1.188352,181.204332544,698420.147130368,qc (and the one-time copy of the counts)
50.7379451058805,1.41903872,180.946182144,698420.147130368,qc (and the one-time copy of the counts)
51.23995686136186,1.516875776,180.848779264,698420.147130368,qc (and the one-time copy of the counts)
51.74087614007294,1.630121984,180.724744192,698420.179873792,qc (and the one-time copy of the counts)
52.242367604747415,1.630121984,180.724744192,698420.179873792,qc (and the one-time copy of the counts)
52.743396354839206,1.126612992,181.190987776,698420.179873792,qc (and the one-time copy of the counts)
53.24431660398841,1.309065216,180.9855488,698420.179873792,qc (and the one-time copy of the counts)
53.74529883638024,1.44379904,180.842139648,698420.211396608,qc (and the one-time copy of the counts)
54.246531603857875,1.630920704,180.656140288,698420.211396608,qc (and the one-time copy of the counts)
54.7481440808624,1.662767104,180.605087744,698420.211396608,qc (and the one-time copy of the counts)
55.249213399365544,1.662767104,180.60498944,698420.211396608,qc (and the one-time copy of the counts)
55.75044399686158,1.157394432,181.057998848,698419.761864704,qc (and the one-time copy of the counts)
56.25142456032336,1.34201344,180.864557056,698419.761864704,qc (and the one-time copy of the counts)
56.75329028442502,1.4794752,180.726521856,698419.761864704,qc (and the one-time copy of the counts)
57.25410344824195,1.684803584,180.511997952,698419.761864704,qc (and the one-time copy of the counts)
57.75494267232716,1.655775232,180.544733184,698419.934826496,qc (and the one-time copy of the counts)
58.256068237125874,1.10809088,181.080457216,698419.934826496,qc (and the one-time copy of the counts)
58.75711736083031,1.218490368,180.914675712,698419.934826496,qc (and the one-time copy of the counts)
59.25831145234406,1.546473472,180.572000256,698419.934826496,qc (and the one-time copy of the counts)
59.75984702445567,1.542946816,180.576124928,698419.663126528,qc (and the one-time copy of the counts)
60.261295745149255,1.647878144,180.458717184,698419.663126528,qc (and the one-time copy of the counts)
60.76247236505151,1.647878144,180.458815488,698419.663126528,qc (and the one-time copy of the counts)
61.26391213014722,1.145032704,180.929748992,698419.663126528,qc (and the one-time copy of the counts)
61.764810629189014,1.331695616,180.722556928,698419.770261504,qc (and the one-time copy of the counts)
62.2664120644331,1.460998144,180.573601792,698419.770261504,qc (and the one-time copy of the counts)
62.768310092389584,1.647796224,180.384653312,698419.770261504,qc (and the one-time copy of the counts)
63.26989273354411,1.668947968,180.346916864,698419.770261504,qc (and the one-time copy of the counts)
63.77072951942682,1.668947968,180.346916864,698419.45831424,qc (and the one-time copy of the counts)
64.27216936834157,1.16314112,180.801277952,698419.45831424,qc (and the one-time copy of the counts)
64.773144133389,1.343586304,180.613935104,698419.45831424,qc (and the one-time copy of the counts)
65.2741008400917,1.4907392,180.466245632,698419.45831424,qc (and the one-time copy of the counts)
65.7753574885428,1.629151232,180.3205632,698419.080105984,qc (and the one-time copy of the counts)
66.27655423618853,1.629151232,180.319657984,698419.080105984,qc (and the one-time copy of the counts)
66.7774269245565,1.109229568,180.796895232,698419.080105984,qc (and the one-time copy of the counts)
67.27843047305942,1.26158848,180.623474688,698419.080105984,qc (and the one-time copy of the counts)
67.77946013584733,1.399250944,180.476366848,698419.351052288,qc (and the one-time copy of the counts)
68.28273591026664,1.581719552,180.2929152,698419.351052288,qc (and the one-time copy of the counts)
68.78445718437433,1.6320512,180.231348224,698419.351052288,qc (and the one-time copy of the counts)
69.28538328036666,1.6320512,180.227014656,698419.351052288,qc (and the one-time copy of the counts)
69.78681420348585,1.205481472,180.605837312,698419.458863104,qc (and the one-time copy of the counts)
70.28789477236569,1.451008,180.339871744,698419.458863104,qc (and the one-time copy of the counts)
70.78884592466056,1.528389632,180.263477248,698419.458863104,qc (and the one-time copy of the counts)
71.290826048702,1.64163584,180.149551104,698419.458863104,qc (and the one-time copy of the counts)
71.79290489666164,1.64163584,180.149551104,698419.493527552,qc (and the one-time copy of the counts)
72.29412537254393,1.126268928,180.60560384,698419.493527552,qc (and the one-time copy of the counts)
72.7948946300894,1.315172352,180.40121344,698419.493527552,qc (and the one-time copy of the counts)
73.29587875679135,1.458200576,180.255473664,698419.493527552,qc (and the one-time copy of the counts)
73.7966800890863,1.6406528,180.064370688,698419.435823104,qc (and the one-time copy of the counts)
74.29835195280612,1.64294656,180.06183936,698419.435823104,qc (and the one-time copy of the counts)
74.79919575341046,1.109426176,180.58328064,698419.435823104,qc (and the one-time copy of the counts)
75.30061562545598,1.151901696,180.509691904,698419.435823104,qc (and the one-time copy of the counts)
75.80136828497052,1.330192384,180.307808256,698419.157929984,qc (and the one-time copy of the counts)
76.30249982513487,1.473335296,180.1583616,698419.157929984,qc (and the one-time copy of the counts)
76.80346605926752,1.812615168,179.80250112,698419.157929984,qc (and the one-time copy of the counts)
77.30535602197051,1.630650368,179.9852032,698419.157929984,qc (and the one-time copy of the counts)
77.80629390478134,1.109426176,180.484726784,698419.278610432,qc (and the one-time copy of the counts)
78.30736614950001,1.256226816,180.306845696,698419.278610432,qc (and the one-time copy of the counts)
78.8091039545834,1.402851328,180.153540608,698419.278610432,qc (and the one-time copy of the counts)
79.30993727594614,1.58547968,179.97084672,698419.278610432,qc (and the one-time copy of the counts)
79.81188775412738,1.646297088,179.905032192,698419.039379456,qc (and the one-time copy of the counts)
80.31376737356186,1.646297088,179.905671168,698419.039379456,qc (and the one-time copy of the counts)
80.8148139603436,1.176326144,180.332576768,698419.039379456,qc (and the one-time copy of the counts)
81.3157150130719,1.363034112,180.109262848,698419.039379456,qc (and the one-time copy of the counts)
81.81744194962084,1.50339584,179.969081344,698419.030626304,qc (and the one-time copy of the counts)
82.31845253705978,1.62922496,179.83315968,698419.030626304,qc (and the one-time copy of the counts)
82.82044450007379,1.62922496,179.833102336,698419.030626304,qc (and the one-time copy of the counts)
83.32122151367366,1.109426176,180.290633728,698419.030626304,qc (and the one-time copy of the counts)
83.82212979346514,1.277906944,180.1022464,698418.972889088,qc (and the one-time copy of the counts)
84.32349697314203,1.416855552,179.957305344,698418.972889088,qc (and the one-time copy of the counts)
84.82443338446319,1.60047104,179.804246016,698418.972889088,qc (and the one-time copy of the counts)
85.32586956396699,1.634025472,179.751804928,698418.972889088,qc (and the one-time copy of the counts)
85.82698657363653,1.634025472,179.748810752,698418.942189568,qc (and the one-time copy of the counts)
86.3286168128252,1.177264128,180.167430144,698418.942189568,qc (and the one-time copy of the counts)
86.82969444617629,1.349230592,179.979628544,698418.942189568,qc (and the one-time copy of the counts)
87.33142960816622,1.483186176,179.84329728,698418.942189568,qc (and the one-time copy of the counts)
87.83225174620748,1.611112448,179.706187776,698419.1314944,qc (and the one-time copy of the counts)
88.33460553735495,1.611112448,179.710656512,698419.1314944,qc (and the one-time copy of the counts)
88.83554292842746,1.112072192,180.161671168,698419.1314944,qc (and the one-time copy of the counts)
89.33648610301316,1.285066752,180.006678528,698419.1314944,qc (and the one-time copy of the counts)
89.83767572790384,1.41467648,180.004601856,698418.774638592,qc (and the one-time copy of the counts)
90.3390594124794,1.599225856,179.808079872,698418.774638592,qc (and the one-time copy of the counts)
90.84100610390306,1.6089088,179.7979136,698418.774638592,qc (and the one-time copy of the counts)
91.34189326316118,1.110614016,180.282990592,698418.774638592,qc (and the one-time copy of the counts)
91.84261054359376,1.228746752,180.13812736,698418.579058688,qc (and the one-time copy of the counts)
92.34379850700498,1.369792512,179.991105536,698418.579058688,qc (and the one-time copy of the counts)
92.84472565539181,1.54820608,179.802558464,698418.579058688,qc (and the one-time copy of the counts)
93.3459800761193,1.615314944,179.72707328,698418.579058688,qc (and the one-time copy of the counts)
93.84801054932177,1.615314944,179.72707328,698418.269687808,qc (and the one-time copy of the counts)
94.34922992810607,1.170128896,180.242436096,698418.269687808,qc (and the one-time copy of the counts)
94.85025137104094,1.354739712,180.04430848,698418.269687808,qc (and the one-time copy of the counts)
95.35185563005507,1.487716352,179.911114752,698418.269687808,qc (and the one-time copy of the counts)
95.85382081754506,1.868619776,179.521712128,698418.34893312,qc (and the one-time copy of the counts)
96.35509633645415,1.628225536,179.760873472,698418.34893312,qc (and the one-time copy of the counts)
96.85591198503971,1.110614016,180.241379328,698418.34893312,qc (and the one-time copy of the counts)
97.35718760080636,1.2325888,180.102668288,698418.34893312,qc (and the one-time copy of the counts)
97.85807290300727,1.36916992,179.951767552,698418.623225856,qc (and the one-time copy of the counts)
98.3599205929786,1.54959872,179.771445248,698418.623225856,qc (and the one-time copy of the counts)
98.86088610067964,1.614610432,179.795505152,698418.623225856,qc (and the one-time copy of the counts)
99.36288278922439,1.614610432,179.795255296,698418.623225856,qc (and the one-time copy of the counts)
99.86430901661515,1.198620672,180.170752,698418.525630464,qc (and the one-time copy of the counts)
100.3659533560276,1.483911168,179.8623232,698418.525630464,qc (and the one-time copy of the counts)
100.86800241470337,1.515216896,179.83086592,698418.525630464,qc (and the one-time copy of the counts)
101.3699070289731,1.607491584,179.736915968,698418.525630464,qc (and the one-time copy of the counts)
101.87194325216115,1.607491584,179.737178112,698418.499375104,qc (and the one-time copy of the counts)
102.37326956167817,1.144168448,180.145995776,698418.499375104,qc (and the one-time copy of the counts)
102.87421527691185,1.330921472,179.943796736,698418.499375104,qc (and the one-time copy of the counts)
103.37531606666744,1.467342848,179.848978432,698418.499375104,qc (and the one-time copy of the counts)
103.87619372084737,1.716875264,179.683586048,698418.656899072,qc (and the one-time copy of the counts)
104.37747135199606,1.624629248,179.77554944,698418.656899072,qc (and the one-time copy of the counts)
104.87825722247362,1.112711168,180.271714304,698418.656899072,qc (and the one-time copy of the counts)
105.37963866628706,1.252032512,180.09450496,698418.656899072,qc (and the one-time copy of the counts)
105.8813158813864,1.393348608,179.941408768,698418.394513408,qc (and the one-time copy of the counts)
106.38318568654358,1.571708928,179.759845376,698418.394513408,qc (and the one-time copy of the counts)
106.88494664058089,1.609457664,179.706458112,698418.394513408,qc (and the one-time copy of the counts)
107.38580229319632,1.112711168,180.191879168,698418.394513408,qc (and the one-time copy of the counts)
107.88667169585824,1.24782592,180.02194432,698418.2257664,qc (and the one-time copy of the counts)
108.38791750185192,1.384947712,180.041216,698418.2257664,qc (and the one-time copy of the counts)
108.8898047003895,1.565392896,179.860348928,698418.2257664,qc (and the one-time copy of the counts)
109.3916227221489,1.609433088,179.816546304,698418.2257664,qc (and the one-time copy of the counts)
109.89245063997805,1.609433088,179.813220352,698418.092228608,qc (and the one-time copy of the counts)
110.39363744482398,1.158053888,180.234338304,698418.092228608,qc (and the one-time copy of the counts)
110.8955727815628,1.33738496,180.05331968,698418.092228608,qc (and the one-time copy of the counts)
111.39749251678586,1.547329536,179.843039232,698418.092228608,qc (and the one-time copy of the counts)
111.89956666529179,1.547329536,179.842842624,698418.108854272,qc (and the one-time copy of the counts)
112.40092920511961,0.561000448,180.821798912,698418.108854272,qc (and the one-time copy of the counts)
112.90288796834648,0.605466624,180.810412032,698418.108854272,qc (and the one-time copy of the counts)
113.40430067665875,0.610566144,180.802199552,698418.108854272,qc (and the one-time copy of the counts)
113.90517056919634,0.61366272,180.799787008,698418.167345152,qc (and the one-time copy of the counts)
114.40755979903042,0.616906752,180.800053248,698418.167345152,qc (and the one-time copy of the counts)
114.90883144922554,0.620060672,180.797640704,698418.167345152,qc (and the one-time copy of the counts)
115.4108967334032,0.621740032,180.793401344,698418.167345152,qc (and the one-time copy of the counts)
115.9129447452724,0.621740032,180.793401344,698418.075172864,qc (and the one-time copy of the counts)
116.41549900919199,0.621887488,180.793335808,698418.075172864,qc (and the one-time copy of the counts)
116.9170605931431,0.62230528,180.792446976,698418.075172864,qc (and the one-time copy of the counts)
117.41845746524632,0.62230528,180.790566912,698418.075172864,qc (and the one-time copy of the counts)
117.91937525942922,0.62230528,180.790566912,698417.731551232,qc (and the one-time copy of the counts)
118.42062998563051,0.62230528,180.790566912,698417.731551232,qc (and the one-time copy of the counts)
118.92145453207195,0.637464576,180.77569024,698417.731551232,qc (and the one-time copy of the counts)
119.42238487303257,0.58363904,180.833325056,698417.731551232,qc (and the one-time copy of the counts)
119.9231971334666,0.5833728,180.834603008,698417.65439488,qc (and the one-time copy of the counts)
120.42542405612767,0.600858624,180.814667776,698417.65439488,qc (and the one-time copy of the counts)
120.92753962799907,0.653471744,180.762943488,698417.65439488,qc (and the one-time copy of the counts)
121.42832376435399,0.593088512,180.822102016,698417.65439488,qc (and the one-time copy of the counts)
121.92983717657626,0.634294272,180.7823872,698417.658802176,qc (and the one-time copy of the counts)
122.43089778162539,0.653279232,180.760612864,698417.658802176,qc (and the one-time copy of the counts)
122.93185029365122,0.584798208,180.828880896,698417.658802176,qc (and the one-time copy of the counts)
123.43301483802497,0.635428864,180.7792128,698417.658802176,qc (and the one-time copy of the counts)
123.9339089654386,0.673816576,180.744708096,698417.835220992,qc (and the one-time copy of the counts)
124.43532318808138,0.567484416,180.848816128,698417.835220992,qc (and the one-time copy of the counts)
124.93731686845422,0.664203264,180.752674816,698417.835220992,qc (and the one-time copy of the counts)
125.43957344442606,0.567758848,180.848205824,698417.835220992,qc (and the one-time copy of the counts)
125.94121899083257,0.647041024,180.7698944,698417.877823488,qc (and the one-time copy of the counts)
126.44286538474262,0.6847488,180.72936448,698417.877823488,qc (and the one-time copy of the counts)
126.94491880387068,0.602673152,180.810317824,698417.877823488,qc (and the one-time copy of the counts)
127.44695110805333,0.692891648,180.72199168,698417.877823488,qc (and the one-time copy of the counts)
127.94898995757103,0.600424448,180.8124928,698418.013851648,qc (and the one-time copy of the counts)
128.45035959035158,0.670834688,180.743151616,698418.013851648,qc (and the one-time copy of the counts)
128.95239308290184,0.599703552,180.81376256,698418.013851648,qc (and the one-time copy of the counts)
129.45397628843784,0.658530304,180.754296832,698418.013851648,qc (and the one-time copy of the counts)
129.95614759251475,0.615399424,180.796051456,698418.040082432,qc (and the one-time copy of the counts)
130.4592570606619,0.626782208,180.69803008,698418.040082432,qc (and the one-time copy of the counts)
130.96075680106878,0.634523648,180.78386176,698418.040082432,qc (and the one-time copy of the counts)
131.4628237336874,0.713551872,180.702605312,698418.040082432,qc (and the one-time copy of the counts)
131.96487899683416,0.664584192,180.75058176,698418.094891008,qc (and the one-time copy of the counts)
132.46720788255334,0.731987968,180.684541952,698418.094891008,qc (and the one-time copy of the counts)
132.96810866892338,0.642097152,180.77356032,698418.094891008,qc (and the one-time copy of the counts)
133.46924398839474,0.64933888,180.763721728,698418.094891008,qc (and the one-time copy of the counts)
133.970244159922,0.64198656,180.771155968,698418.291884032,qc (and the one-time copy of the counts)
134.4714430384338,0.348430336,181.064925184,698418.291884032,qc (and the one-time copy of the counts)
134.97298213653266,0.603521024,180.808589312,698418.291884032,qc (and the one-time copy of the counts)
135.47434724494815,0.62369792,180.78984192,698418.291884032,qc (and the one-time copy of the counts)
135.9762737248093,0.611483648,180.804284416,698418.153521152,qc (and the one-time copy of the counts)
136.47851615585387,0.674369536,180.7417344,698418.153521152,qc (and the one-time copy of the counts)
136.98051169328392,0.594321408,180.81968128,698418.153521152,qc (and the one-time copy of the counts)
137.48232446610928,0.594345984,180.820332544,698418.153521152,qc (and the one-time copy of the counts)
137.98448712937534,0.649404416,180.764524544,698417.920352256,qc (and the one-time copy of the counts)
138.48676211759448,0.594259968,180.817518592,698417.920352256,qc (and the one-time copy of the counts)
138.98883194103837,0.677646336,180.734480384,698417.920352256,qc (and the one-time copy of the counts)
139.49090632610023,0.721358848,180.687036416,698417.920352256,qc (and the one-time copy of the counts)
139.99222318083048,0.835854336,180.582944768,698418.014793728,qc (and the one-time copy of the counts)
140.49377656541765,0.739303424,180.62565376,698418.014793728,qc (and the one-time copy of the counts)
140.99584843218327,0.842784768,180.57340928,698418.014793728,qc (and the one-time copy of the counts)
141.49791415967047,0.698740736,180.71816192,698418.014793728,qc (and the one-time copy of the counts)
141.99997068941593,0.645554176,180.767535104,698417.9994624,qc (and the one-time copy of the counts)
142.5018724333495,0.669925376,180.742733824,698417.9994624,qc (and the one-time copy of the counts)
143.00393866561353,0.687476736,180.724789248,698417.9994624,qc (and the one-time copy of the counts)
143.50602233223617,0.722886656,180.68908032,698417.9994624,qc (and the one-time copy of the counts)
144.00810411199927,0.755961856,180.655038464,698418.200276992,qc (and the one-time copy of the counts)
144.50962269678712,0.767025152,180.644651008,698418.200276992,qc (and the one-time copy of the counts)
145.01144495233893,0.864702464,180.54918144,698418.200276992,qc (and the one-time copy of the counts)
145.51353507488966,0.839888896,180.570640384,698418.200276992,qc (and the one-time copy of the counts)
146.01543894596398,0.879280128,180.531822592,698418.242015232,qc (and the one-time copy of the counts)
146.51809200830758,0.771637248,180.642287616,698418.242015232,qc (and the one-time copy of the counts)
147.0198208410293,0.832548864,180.581040128,698418.242015232,qc (and the one-time copy of the counts)
147.52188178524375,0.771653632,180.639756288,698418.242015232,qc (and the one-time copy of the counts)
148.02395001612604,0.84475904,180.567334912,698418.006458368,qc (and the one-time copy of the counts)
148.52629299648106,0.828571648,180.585467904,698418.006458368,qc (and the one-time copy of the counts)
149.02717394940555,0.86202368,180.550111232,698418.006458368,qc (and the one-time copy of the counts)
149.52834167703986,0.786313216,180.623536128,698418.006458368,qc (and the one-time copy of the counts)
150.02925316803157,0.786509824,180.623773696,698417.944293376,qc (and the one-time copy of the counts)
150.53202003985643,0.794578944,180.623773696,698417.944293376,qc (and the one-time copy of the counts)
151.03312664479017,0.819798016,180.596748288,698417.944293376,qc (and the one-time copy of the counts)
151.53428748063743,0.7933952,180.621582336,698417.944293376,qc (and the one-time copy of the counts)
152.03546586446464,0.930500608,180.48514048,698417.89036544,qc (and the one-time copy of the counts)
152.53693916462362,0.79980544,180.614479872,698417.89036544,qc (and the one-time copy of the counts)
153.03824334219098,0.794120192,180.62157824,698417.89036544,qc (and the one-time copy of the counts)
153.53934531472623,0.947777536,180.467826688,698417.89036544,qc (and the one-time copy of the counts)
154.0402138736099,0.817057792,180.598296576,698417.804955648,qc (and the one-time copy of the counts)
154.54206173308194,0.850673664,180.56175616,698417.804955648,qc (and the one-time copy of the counts)
155.04410613700747,0.880611328,180.533661696,698417.804955648,qc (and the one-time copy of the counts)
155.54612079262733,0.881197056,180.527845376,698417.804955648,qc (and the one-time copy of the counts)
156.04776538535953,0.802770944,180.5714432,698417.766547456,qc (and the one-time copy of the counts)
156.54998775199056,0.896069632,180.478230528,698417.766547456,qc (and the one-time copy of the counts)
157.05202778801322,0.894808064,180.472233984,698417.766547456,qc (and the one-time copy of the counts)
157.5540971402079,0.910143488,180.442537984,698417.766547456,qc (and the one-time copy of the counts)
158.0548413079232,0.80232448,180.561793024,698417.832845312,qc (and the one-time copy of the counts)
158.55579988472164,0.79179776,180.62450688,698417.832845312,qc (and the one-time copy of the counts)
158.5991254094988,0.337846272,181.078237184,698417.832845312,qc (and the one-time copy of the counts)
158.59962647035718,0.337846272,181.078237184,698417.832845312,normalize
159.05645142123103,0.62478336,180.7932416,698417.832845312,normalize
159.55716523341835,0.500461568,180.917972992,698417.832845312,normalize
160.05798631347716,0.615755776,180.801581056,698417.931628544,normalize
160.56053698062897,0.54104064,180.881391616,698417.931628544,normalize
161.0614680815488,0.591515648,180.83059712,698417.931628544,normalize
161.56225742958486,0.636379136,180.784848896,698417.931628544,normalize
162.06312133185565,0.583540736,180.837081088,698417.991561216,normalize
162.5641520433128,0.531898368,180.88798208,698417.991561216,normalize
163.06498536095023,0.386830336,181.035859968,698417.991561216,normalize
163.56615008413792,0.61198336,180.807622656,698417.991561216,normalize
164.06726985611022,0.649760768,180.768063488,698418.007683072,normalize
164.56841475702822,0.509530112,180.910280704,698418.007683072,normalize
165.069237716496,0.423616512,181.000568832,698418.007683072,normalize
165.57007494568825,0.521629696,180.899397632,698418.007683072,normalize
166.07086487859488,0.532434944,180.890292224,698417.889857536,normalize
166.57206469215453,0.533823488,180.884914176,698417.889857536,normalize
167.07288635335863,0.63668224,180.783489024,698417.889857536,normalize
167.57410313747823,0.50864128,180.908060672,698417.889857536,normalize
168.0749246198684,0.64075776,180.777058304,698418.065068032,normalize
168.57630817219615,0.58984448,180.829220864,698418.065068032,normalize
169.07730357162654,0.448413696,180.971933696,698418.065068032,normalize
169.578711733222,0.465604608,180.952346624,698418.065068032,normalize
170.0795179642737,0.465870848,180.954923008,698418.085961728,normalize
170.5809529274702,0.551944192,180.86242304,698418.085961728,normalize
171.08173255994916,0.589180928,180.826210304,698418.085961728,normalize
171.58247658796608,0.475574272,180.94524416,698418.083688448,normalize
172.08368437737226,0.523075584,180.901695488,698418.083688448,normalize
172.5845922548324,0.4653056,180.9575936,698418.083688448,normalize
173.08560730330646,0.657297408,180.763414528,698418.083688448,normalize
173.58662359789014,0.567627776,180.85376,698418.200477696,normalize
174.08779803849757,0.571977728,180.849487872,698418.200477696,normalize
174.5886711627245,0.598929408,180.818644992,698418.200477696,normalize
175.08949838392437,0.52539392,180.89240576,698418.200477696,normalize
175.5903608687222,0.502403072,180.91597824,698418.207817728,normalize
176.09249244257808,0.449224704,180.974211072,698418.207817728,normalize
176.5934274084866,0.497917952,180.922621952,698418.207817728,normalize
177.09435381367803,0.458551296,180.963938304,698418.207817728,normalize
177.5954914521426,0.458043392,180.960370688,698418.268831744,normalize
178.09652723744512,0.626962432,180.790472704,698418.268831744,normalize
178.59764533303678,0.53925888,180.8585728,698418.268831744,normalize
179.09885112568736,0.652419072,180.765585408,698418.268831744,normalize
179.5996573213488,0.626425856,180.789501952,698418.145243136,normalize
180.1019779369235,0.626425856,180.794441728,698418.145243136,normalize
180.60319689288735,0.596283392,180.825632768,698418.145243136,normalize
181.10413013584912,0.643129344,180.778254336,698418.145243136,normalize
181.6050632800907,0.62920704,180.788965376,698418.116624384,normalize
182.10609756037593,0.629211136,180.789465088,698418.116624384,normalize
182.6070150155574,0.629211136,180.789477376,698418.116624384,normalize
183.10831137746572,0.533630976,180.88822784,698418.116624384,normalize
183.60946457460523,0.623960064,180.792475648,698417.645797376,normalize
184.11061661317945,0.623960064,180.792721408,698417.645797376,normalize
184.612065827474,0.626163712,180.78994432,698417.645797376,normalize
185.07753636874259,0.628154368,180.788277248,698417.645797376,normalize
185.07834711298347,0.628158464,180.788277248,698417.645797376,hvg
185.11429800279438,0.628158464,180.788277248,698417.645797376,hvg
185.61513358168304,1.356337152,180.062830592,698417.734086656,hvg
186.11628684960306,2.088484864,179.329613824,698417.734086656,hvg
186.61724090017378,3.15674624,178.258706432,698417.734086656,hvg
187.11810925230384,5.701738496,175.709605888,698417.734086656,hvg
187.61927042528987,5.701738496,175.707025408,698417.517989888,hvg
188.12148346565664,7.714582528,173.691170816,698417.517989888,hvg
188.62232066690922,7.752548352,173.652062208,698417.517989888,hvg
189.12313563749194,7.752548352,173.652062208,698417.517989888,hvg
189.624061640352,0.918474752,180.469817344,698416.954273792,hvg
190.12502298131585,1.260597248,180.160126976,698416.954273792,hvg
190.62622882053256,2.002788352,179.415482368,698416.954273792,hvg
191.1270847581327,2.786492416,178.629632,698416.954273792,hvg
191.6283286716789,5.65137408,175.760392192,698416.92416,hvg
192.129976850003,5.964918784,175.446331392,698416.92416,hvg
192.63123565725982,6.96072192,174.443978752,698416.92416,hvg
193.13300321251154,8.120180736,173.284519936,698416.92416,hvg
193.6340707335621,8.120180736,173.283631104,698417.202208768,hvg
194.1350589171052,6.337507328,175.073193984,698417.202208768,hvg
194.63629310019314,0.58800128,180.830916608,698417.202208768,hvg
195.13722685351968,1.39610112,180.023013376,698417.202208768,hvg
195.63811372034252,2.136887296,179.28101888,698417.749663744,hvg
196.13938940130174,2.789433344,178.623913984,698417.749663744,hvg
196.64043302834034,5.823717376,175.58523904,698417.749663744,hvg
197.14128982275724,5.823717376,175.58523904,698417.749663744,hvg
197.64212334528565,7.179190272,174.226673664,698417.028313088,hvg
198.21017135120928,7.999942656,173.4049792,698417.028313088,hvg
198.71117845736444,7.999942656,173.403697152,698417.028313088,hvg
199.21622064709663,4.23561216,176.943030272,698417.028313088,hvg
199.71763998828828,1.102565376,180.31239168,698417.046269952,hvg
200.22147484496236,1.854291968,179.565338624,698417.046269952,hvg
200.72251803986728,2.590765056,178.827034624,698417.046269952,hvg
201.22420792095363,5.032521728,176.382676992,698417.046269952,hvg
201.7250605095178,5.999337472,175.41070848,698417.732784128,hvg
202.22658431902528,6.292688896,175.114821632,698417.732784128,hvg
202.7274072729051,8.180862976,173.225496576,698417.732784128,hvg
203.22835308499634,8.180862976,173.224321024,698417.732784128,hvg
203.72923720628023,8.180862976,173.222793216,698418.038382592,hvg
204.23132298141718,0.705581056,180.71191552,698418.038382592,hvg
204.73253535665572,1.495683072,179.921825792,698418.038382592,hvg
205.2340163011104,2.256027648,179.164581888,698418.038382592,hvg
205.7355889659375,3.618721792,177.796767744,698418.109530112,hvg
206.2371825631708,6.015168512,175.39637248,698418.109530112,hvg
206.73788385093212,6.015168512,175.395090432,698418.109530112,hvg
207.23988712392747,7.991734272,173.41558784,698418.109530112,hvg
207.74084811657667,8.176635904,173.230657536,698418.099191808,hvg
208.24289984628558,8.176635904,173.23026432,698418.099191808,hvg
208.74481755308807,2.545606656,178.86713856,698418.099191808,hvg
209.2468628566712,1.121562624,180.295901184,698418.099191808,hvg
209.74890713766217,1.848152064,179.567591424,698417.76021504,hvg
210.2516225092113,2.605498368,178.812772352,698417.76021504,hvg
210.75259973295033,5.212553216,176.200065024,698417.76021504,hvg
211.25377896800637,5.930323968,175.481389056,698417.76021504,hvg
211.75584754906595,6.376337408,175.033622528,698417.667694592,hvg
212.25728821754456,8.074924032,173.33143552,698417.667694592,hvg
212.75809468701482,8.074924032,173.329342464,698417.667694592,hvg
213.2596374824643,8.074924032,173.329342464,698417.667694592,hvg
213.76155194453895,0.658563072,180.758429696,698417.698267136,hvg
214.2631997168064,1.487200256,179.929194496,698417.698267136,hvg
214.7647806480527,2.198269952,179.221331968,698417.698267136,hvg
215.26685537956655,3.519823872,177.897025536,698417.698267136,hvg
215.7688928525895,5.92562176,175.485075456,698417.76224256,hvg
216.27097396552563,5.92562176,175.485075456,698417.76224256,hvg
216.77181962504983,8.028536832,173.378469888,698417.76224256,hvg
217.27381291799247,8.04786176,173.355986944,698417.76224256,hvg
217.775691697374,8.04786176,173.355626496,698418.086023168,hvg
218.27718020416796,0.839184384,180.537929728,698418.086023168,hvg
218.7791792396456,1.288278016,180.127268864,698418.086023168,hvg
219.2801055815071,2.032300032,179.379675136,698418.086023168,hvg
219.78214069642127,2.967154688,178.441003008,698418.060558336,hvg
220.2860223762691,5.750239232,175.6588032,698418.060558336,hvg
220.78724220395088,5.750239232,175.65906944,698418.060558336,hvg
221.28811556845903,7.790252032,173.613600768,698418.060558336,hvg
221.7899232134223,7.794978816,173.611061248,698418.140336128,hvg
222.2914907168597,7.794978816,173.610934272,698418.140336128,hvg
222.7934867478907,0.629587968,180.782997504,698418.140336128,hvg
223.29433973133564,1.346564096,180.067827712,698418.140336128,hvg
223.79509198479354,2.092978176,179.31966464,698418.122887168,hvg
224.29628390818834,3.25644288,178.152054784,698418.122887168,hvg
224.79712606035173,5.70118144,175.704059904,698418.122887168,hvg
225.2980249095708,5.70118144,175.703805952,698418.122887168,hvg
225.7999841682613,7.720394752,173.68039424,698418.143809536,hvg
226.30271993018687,7.720394752,173.684588544,698418.143809536,hvg
226.80447011254728,7.720394752,173.684588544,698418.143809536,hvg
227.30530216544867,0.64192512,180.772347904,698418.143809536,hvg
227.8073121495545,1.382998016,180.031827968,698417.96071424,hvg
228.30885296687484,2.132332544,179.279159296,698417.96071424,hvg
228.81092038564384,3.800969216,177.607307264,698417.96071424,hvg
229.31297777593136,5.459132416,175.945551872,698417.96071424,hvg
229.81502153724432,5.893341184,175.510429696,698418.011635712,hvg
230.31727762520313,7.397453824,174.008193024,698418.011635712,hvg
230.81805340386927,7.397453824,174.008193024,698418.011635712,hvg
231.3199913855642,5.875146752,175.530774528,698418.011635712,hvg
231.67075838893652,0.345079808,181.067763712,698418.146131968,hvg
231.68997280485928,0.345083904,181.067763712,698418.146131968,renormalize
231.82202439196408,0.367681536,181.045833728,698418.146131968,renormalize
232.32408756017685,0.600383488,180.81357824,698418.146131968,renormalize
232.82507009245455,0.805937152,180.60812288,698418.146131968,renormalize
233.32710057497025,0.956346368,180.454801408,698418.146131968,renormalize
233.82913099229336,1.089949696,180.320792576,698418.169081856,renormalize
234.33140716515481,1.089949696,180.319391744,698418.169081856,renormalize
234.83341411314905,1.089949696,180.319391744,698418.169081856,renormalize
235.33508578501642,1.090760704,180.321390592,698418.169081856,renormalize
235.83710010908544,1.091571712,180.319019008,698418.227679232,renormalize
236.33922514505684,1.091571712,180.318298112,698418.227679232,renormalize
236.84014296159148,1.091571712,180.318298112,698418.227679232,renormalize
237.34135675244033,1.091842048,180.314222592,698418.227679232,renormalize
237.84227675944567,1.091842048,180.314222592,698417.666822144,renormalize
238.34365610405803,1.091842048,180.314095616,698417.666822144,renormalize
238.84522797726095,1.091842048,180.312064,698417.666822144,renormalize
239.34661461226642,1.091842048,180.312342528,698417.666822144,renormalize
239.84832048788667,1.091842048,180.312342528,698417.608556544,renormalize
240.3511298727244,1.092091904,180.316803072,698417.608556544,renormalize
240.85218554362655,1.09236224,180.314738688,698417.608556544,renormalize
241.35310234501958,1.09236224,180.314554368,698417.608556544,renormalize
241.8543798495084,1.132208128,180.27470848,698417.3520896,renormalize
242.35544564947486,1.187340288,180.215250944,698417.3520896,renormalize
242.85655133612454,1.187340288,180.215250944,698417.3520896,renormalize
243.3575966898352,1.187340288,180.215181312,698417.3520896,renormalize
243.8593265041709,1.187340288,180.215181312,698417.939972096,renormalize
244.36044196411967,1.187459072,180.211228672,698417.939972096,renormalize
244.86246912553906,1.187459072,180.211228672,698417.939972096,renormalize
245.36341074854136,1.187459072,180.211228672,698417.939972096,renormalize
245.8645921088755,1.187729408,180.209721344,698417.937813504,renormalize
246.3669311646372,1.187729408,180.211249152,698417.937813504,renormalize
246.8689779881388,1.187729408,180.211249152,698417.937813504,renormalize
247.3710618261248,1.187729408,180.211249152,698417.937813504,renormalize
247.87310473248363,1.187729408,180.209127424,698418.190200832,renormalize
248.3757049869746,1.187729408,180.209393664,698418.190200832,renormalize
248.87652406096458,1.187729408,180.209393664,698418.190200832,renormalize
249.3773668780923,1.187729408,180.20718592,698418.190200832,renormalize
249.87929284386337,1.187729408,180.205006848,698418.228563968,renormalize
250.3804464507848,1.187729408,180.205133824,698418.228563968,renormalize
250.88150205276906,1.187729408,180.209328128,698418.228563968,renormalize
251.38261130452156,1.187729408,180.205338624,698418.228563968,renormalize
251.8845984134823,1.187729408,180.205338624,698418.005745664,renormalize
252.38687390461564,1.187729408,180.205371392,698418.005745664,renormalize
252.88889882154763,1.187729408,180.205371392,698418.005745664,renormalize
253.39001607336104,1.187729408,180.235001856,698418.005745664,renormalize
253.89209714904428,1.187729408,180.235001856,698417.736425472,renormalize
254.39399663731456,1.187729408,180.235198464,698417.736425472,renormalize
254.89607484824955,1.187729408,180.235198464,698417.736425472,renormalize
255.3969959449023,1.187729408,180.233383936,698417.736425472,renormalize
255.8979389052838,1.187729408,180.233383936,698417.645674496,renormalize
256.4007934220135,1.187729408,180.237733888,698417.645674496,renormalize
256.90285848267376,1.187729408,180.236251136,698417.645674496,renormalize
257.404901381582,1.187729408,180.2358784,698417.645674496,renormalize
257.9066355675459,1.187729408,180.2358784,698416.555229184,renormalize
258.4076224975288,1.187729408,180.2339328,698416.555229184,renormalize
258.9083552043885,1.187729408,180.231770112,698416.555229184,renormalize
259.40982306934893,1.187729408,180.232015872,698416.555229184,renormalize
259.9108832292259,1.187729408,180.232015872,698416.574427136,renormalize
260.4131573047489,1.187729408,180.22807552,698416.574427136,renormalize
260.91410284489393,1.187729408,180.22807552,698416.574427136,renormalize
261.4151008054614,1.187729408,180.227784704,698416.574427136,renormalize
261.91701718233526,1.187729408,180.227784704,698416.516907008,renormalize
262.4195729661733,1.187729408,180.22787072,698416.516907008,renormalize
262.92042807117105,1.187729408,180.228132864,698416.516907008,renormalize
263.42158510535955,1.187729408,180.228149248,698416.516907008,renormalize
263.9235184416175,1.187729408,180.2259456,698418.013986816,renormalize
264.42471793293953,1.187729408,180.226359296,698418.013986816,renormalize
264.9266461674124,1.187729408,180.226359296,698418.013986816,renormalize
265.42859537899494,1.187729408,180.224151552,698418.013986816,renormalize
265.92962579242885,1.18833152,180.22197248,698418.038370304,renormalize
266.4321345370263,1.18833152,180.226605056,698418.038370304,renormalize
266.93333138898015,1.18833152,180.226605056,698418.038370304,renormalize
267.43536520935595,1.18833152,180.224528384,698418.038370304,renormalize
267.93652324564755,1.18833152,180.222365696,698416.938913792,renormalize
268.4388051573187,1.18833152,180.222640128,698416.938913792,renormalize
268.93964944407344,1.18833152,180.222640128,698416.938913792,renormalize
269.44059136137366,1.188339712,180.218335232,698416.938913792,renormalize
269.94241956062615,1.188339712,180.218335232,698416.930799616,renormalize
270.4434552732855,1.188339712,180.218314752,698416.930799616,renormalize
270.94445153325796,1.188339712,180.218314752,698416.930799616,renormalize
271.4456599764526,1.188339712,180.218646528,698416.930799616,renormalize
271.9470985215157,1.188339712,180.218646528,698416.885252096,renormalize
272.44941016100347,1.188339712,180.218667008,698416.885252096,renormalize
272.9502087999135,1.188339712,180.216635392,698416.885252096,renormalize
273.4509264603257,1.188339712,180.216905728,698416.885252096,renormalize
273.95293674618006,1.188339712,180.216905728,698417.624215552,renormalize
274.4551101103425,1.188339712,180.214857728,698417.624215552,renormalize
274.95655156858265,1.188339712,180.212793344,698417.624215552,renormalize
275.45835817605257,1.188339712,180.21289984,698417.624215552,renormalize
275.9593134652823,1.188339712,180.21289984,698417.562894336,renormalize
276.4619084559381,1.188339712,180.215812096,698417.562894336,renormalize
276.9638503212482,1.188339712,180.215812096,698417.562894336,renormalize
277.465900728479,1.188339712,180.215578624,698417.562894336,renormalize
277.96719417721033,1.188339712,180.215578624,698416.905773056,renormalize
278.4682212192565,1.188339712,180.211744768,698416.905773056,renormalize
278.96967531740665,1.188339712,180.211744768,698416.905773056,renormalize
279.47094916552305,1.188339712,180.211744768,698416.905773056,renormalize
279.97172681614757,1.188339712,180.20950016,698416.935989248,renormalize
280.4735262095928,1.188339712,180.207464448,698416.935989248,renormalize
280.97452948614955,1.188339712,180.207464448,698416.935989248,renormalize
281.47588597238064,1.188339712,180.207464448,698416.935989248,renormalize
281.9770951792598,1.188339712,180.205375488,698416.837144576,renormalize
282.4793448280543,1.188339712,180.209975296,698416.837144576,renormalize
282.98076024092734,1.188339712,180.209975296,698416.837144576,renormalize
283.48152468539774,1.188339712,180.205707264,698416.837144576,renormalize
283.98246681690216,1.188339712,180.205592576,698417.422852096,renormalize
284.48374434933066,1.188339712,180.206030848,698417.422852096,renormalize
284.98524297215044,1.188339712,180.239716352,698417.422852096,renormalize
285.48647256195545,1.188339712,180.235493376,698417.422852096,renormalize
285.98750896938145,1.188339712,180.235493376,698417.347063808,renormalize
286.48909593746066,1.188339712,180.235493376,698417.347063808,renormalize
286.99000343866646,1.188339712,180.237746176,698417.347063808,renormalize
287.49156313203275,1.188339712,180.235948032,698417.347063808,renormalize
287.99383093230426,1.188339712,180.235948032,698416.836169728,renormalize
288.4947685021907,1.188339712,180.236038144,698416.836169728,renormalize
288.9954842850566,1.188339712,180.234047488,698416.836169728,renormalize
289.4964070022106,1.188339712,180.232196096,698416.836169728,renormalize
289.99843884445727,1.188339712,180.232196096,698416.933687296,renormalize
290.4995301067829,1.188339712,180.230070272,698416.933687296,renormalize
291.00057089328766,1.188339712,180.230070272,698416.933687296,renormalize
291.50147094763815,1.188339712,180.23432192,698416.933687296,renormalize
292.00245339795947,1.188339712,180.233854976,698416.886734848,renormalize
292.5035693962127,1.188339712,180.230926336,698416.886734848,renormalize
293.00482873246074,1.188339712,180.230926336,698416.886734848,renormalize
293.5057706274092,1.188339712,180.231053312,698416.886734848,renormalize
294.00731410458684,1.188339712,180.229046272,698417.72312576,renormalize
294.508471397683,1.188339712,180.227227648,698417.72312576,renormalize
295.0102305505425,1.188339712,180.227227648,698417.72312576,renormalize
295.5111743528396,1.188339712,180.225200128,698417.72312576,renormalize
296.011898400262,1.188339712,180.225200128,698417.771700224,renormalize
296.51442132890224,1.188339712,180.229988352,698417.771700224,renormalize
297.01645502075553,1.188339712,180.229988352,698417.771700224,renormalize
297.5174289364368,1.188339712,180.228386816,698417.771700224,renormalize
298.01821247674525,1.188339712,180.228386816,698416.607338496,renormalize
298.51937703229487,1.188339712,180.226097152,698416.607338496,renormalize
299.0208340212703,1.188339712,180.224090112,698416.607338496,renormalize
299.52178475633264,1.188339712,180.224524288,698416.607338496,renormalize
300.02383590489626,1.188339712,180.224524288,698416.569962496,renormalize
300.5249922387302,1.188339712,180.222496768,698416.569962496,renormalize
301.0260796081275,1.188339712,180.222521344,698416.569962496,renormalize
301.5281220600009,1.188339712,180.220751872,698416.569962496,renormalize
302.0289587639272,0.4329472,180.979888128,698416.505270272,renormalize
302.5312358289957,0.435646464,180.97668096,698416.505270272,renormalize
303.0326628331095,0.435646464,180.97668096,698416.505270272,renormalize
303.53346609324217,0.435646464,180.976173056,698416.505270272,renormalize
304.0345681682229,0.435646464,180.973838336,698417.081126912,renormalize
304.4036943744868,0.435646464,181.04512512,698417.081126912,renormalize
304.4068136867136,0.435646464,181.046181888,698417.081126912,pca
304.53578596003354,0.460476416,181.022076928,698417.081126912,pca
305.03652553260326,0.659136512,180.823175168,698417.081126912,pca
305.53756182082,0.85839872,180.621238272,698417.081126912,pca
306.0384434852749,1.029423104,180.449406976,698417.193558016,pca
306.5399729050696,1.105022976,180.37190656,698417.193558016,pca
307.041469944641,1.105022976,180.37190656,698417.193558016,pca
307.5428394135088,1.105022976,180.376313856,698417.193558016,pca
308.0448876079172,1.105022976,180.375887872,698416.832385024,pca
308.5469118151814,1.105022976,180.372545536,698416.832385024,pca
309.0490007009357,1.105022976,180.372545536,698416.832385024,pca
309.5500750634819,1.105022976,180.372549632,698416.832385024,pca
310.05094953253865,1.105022976,180.3705344,698416.687992832,pca
310.55227306485176,1.105022976,180.368523264,698416.687992832,pca
311.0540102850646,1.105022976,180.368523264,698416.687992832,pca
311.55511192791164,1.105022976,180.366524416,698416.687992832,pca
312.056522058323,1.105022976,180.37071872,698417.176047616,pca
312.5576296839863,1.105022976,180.369035264,698417.176047616,pca
313.05925803631544,1.105252352,180.369035264,698417.176047616,pca
313.5601838119328,1.105252352,180.367167488,698417.176047616,pca
314.0611327011138,1.105252352,180.367396864,698417.072902144,pca
314.56244290433824,1.14509824,180.325326848,698417.072902144,pca
315.06444949656725,1.197617152,180.270579712,698417.072902144,pca
315.56550065241754,1.197617152,180.270723072,698417.072902144,pca
316.0676974989474,1.197756416,180.270723072,698417.17485568,pca
316.5690972805023,1.197756416,180.270718976,698417.17485568,pca
317.071121936664,1.197756416,180.268613632,698417.17485568,pca
317.57221826538444,1.197756416,180.266479616,698417.17485568,pca
318.0731813199818,1.197756416,180.266479616,698417.33818368,pca
318.5761090479791,1.197756416,180.272918528,698417.33818368,pca
319.0779553409666,1.197756416,180.271026176,698417.33818368,pca
319.57911901921034,1.197756416,180.269187072,698417.33818368,pca
320.08114596642554,1.197756416,180.26708992,698417.298300928,pca
320.58245970122516,1.197756416,180.265070592,698417.298300928,pca
321.0837755948305,1.197756416,180.265070592,698417.298300928,pca
321.58491643331945,1.197756416,180.263211008,698417.340858368,pca
322.08626022562385,1.197756416,180.263211008,698417.340858368,pca
322.5873948652297,1.197756416,180.26129408,698417.340858368,pca
323.089083455503,1.197756416,180.26129408,698417.340858368,pca
323.59022872522473,1.197756416,180.263415808,698417.154469888,pca
324.0922120567411,1.197756416,180.261236736,698417.154469888,pca
324.59335387684405,1.197756416,180.261687296,698417.154469888,pca
325.0951075851917,1.197756416,180.261687296,698417.154469888,pca
325.5962468571961,1.197756416,180.261687296,698417.159663616,pca
326.09744568541646,1.197756416,180.25957376,698417.159663616,pca
326.59860773198307,1.197756416,180.257673216,698417.159663616,pca
327.1003021989018,1.197756416,180.257673216,698417.159663616,pca
327.6014673486352,1.197756416,180.257681408,698417.087328256,pca
328.10473534464836,1.197756416,180.25969664,698417.087328256,pca
328.60589351691306,1.197756416,180.257918976,698417.087328256,pca
329.1079409364611,1.197756416,180.257918976,698417.087328256,pca
329.6091654654592,1.197756416,180.255854592,698417.217929216,pca
330.1103996504098,1.197756416,180.255854592,698417.217929216,pca
330.61157864145935,1.197756416,180.253868032,698417.217929216,pca
331.1126085296273,1.197756416,180.253868032,698417.217929216,pca
331.6137590575963,1.197756416,180.2522624,698417.16473856,pca
332.1161117441952,1.197756416,180.2522624,698417.16473856,pca
332.61736159585416,1.197756416,180.256243712,698417.16473856,pca
333.11832602508366,1.197756416,180.256243712,698417.16473856,pca
333.6195245254785,1.197756416,180.252459008,698417.261211648,pca
334.12083613313735,1.197756416,180.252459008,698417.261211648,pca
334.621929589659,1.197756416,180.252459008,698417.261211648,pca
335.1239689849317,1.197756416,180.25033728,698417.261211648,pca
335.62525145709515,1.197756416,180.248416256,698417.362792448,pca
336.12657984532416,1.197756416,180.248416256,698417.362792448,pca
336.62776215747,1.197756416,180.248375296,698417.362792448,pca
337.1294227745384,1.197756416,180.246253568,698417.362792448,pca
337.6306105479598,1.197756416,180.244058112,698417.31155968,pca
338.13350030593574,1.197756416,180.250382336,698417.31155968,pca
338.63473103940487,1.197756416,180.24916992,698417.31155968,pca
339.1357469446957,1.197756416,180.24916992,698417.31155968,pca
339.63702123612165,1.197756416,180.24736768,698417.17112832,pca
340.1391658205539,1.197756416,180.24736768,698417.17112832,pca
340.6400073096156,1.197756416,180.245184512,698417.17112832,pca
341.14112499542534,1.197756416,180.245184512,698417.17112832,pca
341.6422277558595,1.197756416,180.245438464,698417.297588224,pca
342.1435635946691,1.197756416,180.245438464,698417.297588224,pca
342.6448225453496,1.197756416,180.241465344,698417.297588224,pca
343.14665766991675,1.197756416,180.241465344,698417.297588224,pca
343.6474251318723,1.197756416,180.24566784,698417.214828544,pca
344.14853453449905,1.197756416,180.243505152,698417.214828544,pca
344.64978984743357,1.197756416,180.24165376,698417.214828544,pca
345.1518742721528,1.197756416,180.24165376,698417.214828544,pca
345.653206853196,1.197756416,180.24165376,698417.085915136,pca
346.1545496750623,1.197756416,180.239589376,698417.085915136,pca
346.6558457762003,1.197756416,180.237852672,698417.085915136,pca
347.1579111572355,1.197756416,180.237852672,698417.085915136,pca
347.6592790186405,1.197756416,180.235788288,698416.954048512,pca
348.16143182106316,1.197756416,180.239982592,698416.954048512,pca
348.66269513592124,1.197756416,180.238217216,698416.954048512,pca
349.16356026008725,1.197756416,180.238217216,698416.954048512,pca
349.6648733559996,1.197756416,180.236668928,698417.032794112,pca
350.1663174200803,1.197756416,180.236668928,698417.032794112,pca
350.66763246431947,1.197756416,180.236591104,698417.032794112,pca
351.16880811192095,1.197756416,180.234964992,698417.032794112,pca
351.67017573304474,1.197756416,180.232466432,698417.30152448,pca
352.172388125211,1.197756416,180.232466432,698417.30152448,pca
352.67370699718595,1.197756416,180.232400896,698417.30152448,pca
353.1754051744938,1.197756416,180.2345472,698417.30152448,pca
353.6765483971685,1.197756416,180.232732672,698417.086107648,pca
354.17797517217696,1.197756416,180.23276544,698417.086107648,pca
354.6793646644801,1.197756416,180.230627328,698417.086107648,pca
355.180690176785,1.197756416,180.230627328,698417.086107648,pca
355.6819171961397,1.197756416,180.22885376,698416.96468992,pca
356.18331756815314,1.197756416,180.22885376,698416.96468992,pca
356.684569247067,1.197756416,180.226789376,698416.96468992,pca
357.18576813302934,1.197756416,180.226789376,698416.96468992,pca
357.6871800851077,1.197756416,180.224876544,698416.910364672,pca
358.1902199089527,1.197756416,180.229087232,698416.910364672,pca
358.6915875095874,1.197756416,180.229607424,698416.910364672,pca
359.19253106601536,1.197756416,180.229607424,698416.910364672,pca
359.6939094103873,1.197756416,180.229607424,698416.743583744,pca
360.1962251160294,1.197756416,180.227600384,698416.743583744,pca
360.6972919087857,1.197756416,180.225773568,698416.743583744,pca
361.1985079292208,1.197756416,180.225773568,698416.743583744,pca
361.6993669513613,1.197756416,180.223770624,698416.747565056,pca
362.2007665839046,1.197756416,180.223770624,698416.747565056,pca
362.70209592953324,1.197756416,180.22166528,698416.747565056,pca
363.2040976267308,1.197756416,180.219355136,698416.747565056,pca
363.7054860126227,1.197756416,180.219813888,698417.073680384,pca
364.20809186063707,1.197756416,180.224008192,698417.073680384,pca
364.70950547233224,1.197756416,180.2220544,698417.073680384,pca
365.2115373890847,1.197756416,180.219990016,698417.073680384,pca
365.71296782046556,1.197756416,180.220239872,698416.99864576,pca
366.2145221121609,1.197756416,180.220239872,698416.99864576,pca
366.7159491479397,1.197756416,180.218368,698416.99864576,pca
367.21799136698246,1.197756416,180.218368,698416.99864576,pca
367.71946832351387,1.197756416,180.216385536,698416.98889728,pca
368.22165560536087,1.197756416,180.21632,698416.98889728,pca
368.7231253441423,1.197756416,180.218494976,698416.98889728,pca
369.22396876104176,1.197756416,180.218494976,698416.98889728,pca
369.7254677284509,1.197756416,180.216856576,698417.06964992,pca
370.2265407331288,1.197756416,180.215349248,698417.06964992,pca
370.7279947195202,1.197756416,180.215181312,698417.06964992,pca
371.229310952127,1.197756416,180.215181312,698417.06964992,pca
371.73062029853463,1.197756416,180.212846592,698417.26441472,pca
372.2319957539439,1.197756416,180.210839552,698417.26441472,pca
372.73276261612773,1.197756416,180.211109888,698417.26441472,pca
373.23379821516573,1.197756416,180.215304192,698417.26441472,pca
373.73586999066174,1.197756416,180.211367936,698416.98947072,pca
374.23750790022314,1.197756416,180.211367936,698416.98947072,pca
374.73936449736357,1.197756416,180.211679232,698416.98947072,pca
375.24101867340505,0.765947904,180.641738752,698416.98947072,pca
375.7431159801781,0.80470016,180.603600896,698416.969490432,pca
376.2446700464934,0.755654656,180.650512384,698416.969490432,pca
376.7455832567066,0.672612352,180.732903424,698416.969490432,pca
377.24679249711335,0.607711232,180.79686656,698416.969490432,pca
377.7475770842284,0.587902976,180.81736704,698416.974016512,pca
378.24918475188315,0.960094208,180.443246592,698416.974016512,pca
378.75060426816344,0.926674944,180.476260352,698416.974016512,pca
379.2514678519219,1.068576768,180.334272512,698416.974016512,pca
379.7522480711341,0.920850432,180.482011136,698417.167437824,pca
380.25596857629716,0.641933312,180.76583936,698417.167437824,pca
380.75790568068624,1.378799616,180.030722048,698417.167437824,pca
381.2589217275381,1.540329472,179.86670592,698417.167437824,pca
381.76102386787534,1.540329472,179.86670592,698417.077850112,pca
382.2625419124961,1.540329472,179.86670592,698417.077850112,pca
382.76445170119405,1.540329472,179.86670592,698417.077850112,pca
383.265922119841,1.540329472,179.864485888,698417.077850112,pca
383.768002146855,1.540329472,179.864485888,698416.840794112,pca
384.27110567316413,1.540329472,179.868680192,698416.840794112,pca
384.77240386232734,1.540329472,179.868942336,698416.840794112,pca
385.27357238158584,1.540329472,179.868942336,698416.840794112,pca
385.77455511689186,1.540329472,179.868942336,698416.892837888,pca
386.27624755725265,1.540329472,179.866656768,698416.892837888,pca
386.77706430107355,1.540329472,179.866656768,698416.892837888,pca
387.27880688756704,1.540329472,179.864690688,698416.892837888,pca
387.7803420200944,1.540329472,179.864449024,698416.940126208,pca
388.28259332478046,1.540329472,179.864449024,698416.940126208,pca
388.78362602368,1.339416576,180.06525952,698416.940126208,pca
389.2844563052058,0.679776256,180.729298944,698416.940126208,pca
389.786104908213,1.443561472,179.963879424,698417.052413952,pca
390.2873716559261,1.703124992,179.703529472,698417.052413952,pca
390.7884151805192,1.703124992,179.703529472,698417.052413952,pca
391.2896320242435,1.703124992,179.703529472,698417.052413952,pca
391.79102271422744,1.703124992,179.703529472,698416.944652288,pca
392.292474873364,1.703124992,179.70356224,698416.944652288,pca
392.79347910918295,1.703124992,179.70356224,698416.944652288,pca
393.2944816015661,1.703124992,179.701243904,698416.944652288,pca
393.79542954452336,1.703124992,179.701243904,698416.787841024,pca
394.2975812982768,1.703124992,179.70348032,698416.787841024,pca
394.7984842285514,1.703124992,179.70348032,698416.787841024,pca
395.29948096722364,1.703124992,179.70348032,698416.787841024,pca
395.80048602446914,1.703124992,179.70348032,698416.841826304,pca
396.3019080813974,1.703124992,179.703619584,698416.841826304,pca
396.80400030501187,1.703124992,179.703619584,698416.841826304,pca
397.3061173055321,1.703124992,179.703619584,698416.841826304,pca
397.80817600898445,1.498722304,179.907784704,698416.94814208,pca
398.3092282693833,1.498722304,179.909873664,698416.94814208,pca
398.81126017682254,0.9962496,180.412203008,698416.94814208,pca
399.31229793839157,1.222496256,180.184641536,698416.94814208,pca
399.81323125213385,1.838985216,179.567476736,698417.127866368,pca
400.31441806070507,1.838985216,179.567095808,698417.127866368,pca
400.8153817187995,1.838985216,179.567095808,698417.127866368,pca
401.3166961334646,1.838985216,179.56468736,698417.127866368,pca
401.8176645990461,1.838985216,179.56468736,698417.0427392,pca
402.3189280964434,1.838985216,179.56468736,698417.0427392,pca
402.82095479406416,1.838985216,179.564699648,698417.0427392,pca
403.3226627111435,1.838985216,179.56231168,698417.0427392,pca
403.8236736059189,1.838985216,179.56231168,698417.016008704,pca
404.3266004174948,1.838985216,179.568996352,698417.016008704,pca
404.82766506820917,1.838985216,179.568996352,698417.016008704,pca
405.32869441248477,1.838985216,179.568996352,698417.016008704,pca
405.82976124063134,1.838985216,179.568996352,698417.046151168,pca
406.331571822986,1.838985216,179.5667968,698417.046151168,pca
406.83270198851824,1.838985216,179.5667968,698417.046151168,pca
407.3339916411787,1.838985216,179.566800896,698417.046151168,pca
407.83570562675595,1.59066112,179.815010304,698417.350111232,pca
408.3371694702655,0.97892352,180.42497024,698417.350111232,pca
408.8381444569677,1.962143744,179.441901568,698417.350111232,pca
409.3397527243942,1.962143744,179.44111104,698417.350111232,pca
409.8408262152225,1.962143744,179.445321728,698417.259573248,pca
410.3427036162466,1.962143744,179.445321728,698417.259573248,pca
410.8447700291872,1.962143744,179.445321728,698417.259573248,pca
411.3468603827059,1.962143744,179.443359744,698417.259573248,pca
411.84788422100246,1.962143744,179.443359744,698417.245401088,pca
412.34976920485497,1.962418176,179.441025024,698417.245401088,pca
412.85182866081595,1.962418176,179.441025024,698417.245401088,pca
413.3538294546306,1.962418176,179.440832512,698417.245401088,pca
413.85586948879063,1.962418176,179.440832512,698417.321365504,pca
414.3582473360002,1.962418176,179.44528896,698417.321365504,pca
414.8603222835809,1.962418176,179.445415936,698417.321365504,pca
415.3619767166674,1.962418176,179.445284864,698417.321365504,pca
415.8641098085791,1.962418176,179.445284864,698417.402699776,pca
416.3664199784398,1.962418176,179.443208192,698417.402699776,pca
416.86782961525023,1.714720768,179.690790912,698417.402699776,pca
417.36989490129054,1.24581888,180.157370368,698417.402699776,pca
417.87194235622883,1.502461952,179.903156224,698417.023545344,pca
418.3738538250327,2.139496448,179.263750144,698417.023545344,pca
418.875933740288,2.139496448,179.263750144,698417.023545344,pca
419.37691030837595,2.139496448,179.266777088,698417.023545344,pca
419.87878494523466,2.139496448,179.266777088,698416.793481216,pca
420.38117121346295,2.139496448,179.266777088,698416.793481216,pca
420.8821983374655,2.139496448,179.266777088,698416.793481216,pca
421.38322329334915,2.139496448,179.265765376,698416.793481216,pca
421.8844854347408,2.139496448,179.265765376,698416.809332736,pca
422.3865252174437,2.139496448,179.264978944,698416.809332736,pca
422.88857630081475,2.139496448,179.263516672,698416.809332736,pca
423.3906391747296,2.139496448,179.263516672,698416.809332736,pca
423.89217722415924,2.139496448,179.267837952,698417.331920896,pca
424.393721235916,2.139766784,179.265826816,698417.331920896,pca
424.89601466059685,2.139766784,179.265826816,698417.331920896,pca
425.3981183283031,2.139766784,179.265826816,698417.331920896,pca
425.90018324926496,2.139766784,179.265826816,698417.390923776,pca
426.4021369572729,2.139766784,179.263655936,698417.390923776,pca
426.9032112881541,1.303498752,180.100407296,698417.390923776,pca
427.4044895172119,2.204839936,179.199246336,698417.390923776,pca
427.90656110085547,2.204839936,179.199246336,698417.189748736,pca
428.4079250320792,2.204839936,179.198357504,698417.189748736,pca
428.9100011624396,2.204839936,179.198357504,698417.189748736,pca
429.41210453398526,2.204839936,179.196080128,698417.189748736,pca
429.9141712374985,2.204839936,179.196080128,698417.09647872,pca
430.4172799028456,2.204839936,179.200401408,698417.09647872,pca
430.91882698610425,2.204839936,179.200401408,698417.09647872,pca
431.42056590504944,2.204839936,179.19838208,698417.09647872,pca
431.92188782803714,2.204839936,179.19838208,698417.201983488,pca
432.42423631995916,2.204839936,179.19838208,698417.201983488,pca
432.92522404901683,2.204839936,179.19838208,698417.201983488,pca
433.42614024318755,2.204839936,179.196502016,698417.201983488,pca
433.9271338842809,2.204839936,179.19664128,698417.47406848,pca
434.43020658008754,2.204839936,179.203198976,698417.47406848,pca
434.9322646409273,1.760833536,179.646820352,698417.47406848,pca
435.43355713412166,1.340399616,180.066574336,698417.47406848,pca
435.93560368940234,2.301247488,179.104772096,698417.342808064,pca
436.4366731122136,2.333708288,179.071995904,698417.342808064,pca
436.93786589615047,2.333708288,179.071995904,698417.342808064,pca
437.43992105685174,2.333708288,179.071234048,698417.342808064,pca
437.94195090048015,2.333708288,179.069964288,698417.00446208,pca
438.44412929192185,2.333708288,179.070091264,698417.00446208,pca
438.94620119035244,2.333708288,179.070091264,698417.00446208,pca
439.44727581739426,2.333708288,179.069026304,698417.00446208,pca
439.94831968843937,2.333708288,179.073220608,698416.923025408,pca
440.4505256935954,2.333708288,179.0716928,698416.923025408,pca
440.9525353666395,2.333708288,179.0716928,698416.923025408,pca
441.4545600079,2.333708288,179.07181568,698416.923025408,pca
441.9564984161407,2.333708288,179.07181568,698417.14313216,pca
442.4578078761697,2.333708288,179.071582208,698417.14313216,pca
442.9598951116204,2.333708288,179.071582208,698417.14313216,pca
443.4619620628655,2.333708288,179.071582208,698417.14313216,pca
443.9634377602488,1.491460096,179.909881856,698417.62912256,pca
444.4664945732802,2.42857984,178.979618816,698417.62912256,pca
444.96834916062653,2.42857984,178.979618816,698417.62912256,pca
445.47041670046747,2.42857984,178.977390592,698417.62912256,pca
445.9724255371839,2.42857984,178.977390592,698417.553522688,pca
446.47458743304014,2.42857984,178.976641024,698417.553522688,pca
446.9757503736764,2.42857984,178.976641024,698417.553522688,pca
447.47782686911523,2.42857984,178.97439232,698417.553522688,pca
447.97990482859313,2.42857984,178.97439232,698417.227165696,pca
448.4822360891849,2.42857984,178.974384128,698417.227165696,pca
448.98428032919765,2.42857984,178.974380032,698417.227165696,pca
449.4851582888514,2.42857984,178.97793536,698417.227165696,pca
449.98609274066985,2.42857984,178.97793536,698416.723173376,pca
450.48824457637966,2.42857984,178.976751616,698416.723173376,pca
450.98989032767713,2.42857984,178.976612352,698416.723173376,pca
451.49110115133226,2.0047872,179.399581696,698416.723173376,pca
451.9931254051626,1.959718912,179.447296,698416.756129792,pca
452.4946907386184,2.552057856,178.850930688,698416.756129792,pca
452.9967381954193,2.552057856,178.850930688,698416.756129792,pca
453.4988131187856,2.552057856,178.850930688,698416.756129792,pca
454.0003702249378,2.552057856,178.850930688,698416.948482048,pca
454.5036165714264,2.552057856,178.853183488,698416.948482048,pca
455.00563378445804,2.552057856,178.853183488,698416.948482048,pca
455.5067401379347,2.552057856,178.853183488,698416.948482048,pca
456.00752076879144,2.552057856,178.853179392,698417.427828736,pca
456.50966203585267,2.552057856,178.853179392,698417.427828736,pca
457.0107202325016,2.552057856,178.853179392,698417.427828736,pca
457.51170682162046,2.552057856,178.853179392,698417.427828736,pca
458.0127922836691,2.552057856,178.850889728,698416.937619456,pca
458.5144526641816,2.552057856,178.850889728,698416.937619456,pca
459.0154924169183,2.13123072,179.271008256,698416.937619456,pca
459.5163120161742,2.006704128,179.395350528,698416.937619456,pca
460.0177909247577,2.645868544,178.75544064,698416.967651328,pca
460.521651532501,2.645868544,178.760982528,698416.967651328,pca
461.02290436066687,2.645868544,178.758914048,698416.967651328,pca
461.5249581169337,2.645868544,178.758914048,698416.967651328,pca
462.02701574005187,2.645868544,178.758914048,698417.59625216,pca
462.5293742995709,2.645868544,178.758914048,698417.59625216,pca
463.03056793659925,2.645868544,178.757566464,698417.59625216,pca
463.5315018426627,2.645868544,178.757566464,698417.59625216,pca
464.033099161461,2.645868544,178.757566464,698417.20672256,pca
464.5353981833905,2.645868544,178.75664896,698417.20672256,pca
465.0365980453789,2.645868544,178.75664896,698417.20672256,pca
465.5381475482136,2.645868544,178.758885376,698417.20672256,pca
466.0389226768166,2.577813504,178.82669056,698416.996646912,pca
466.54120096564293,2.1624832,179.241590784,698416.996646912,pca
467.04316290840507,2.00083456,179.405746176,698416.996646912,pca
467.5441732686013,2.157129728,179.249147904,698416.996646912,pca
468.04499743692577,2.013417472,179.392626688,698417.037258752,pca
468.54711420089006,1.975496704,179.428646912,698417.037258752,pca
469.0482358727604,1.949233152,179.455004672,698417.037258752,pca
469.54926672950387,1.81700608,179.586351104,698417.037258752,pca
470.0501016974449,1.730945024,179.675009024,698416.920866816,pca
470.55165851302445,1.730945024,179.675226112,698416.920866816,pca
471.05279152467847,1.730945024,179.672961024,698416.920866816,pca
471.5548368692398,1.730945024,179.634413568,698416.920866816,pca
472.0568569935858,1.862270976,179.541946368,698417.18495232,pca
472.55877311341465,1.66746112,179.735269376,698417.18495232,pca
473.0607826691121,1.667756032,179.735269376,698417.18495232,pca
473.56283745355904,2.39685632,179.00711936,698417.18495232,pca
474.06374518945813,1.812471808,179.589668864,698417.22392576,pca
474.5651049967855,2.36435456,179.043344384,698417.22392576,pca
475.06694519147277,2.124955648,179.302989824,698417.22392576,pca
475.5689852889627,2.035232768,179.417849856,698417.22392576,pca
476.069822344929,2.25112064,179.217211392,698417.222914048,pca
476.57349696196616,2.381139968,179.100708864,698417.222914048,pca
477.07482567615807,2.06075904,179.482935296,698417.222914048,pca
477.57685392536223,1.889923072,179.672469504,698417.222914048,pca
478.0777948461473,2.66364928,178.900942848,698417.433247744,pca
478.5797749571502,2.189336576,179.401035776,698417.433247744,pca
479.08073543198407,2.095702016,179.517677568,698417.433247744,pca
479.5817437041551,1.969209344,179.667533824,698417.433247744,pca
480.083743724972,2.511466496,179.132137472,698417.098309632,pca
480.5862424559891,1.995784192,179.671011328,698417.098309632,pca
481.08765734545887,1.995784192,179.67122432,698417.098309632,pca
481.58850142918527,1.995784192,179.669651456,698416.722137088,pca
482.08996524102986,1.995784192,179.669651456,698416.722137088,pca
482.59180768951774,1.995784192,179.66514176,698416.722137088,pca
483.09295880421996,1.995784192,179.66465024,698416.722137088,pca
483.59377271309495,1.995784192,179.662835712,698415.232438272,pca
484.095026852563,1.995784192,179.662835712,698415.232438272,pca
484.59630158916116,1.995784192,179.658694656,698415.232438272,pca
485.0971279256046,1.995784192,179.658694656,698415.232438272,pca
485.59781885147095,1.995784192,179.666812928,698415.440257024,pca
486.10030579194427,1.995784192,179.67104,698415.440257024,pca
486.60153926350176,1.995784192,179.66718976,698415.440257024,pca
487.1024375408888,1.995784192,179.66718976,698415.440257024,pca
487.6034717671573,1.995784192,179.665027072,698415.594074112,pca
488.104473343119,1.995784192,179.66505984,698415.594074112,pca
488.6053029447794,1.995784192,179.658756096,698415.594074112,pca
489.1061490364373,1.995784192,179.658756096,698415.594074112,pca
489.6069606691599,1.995784192,179.656658944,698414.71586304,pca
490.1079569030553,1.995784192,179.65656064,698414.71586304,pca
490.6088029164821,1.995784192,179.66913536,698414.71586304,pca
491.1102058570832,1.995784192,179.66913536,698414.71586304,pca
491.61195224896073,1.995784192,179.667779584,698414.620454912,pca
492.1140573732555,1.995784192,179.6645888,698414.620454912,pca
492.6156219728291,1.995784192,179.664613376,698414.620454912,pca
493.1164507921785,1.995784192,179.664089088,698414.620454912,pca
493.61790973320603,1.995784192,179.65869056,698415.403003904,pca
494.1189001649618,1.995784192,179.658559488,698415.403003904,pca
494.62026125751436,1.995784192,179.656462336,698415.403003904,pca
495.1214481368661,1.995784192,179.6605952,698415.403003904,pca
495.29151169769466,0.622841856,180.859142144,698415.403003904,pca
495.2929965239018,0.622841856,180.859142144,698415.403003904,neighbors
495.62227886915207,1.025888256,180.715474944,698415.413321728,neighbors
496.12342413701117,1.150541824,180.58919936,698415.413321728,neighbors
496.6245073415339,1.265856512,180.472049664,698415.413321728,neighbors
497.1253687720746,1.026158592,180.709748736,698415.413321728,neighbors
497.626293996349,1.026158592,180.713312256,698415.361736704,neighbors
498.1274063307792,1.174155264,180.566007808,698415.361736704,neighbors
498.6283505000174,1.047912448,180.68965376,698415.361736704,neighbors
499.12920481711626,1.170161664,180.567957504,698415.361736704,neighbors
499.6301089040935,1.183875072,180.55622656,698416.700407808,neighbors
500.13116724044085,1.049858048,180.689752064,698416.700407808,neighbors
500.6322911288589,1.160114176,180.580581376,698416.700407808,neighbors
501.1331736128777,1.10309376,180.636758016,698416.700407808,neighbors
501.63430616259575,1.051561984,180.685811712,698416.76445696,neighbors
502.13536904007196,1.143205888,180.595675136,698416.76445696,neighbors
502.6364766601473,1.303773184,180.432355328,698416.76445696,neighbors
503.1373569332063,1.072222208,180.66307072,698416.76445696,neighbors
503.6385004520416,1.077354496,180.658786304,698417.00141056,neighbors
504.1396732162684,1.157316608,180.579885056,698417.00141056,neighbors
504.6408056449145,1.082474496,180.65563648,698417.00141056,neighbors
505.14171804487705,1.17895168,180.55890944,698417.00141056,neighbors
505.64250956103206,1.24561408,180.492873728,698417.117343744,neighbors
506.1436018310487,1.082916864,180.654350336,698417.117343744,neighbors
506.644647648558,1.132740608,180.604903424,698417.117343744,neighbors
507.1455135047436,1.082916864,180.652118016,698417.117343744,neighbors
507.64666891656816,1.041395712,180.696977408,698417.16277248,neighbors
508.14772703684866,1.16447232,180.575223808,698417.16277248,neighbors
508.6486228723079,1.196457984,180.538638336,698417.16277248,neighbors
509.14945760928094,1.163153408,180.573556736,698417.16277248,neighbors
509.6505877096206,1.205198848,180.530110464,698417.212547072,neighbors
510.15336639247835,1.399762944,180.340477952,698417.212547072,neighbors
510.6544119566679,1.142689792,180.597542912,698417.212547072,neighbors
511.15537170134485,1.192521728,180.54864896,698417.212547072,neighbors
511.65623928047717,1.414332416,180.325281792,698417.052893184,neighbors
512.1573973149061,1.300860928,180.439277568,698417.052893184,neighbors
512.658569265157,1.297518592,180.443471872,698417.052893184,neighbors
513.1594999544322,1.286275072,180.45472768,698417.052893184,neighbors
513.6604699082673,1.224454144,180.512579584,698417.093296128,neighbors
514.1615104544908,1.289908224,180.449476608,698417.093296128,neighbors
514.662332361564,1.314373632,180.4219392,698417.093296128,neighbors
515.1632028687745,1.308164096,180.42912768,698417.093296128,neighbors
515.6639325972646,1.30537472,180.431003648,698417.049509888,neighbors
516.1670628450811,1.3084672,180.43301888,698417.049509888,neighbors
516.669048441574,1.30531328,180.435443712,698417.049509888,neighbors
517.1710798554122,1.305337856,180.435726336,698417.049509888,neighbors
517.6731236092746,1.308901376,180.432396288,698417.04011776,neighbors
518.1744846813381,1.305563136,180.435890176,698417.04011776,neighbors
518.6762362532318,1.311162368,180.426293248,698417.04011776,neighbors
519.1781810373068,1.311084544,180.426338304,698417.04011776,neighbors
519.6802456974983,1.31108864,180.4263424,698416.800989184,neighbors
520.1837873402983,1.31373056,180.427722752,698416.800989184,neighbors
520.685614861548,1.313792,180.42730496,698416.800989184,neighbors
521.1866699494421,1.31108864,180.428464128,698416.800989184,neighbors
521.6874963603914,1.31108864,180.428746752,698416.72771584,neighbors
522.1884400509298,1.31108864,180.428394496,698416.72771584,neighbors
522.6895884294063,1.312858112,180.423626752,698416.72771584,neighbors
523.1916069164872,1.313316864,180.42402816,698416.72771584,neighbors
523.6934739220887,1.638006784,180.099776512,698416.795181056,neighbors
524.195690875873,1.638006784,180.099776512,698416.795181056,neighbors
524.6965688504279,1.638006784,180.098756608,698416.795181056,neighbors
525.1983522288501,1.638006784,180.102950912,698416.795181056,neighbors
525.6996406055987,1.638006784,180.102950912,698416.941776896,neighbors
526.2009090334177,1.638006784,180.102950912,698416.941776896,neighbors
526.702936321497,1.638006784,180.101013504,698416.941776896,neighbors
527.2038464322686,1.638006784,180.100104192,698416.941776896,neighbors
527.7058615833521,1.638006784,180.098686976,698417.018138624,neighbors
528.2081362772733,1.638006784,180.098686976,698417.018138624,neighbors
528.7089562360197,1.638006784,180.098637824,698417.018138624,neighbors
529.2109654508531,1.638006784,180.098637824,698417.018138624,neighbors
529.7125324606895,1.638006784,180.102832128,698417.3764608,neighbors
530.2138119656593,1.638322176,180.102832128,698417.3764608,neighbors
530.7158980127424,1.638322176,180.100816896,698417.3764608,neighbors
531.2179415561259,1.638322176,180.100816896,698417.3764608,neighbors
531.7199732363224,1.638322176,180.100665344,698417.278476288,neighbors
532.2222559414804,1.638322176,180.100665344,698417.278476288,neighbors
532.7232452463359,1.638322176,180.098461696,698417.278476288,neighbors
533.2242363803089,1.638322176,180.098461696,698417.278476288,neighbors
533.7250708770007,1.638322176,180.0984576,698417.094643712,neighbors
534.2265314981341,1.638322176,180.0984576,698417.094643712,neighbors
534.7273700013757,1.638322176,180.096192512,698417.094643712,neighbors
535.228418359533,1.638322176,180.096192512,698417.094643712,neighbors
535.7291721776128,1.638322176,180.096356352,698417.168257024,neighbors
536.2318532522768,1.638322176,180.102647808,698417.168257024,neighbors
536.7336069867015,1.638322176,180.103041024,698417.168257024,neighbors
537.2343684993684,1.644916736,180.090970112,698417.168257024,neighbors
537.7352538332343,1.715744768,180.082147328,698417.14276352,neighbors
538.2506771422923,1.064476672,180.806750208,698417.14276352,neighbors
538.7514091748744,0.914685952,180.806668288,698417.14276352,neighbors
539.2523066811264,0.91512832,180.805820416,698417.14276352,neighbors
539.7550008725375,0.915320832,180.807008256,698417.10788608,neighbors
540.2559492886066,0.923664384,180.80063488,698417.10788608,neighbors
540.7578568365425,0.959930368,180.782956544,698417.10788608,neighbors
541.2594286575913,1.001406464,180.761731072,698417.10788608,neighbors
541.7614108938724,1.04105984,180.740653056,698417.272213504,neighbors
542.2635928615928,1.11998976,180.734488576,698417.272213504,neighbors
542.7644718848169,1.282646016,180.589682688,698417.272213504,neighbors
543.2650914844126,1.29734656,180.588539904,698417.272213504,neighbors
543.7655839826912,1.363038208,180.579119104,698417.120677888,neighbors
544.2662566471845,1.422757888,180.572512256,698417.120677888,neighbors
544.7667349278927,1.484099584,180.56486912,698417.120677888,neighbors
545.1142812892795,1.065590784,180.777521152,698417.120677888,neighbors
545.1146494969726,1.065590784,180.777521152,698417.120677888,leiden
545.2676587980241,1.247449088,180.778037248,698417.120677888,leiden
545.7689785659313,1.307602944,180.779106304,698416.844419072,leiden
546.2707042526454,1.307602944,180.779106304,698416.844419072,leiden
546.7715966776013,1.307602944,180.776595456,698416.844419072,leiden
547.2725652363151,1.307602944,180.776697856,698416.844419072,leiden
547.7733269482851,1.307602944,180.776697856,698416.547377152,leiden
548.2754419371486,1.307602944,180.776566784,698416.547377152,leiden
548.7774297893047,1.307602944,180.774494208,698416.547377152,leiden
549.2785293888301,1.307602944,180.774494208,698416.547377152,leiden
549.780525656417,1.307602944,180.774494208,698416.696352768,leiden
550.2817783690989,1.307602944,180.774494208,698416.696352768,leiden
550.7829766124487,1.307602944,180.77227008,698416.696352768,leiden
551.2850223816931,1.307602944,180.77227008,698416.696352768,leiden
551.7871154528111,1.307602944,180.77227008,698416.987836416,leiden
552.2909249495715,1.307602944,180.778561536,698416.987836416,leiden
552.7919029854238,1.307602944,180.778954752,698416.987836416,leiden
553.2939329613,1.307602944,180.77681664,698416.987836416,leiden
553.7959929443896,1.307602944,180.77683712,698416.753426432,leiden
554.2977579962462,1.307602944,180.776861696,698416.753426432,leiden
554.7988440729678,1.307602944,180.776861696,698416.753426432,leiden
555.3008898999542,1.307602944,180.774637568,698416.753426432,leiden
555.8029356002808,1.307602944,180.774637568,698416.67151872,leiden
556.3051683008671,1.307602944,180.779094016,698416.67151872,leiden
556.8062147889286,1.309270016,180.777824256,698416.67151872,leiden
557.3076875284314,1.314004992,180.77077504,698416.67151872,leiden
557.8096527680755,1.319415808,180.765057024,698416.634376192,leiden
558.3114077523351,1.4718976,180.6121984,698416.634376192,leiden
558.8131923433393,1.707081728,180.377260032,698416.634376192,leiden
559.3140560556203,1.411878912,180.67243008,698416.634376192,leiden
559.8160635642707,1.41686784,180.668235776,698416.851075072,leiden
560.3180151004344,1.569398784,180.512935936,698416.851075072,leiden
560.8200972918421,1.344311296,180.737765376,698416.851075072,leiden
561.3210113048553,1.288163328,180.79471616,698416.851075072,leiden
561.823091108352,1.294716928,180.792303616,698416.787849216,leiden
562.324917756021,1.315483648,180.769316864,698416.787849216,leiden
562.8259411547333,1.318117376,180.767219712,698416.787849216,leiden
563.326890816912,1.327316992,180.757307392,698416.787849216,leiden
563.8289367612451,1.329491968,180.755402752,698416.844873728,leiden
564.3310114163905,1.5770624,180.504899584,698416.844873728,leiden
564.8329172562808,1.488846848,180.59241472,698416.844873728,leiden
565.33495776169,1.488846848,180.592914432,698416.844873728,leiden
565.8370009325445,1.637261312,180.444598272,698416.863690752,leiden
566.3393150754273,1.376444416,180.707700736,698416.863690752,leiden
566.8405411560088,1.273294848,180.811026432,698416.863690752,leiden
567.3424895368516,1.273294848,180.811137024,698416.863690752,leiden
567.3783207088709,1.273294848,180.811137024,698416.863690752,leiden
567.37978384085,1.273294848,180.811137024,698416.863690752,umap
567.8444218933582,1.273298944,180.810596352,698416.997937152,umap
568.3461775053293,1.273298944,180.81107968,698416.997937152,umap
568.8468586169183,1.273298944,180.81107968,698416.997937152,umap
569.3477405887097,1.273298944,180.808802304,698416.997937152,umap
569.8498089294881,1.273298944,180.808802304,698417.20522752,umap
570.351659912616,1.273298944,180.808802304,698417.20522752,umap
570.8535784520209,1.27330304,180.808802304,698417.20522752,umap
571.3542705364525,1.273344,180.806520832,698417.20522752,umap
571.855738889426,1.273344,180.806520832,698417.298481152,umap
572.3576656896621,1.273344,180.810715136,698417.298481152,umap
572.8585470095277,1.273344,180.81097728,698417.298481152,umap
573.3593085613102,1.273344,180.81097728,698417.298481152,umap
573.8610269967467,1.273344,180.808757248,698417.178554368,umap
574.3620639964938,1.273344,180.808757248,698417.178554368,umap
574.8637481238693,1.273344,180.808757248,698417.178554368,umap
575.3644737210125,1.273344,180.808757248,698417.178554368,umap
575.865745505318,1.273344,180.808757248,698416.939667456,umap
576.3666326031089,1.273344,180.808757248,698416.939667456,umap
576.8682515416294,1.273344,180.806422528,698416.939667456,umap
577.3690256178379,1.273344,180.806422528,698416.939667456,umap
577.8707738146186,1.273344,180.806422528,698416.76578816,umap
578.3734302334487,1.273344,180.812582912,698416.76578816,umap
578.8751536160707,1.273344,180.810899456,698416.76578816,umap
579.375887317583,1.273344,180.810899456,698416.76578816,umap
579.8775350283831,1.273344,180.810899456,698416.995495936,umap
580.3785264454782,1.273344,180.810899456,698416.995495936,umap
580.8791955355555,1.273344,180.808679424,698416.995495936,umap
581.3799298405647,1.273344,180.808679424,698416.995495936,umap
581.8816553093493,1.273344,180.812857344,698417.300672512,umap
582.3827176969498,1.273344,180.812857344,698417.300672512,umap
582.8840786647052,1.273372672,180.813246464,698417.300672512,umap
583.3848701529205,1.273372672,180.813246464,698417.300672512,umap
583.8865392562002,1.273372672,180.811042816,698416.948862976,umap
584.3874467369169,1.273372672,180.811169792,698416.948862976,umap
584.8891313448548,1.273372672,180.811169792,698416.948862976,umap
585.3899153806269,1.273372672,180.810645504,698416.948862976,umap
585.8916786015034,1.273372672,180.808835072,698416.963833856,umap
586.39268200472,1.273372672,180.808835072,698416.963833856,umap
586.8937764689326,1.273372672,180.808720384,698416.963833856,umap
587.3945699073374,1.273372672,180.812980224,698416.963833856,umap
587.8956832960248,1.273372672,180.811005952,698416.950714368,umap
588.3966624494642,1.273372672,180.811145216,698416.950714368,umap
588.8972520232201,1.273372672,180.811087872,698416.950714368,umap
589.397950315848,1.273372672,180.811087872,698416.950714368,umap
589.8995624370873,1.273372672,180.811087872,698417.22179584,umap
590.4005530290306,1.273372672,180.811087872,698417.22179584,umap
590.901195757091,1.273372672,180.808884224,698417.22179584,umap
591.4019481614232,1.273372672,180.8090112,698417.22179584,umap
591.9028131365776,1.273372672,180.813217792,698417.02279168,umap
592.4038135372102,1.273372672,180.81243136,698417.02279168,umap
592.9050132688135,1.273372672,180.811255808,698417.02279168,umap
593.4058512412012,1.273372672,180.811255808,698417.02279168,umap
593.9076959807426,1.273372672,180.811255808,698416.719527936,umap
594.408834559843,1.273372672,180.80905216,698416.719527936,umap
594.9107934888452,1.273376768,180.80905216,698416.719527936,umap
595.411852017045,1.273376768,180.809179136,698416.719527936,umap
595.9130611792207,1.287008256,180.795518976,698416.804892672,umap
596.4143700879067,1.348718592,180.734009344,698416.804892672,umap
596.9162156488746,1.348718592,180.737523712,698416.804892672,umap
597.4173122160137,1.348718592,180.737523712,698416.804892672,umap
597.9192908536643,1.348718592,180.735578112,698416.929099776,umap
598.4205837398767,1.348718592,180.735578112,698416.929099776,umap
598.921665545553,1.283473408,180.80124928,698416.929099776,umap
599.4225121214986,1.86785792,180.22219776,698416.929099776,umap
599.9234623443335,1.808920576,180.28085248,698417.279868928,umap
600.4247401729226,1.808920576,180.28089344,698417.279868928,umap
600.9264594931155,1.808920576,180.28089344,698417.279868928,umap
601.4272790327668,1.808920576,180.278652928,698417.279868928,umap
601.9282105136663,1.808920576,180.278652928,698417.167446016,umap
602.4310143124312,1.808920576,180.285304832,698417.167446016,umap
602.9330059904605,1.808920576,180.285304832,698417.167446016,umap
603.4339706320316,1.808920576,180.285329408,698417.167446016,umap
603.9359000325203,1.808920576,180.285329408,698416.814759936,umap
604.437156509608,1.808920576,180.283117568,698416.814759936,umap
604.9381030071527,1.808920576,180.283117568,698416.814759936,umap
605.4389764145017,1.808920576,180.283117568,698416.814759936,umap
605.940230268985,1.808920576,180.283117568,698416.852004864,umap
606.4413428176194,1.808920576,180.280827904,698416.852004864,umap
606.9422794971615,1.808920576,180.285022208,698416.852004864,umap
607.4431681912392,1.808920576,180.285157376,698416.852004864,umap
607.9441092722118,1.808920576,180.28541952,698416.830537728,umap
608.4455710481852,1.809047552,180.283256832,698416.830537728,umap
608.9464489407837,1.809047552,180.283256832,698416.830537728,umap
609.4474781733006,1.809047552,180.283256832,698416.830537728,umap
609.9483381155878,1.809047552,180.283256832,698417.062363136,umap
610.4495049323887,1.809047552,180.283252736,698417.062363136,umap
610.9503020495176,1.809047552,180.283252736,698417.062363136,umap
611.4513367414474,1.809047552,180.281044992,698417.062363136,umap
611.9521420896053,1.809047552,180.281044992,698417.056288768,umap
612.4544329941273,1.809047552,180.28550144,698417.056288768,umap
612.9555125366896,1.809047552,180.28550144,698417.056288768,umap
613.4565631859004,1.809047552,180.283236352,698417.056288768,umap
613.9574101865292,1.809047552,180.283236352,698417.106132992,umap
614.4586610794067,1.809047552,180.283236352,698417.106132992,umap
614.9594302084297,1.809047552,180.283236352,698417.106132992,umap
615.4603551998734,1.809047552,180.280889344,698417.106132992,umap
615.9611606393009,1.809047552,180.280889344,698417.174196224,umap
616.4623254481703,1.809047552,180.280889344,698417.174196224,umap
616.9636220093817,1.809047552,180.280889344,698417.174196224,umap
617.4646974932402,1.809047552,180.285083648,698417.174196224,umap
617.9661035016179,1.809047552,180.285083648,698417.17108736,umap
618.4674416799098,1.809047552,180.283138048,698417.17108736,umap
618.9685196895152,1.809047552,180.283138048,698417.17108736,umap
619.4695848748088,1.809047552,180.283138048,698417.17108736,umap
619.9711144920439,1.809047552,180.283138048,698417.169956864,umap
620.472416004166,1.809047552,180.280897536,698417.169956864,umap
620.9733865726739,1.809047552,180.280897536,698417.169956864,umap
621.4742849972099,1.809047552,180.280909824,698417.169956864,umap
621.9749420695007,1.809047552,180.285104128,698416.923762688,umap
622.4761093147099,1.809047552,180.28314624,698416.923762688,umap
622.9781082570553,1.809047552,180.28314624,698416.923762688,umap
623.4792583212256,1.809047552,180.283142144,698416.923762688,umap
623.9812848102301,1.809047552,180.283142144,698416.822398976,umap
624.482609981671,1.809047552,180.282945536,698416.822398976,umap
624.9838248603046,1.809047552,180.282945536,698416.822398976,umap
625.4848055709153,1.809047552,180.2812416,698416.822398976,umap
625.9866005256772,1.809047552,180.281102336,698416.90015744,umap
626.4873164519668,1.809047552,180.280971264,698416.90015744,umap
626.9890129324049,1.809051648,180.278882304,698416.90015744,umap
627.4900070056319,1.809051648,180.27862016,698416.90015744,umap
627.9918032214046,1.809051648,180.27862016,698416.9909248,umap
628.4946775510907,1.809051648,180.284911616,698416.9909248,umap
628.9957635998726,1.809051648,180.284911616,698416.9909248,umap
629.4969618283212,1.809051648,180.2830848,698416.9909248,umap
629.9989990983158,1.809051648,180.2830848,698416.815480832,umap
630.5004538688809,1.809051648,180.282953728,698416.815480832,umap
631.0013196226209,1.809051648,180.282953728,698416.815480832,umap
631.5025453362614,1.809051648,180.280758272,698416.815480832,umap
632.0044571198523,1.809051648,180.280758272,698416.911122432,umap
632.5070205368102,1.809051648,180.285186048,698416.911122432,umap
633.0090977791697,1.809051648,180.285186048,698416.911122432,umap
633.5101939402521,1.809051648,180.285186048,698416.911122432,umap
634.0122257452458,1.809051648,180.285186048,698417.353191424,umap
634.5135743599385,1.809051648,180.28304384,698417.353191424,umap
635.0146263726056,1.809051648,180.28304384,698417.353191424,umap
635.5157084129751,1.809051648,180.28304384,698417.353191424,umap
636.0174115486443,1.809051648,180.28304384,698417.323421696,umap
636.5184841416776,1.809051648,180.280836096,698417.323421696,umap
637.0198273472488,1.809051648,180.280836096,698417.323421696,umap
637.5211367402226,1.809051648,180.280836096,698417.323421696,umap
638.0219484250993,1.809051648,180.2850304,698417.22349568,umap
638.5231387726963,1.809051648,180.283068416,698417.22349568,umap
639.0241413656622,1.809051648,180.283068416,698417.22349568,umap
639.5250564776361,1.809051648,180.283015168,698417.22349568,umap
640.0270852241665,1.809051648,180.283015168,698417.122807808,umap
640.528323257342,1.809051648,180.280696832,698417.122807808,umap
641.0297804512084,1.809051648,180.280696832,698417.122807808,umap
641.5307813938707,1.809051648,180.280680448,698417.122807808,umap
642.0328430384398,1.809051648,180.28068864,698417.311789056,umap
642.5339068695903,1.809051648,180.284882944,698417.311789056,umap
643.0358713362366,1.809051648,180.284882944,698417.311789056,umap
643.5368852559477,1.809051648,180.28292096,698417.311789056,umap
644.0381994973868,1.809051648,180.28292096,698417.22134528,umap
644.5394740402699,1.809051648,180.283047936,698417.22134528,umap
645.0408127289265,1.809051648,180.283047936,698417.22134528,umap
645.5418518725783,1.809051648,180.280844288,698417.22134528,umap
646.042711885646,1.809051648,180.280844288,698417.16535296,umap
646.5439860392362,1.809051648,180.280844288,698417.16535296,umap
647.0460621789098,1.809051648,180.280844288,698417.16535296,umap
647.5471112169325,1.809051648,180.27862016,698417.16535296,umap
648.0480219926685,1.809051648,180.27862016,698416.967233536,umap
648.5504066161811,1.809051648,180.283203584,698416.967233536,umap
649.0513196941465,1.809051648,180.283203584,698416.967233536,umap
649.5523681491613,1.809051648,180.283203584,698416.967233536,umap
650.0532514564693,1.809051648,180.283203584,698416.968286208,umap
650.5545161496848,1.809051648,180.280999936,698416.968286208,umap
651.0565495453775,1.809051648,180.280999936,698416.968286208,umap
651.5575899463147,1.809051648,180.28095488,698416.968286208,umap
652.0594731979072,1.809051648,180.28095488,698416.917315584,umap
652.5607278086245,1.809051648,180.278734848,698416.917315584,umap
653.0627602674067,1.809051648,180.278734848,698416.917315584,umap
653.5638706404716,1.809051648,180.278734848,698416.917315584,umap
654.0647915694863,1.809051648,180.285026304,698416.803950592,umap
654.5661638267338,1.809051648,180.283068416,698416.803950592,umap
655.0682082939893,1.809051648,180.28306432,698416.803950592,umap
655.5693066082895,1.809051648,180.28306432,698416.803950592,umap
656.0706240851432,1.809051648,180.28306432,698416.836677632,umap
656.5721255559474,1.809051648,180.282949632,698416.836677632,umap
657.0733463726938,1.809051648,180.282949632,698416.836677632,umap
657.218698779121,1.252864,180.829515776,698416.836677632,umap
657.2194136958569,1.252864,180.829515776,698416.836677632,figures
657.714527387172,1.254076416,180.831207424,698416.90988544,figures
658.2156715225428,1.257242624,180.826202112,698416.90988544,figures
658.7164746951312,1.258418176,180.826894336,698416.90988544,figures
659.2173332776874,1.2598272,180.822941696,698416.90988544,figures
659.7258886452764,1.302953984,180.780593152,698416.827109376,figures
660.2643707450479,1.334685696,180.74953728,698416.827109376,figures
660.8918218296021,1.337090048,180.747198464,698416.827109376,figures
661.4591820482165,1.338310656,180.743614464,698416.827109376,figures
661.9599718432873,1.3503488,180.741914624,698416.981897216,figures
662.4610816016793,1.407901696,180.684767232,698416.981897216,figures
662.9621891696006,1.431068672,180.665843712,698416.981897216,figures
662.9829739574343,1.431068672,180.665843712,698416.981897216,figures
662.9872113969177,1.431085056,180.665843712,698416.981897216,
