seconds,rss_gb,free_ram_gb,free_disk_gb,step
0.0006718933582305908,0.101085184,183.77797632,698996.378447872,
0.0024237092584371567,0.101085184,183.778095104,698996.378447872,open
1.7168261520564556,0.358232064,183.676309504,698996.435234816,open
6.0925010200589895,0.574418944,183.363846144,698996.336812032,open
9.12762795202434,0.790704128,183.151419392,698996.35341312,open
12.855395240709186,1.062178816,182.901805056,698997.552173056,open
17.006816251203418,1.251618816,182.6024448,698997.52491008,open
20.22218536399305,1.46970624,182.36827648,698997.52011776,open
22.138947691768408,1.484075008,182.237134848,698997.52011776,open
22.677249316126108,1.66479872,182.107713536,698997.52011776,open
23.474157435819507,1.707327488,182.006034432,698997.217910784,open
23.97506206855178,1.922740224,181.790920704,698997.217910784,open
24.656061705201864,2.206322688,181.50557696,698997.217910784,open
25.157182393595576,2.590715904,181.117407232,698997.211049984,open
25.65916201286018,2.68089344,181.027049472,698997.211049984,open
26.16022423096001,2.780893184,180.926836736,698997.211049984,open
26.662033604457974,2.692620288,181.015891968,698997.211049984,open
27.316599087789655,2.230771712,181.483634688,698997.158166528,open
27.316522017121315,2.230771712,181.483634688,698997.158166528,open
27.317418187856674,2.230771712,181.483634688,698997.158166528,qc (and the one-time copy of the counts)
27.87128784134984,2.231066624,181.484015616,698997.158166528,qc (and the one-time copy of the counts)
28.500410648062825,2.231066624,181.483491328,698997.158166528,qc (and the one-time copy of the counts)
29.14193571731448,2.408853504,181.279592448,698997.273911296,qc (and the one-time copy of the counts)
29.642857836559415,2.641772544,181.034917888,698997.273911296,qc (and the one-time copy of the counts)
30.143668493255973,2.815062016,180.848381952,698997.273911296,qc (and the one-time copy of the counts)
30.644517917186022,2.891112448,180.764082176,698997.273911296,qc (and the one-time copy of the counts)
31.145344227552414,2.90357248,180.743651328,698997.277704192,qc (and the one-time copy of the counts)
31.646578276529908,2.915135488,180.717907968,698997.277704192,qc (and the one-time copy of the counts)
32.14771269634366,2.9334528,180.684898304,698997.277704192,qc (and the one-time copy of the counts)
32.64878677204251,2.945871872,180.666617856,698997.277704192,qc (and the one-time copy of the counts)
33.15031265839934,2.945998848,180.65547264,698997.379117056,qc (and the one-time copy of the counts)
33.65514010936022,2.948517888,180.64889856,698997.379117056,qc (and the one-time copy of the counts)
34.15627125278115,2.949705728,180.639043584,698997.379117056,qc (and the one-time copy of the counts)
34.65767548792064,2.97193472,180.608974848,698997.379117056,qc (and the one-time copy of the counts)
35.158818896859884,2.97193472,180.605108224,698997.37163776,qc (and the one-time copy of the counts)
35.66006159596145,2.97193472,180.592345088,698997.37163776,qc (and the one-time copy of the counts)
36.160986544564366,2.97193472,180.58334208,698997.37163776,qc (and the one-time copy of the counts)
36.661960968747735,2.97193472,180.575055872,698997.37163776,qc (and the one-time copy of the counts)
37.16298181377351,2.97193472,180.56329216,698997.37163776,qc (and the one-time copy of the counts)
37.66421816684306,2.97250816,180.546936832,698997.37163776,qc (and the one-time copy of the counts)
38.165161380544305,2.973032448,180.53474304,698997.37163776,qc (and the one-time copy of the counts)
38.66620716638863,2.973032448,180.527386624,698997.37163776,qc (and the one-time copy of the counts)
39.167091025039554,2.973032448,180.515483648,698997.293940736,qc (and the one-time copy of the counts)
39.67113611102104,2.973032448,180.510752768,698997.293940736,qc (and the one-time copy of the counts)
40.17256496474147,2.973032448,180.501000192,698997.293940736,qc (and the one-time copy of the counts)
40.67359051667154,2.973032448,180.487958528,698997.293940736,qc (and the one-time copy of the counts)
41.17468609288335,2.973032448,180.477571072,698997.257867264,qc (and the one-time copy of the counts)
41.676078671589494,2.977247232,180.463620096,698997.257867264,qc (and the one-time copy of the counts)
42.176845733076334,2.978115584,180.451147776,698997.257867264,qc (and the one-time copy of the counts)
42.67775419354439,2.978361344,180.43686912,698997.257867264,qc (and the one-time copy of the counts)
43.17870184779167,2.99395072,180.411363328,698997.2385792,qc (and the one-time copy of the counts)
43.67978770285845,3.003625472,180.39154688,698997.2385792,qc (and the one-time copy of the counts)
44.18066715821624,3.011325952,180.38214656,698997.2385792,qc (and the one-time copy of the counts)
44.68162086419761,3.012460544,180.364537856,698997.2385792,qc (and the one-time copy of the counts)
45.18263056688011,3.043540992,180.324036608,698997.329526784,qc (and the one-time copy of the counts)
45.68365287594497,3.067326464,180.288196608,698997.329526784,qc (and the one-time copy of the counts)
46.184749595820904,3.09008384,180.251881472,698997.329526784,qc (and the one-time copy of the counts)
46.68589345738292,3.121238016,180.207767552,698997.329526784,qc (and the one-time copy of the counts)
47.18713919259608,3.133149184,180.184018944,698997.329526784,qc (and the one-time copy of the counts)
47.688457410782576,3.147722752,180.159823872,698997.329526784,qc (and the one-time copy of the counts)
48.1893373914063,3.149156352,180.14334976,698997.329526784,qc (and the one-time copy of the counts)
48.69020764157176,3.149709312,180.127281152,698997.329526784,qc (and the one-time copy of the counts)
49.19113025255501,3.149959168,180.115996672,698997.347856384,qc (and the one-time copy of the counts)
49.69517263956368,3.149959168,180.113604608,698997.347856384,qc (and the one-time copy of the counts)
50.19603516161442,3.149959168,180.10329088,698997.347856384,qc (and the one-time copy of the counts)
50.69708012789488,3.154296832,180.087259136,698997.347856384,qc (and the one-time copy of the counts)
51.197828928008676,3.167924224,180.063514624,698997.34501376,qc (and the one-time copy of the counts)
51.698796801269054,3.18660608,180.032172032,698997.34501376,qc (and the one-time copy of the counts)
52.19964149221778,3.20114688,180.005597184,698997.34501376,qc (and the one-time copy of the counts)
52.70089106075466,3.20393216,179.99153152,698997.34501376,qc (and the one-time copy of the counts)
53.20188914053142,3.204120576,179.976904704,698997.371318272,qc (and the one-time copy of the counts)
53.70308934524655,3.204120576,179.965648896,698997.371318272,qc (and the one-time copy of the counts)
54.204281624406576,3.204235264,179.952566272,698997.371318272,qc (and the one-time copy of the counts)
54.7051246445626,3.204235264,179.940876288,698997.371318272,qc (and the one-time copy of the counts)
55.20596223324537,3.20833536,179.938435072,698997.396164608,qc (and the one-time copy of the counts)
55.70701018534601,3.214917632,179.91995392,698997.396164608,qc (and the one-time copy of the counts)
56.2081295568496,3.214962688,179.906654208,698997.396164608,qc (and the one-time copy of the counts)
56.709432158619165,3.214962688,179.895443456,698997.396164608,qc (and the one-time copy of the counts)
57.21037366427481,3.222040576,179.878019072,698997.396164608,qc (and the one-time copy of the counts)
57.71205020882189,3.224264704,179.86533376,698997.396164608,qc (and the one-time copy of the counts)
58.213647777214646,3.224264704,179.854118912,698997.396164608,qc (and the one-time copy of the counts)
58.71476447023451,3.24847616,179.814948864,698997.396164608,qc (and the one-time copy of the counts)
59.21578356437385,3.25967872,179.792154624,698996.340555776,qc (and the one-time copy of the counts)
59.72005685977638,3.266461696,179.786797056,698996.340555776,qc (and the one-time copy of the counts)
60.22135646827519,3.270160384,179.769552896,698996.340555776,qc (and the one-time copy of the counts)
60.722270011901855,3.27036928,179.755466752,698996.340555776,qc (and the one-time copy of the counts)
61.2231764588505,3.270619136,179.744579584,698997.274013696,qc (and the one-time copy of the counts)
61.7246274407953,3.271036928,179.736522752,698997.274013696,qc (and the one-time copy of the counts)
62.22596756927669,3.271757824,179.723927552,698997.274013696,qc (and the one-time copy of the counts)
62.72727575339377,3.323416576,179.659800576,698997.274013696,qc (and the one-time copy of the counts)
63.22859248891473,3.579568128,179.393622016,698996.796043264,qc (and the one-time copy of the counts)
63.72993443347514,3.34311424,179.616956416,698996.796043264,qc (and the one-time copy of the counts)
64.2307303790003,3.344003072,179.604631552,698996.796043264,qc (and the one-time copy of the counts)
64.73157326504588,3.454865408,179.485192192,698996.796043264,qc (and the one-time copy of the counts)
65.23244305886328,3.542642688,179.38817024,698996.668760064,qc (and the one-time copy of the counts)
65.73349907062948,3.357949952,179.559739392,698996.668760064,qc (and the one-time copy of the counts)
66.23468767292798,3.299446784,179.60716288,698996.668760064,qc (and the one-time copy of the counts)
66.73559439741075,3.518296064,179.370684416,698996.668760064,qc (and the one-time copy of the counts)
67.23646654002368,3.718889472,179.15848704,698996.668760064,qc (and the one-time copy of the counts)
67.73763134889305,3.299524608,179.56323328,698996.668760064,qc (and the one-time copy of the counts)
68.23862454481423,3.477331968,179.366916096,698996.668760064,qc (and the one-time copy of the counts)
68.73949276097119,3.300118528,179.53112064,698996.668760064,qc (and the one-time copy of the counts)
69.24030957743526,3.34393344,179.47283456,698996.909010944,qc (and the one-time copy of the counts)
69.74435233138502,3.577987072,179.2354304,698996.909010944,qc (and the one-time copy of the counts)
70.24526906386018,3.300159488,179.49827072,698996.909010944,qc (and the one-time copy of the counts)
70.7464236151427,3.300159488,179.489447936,698996.909010944,qc (and the one-time copy of the counts)
71.24751254543662,3.460829184,179.310936064,698997.706846208,qc (and the one-time copy of the counts)
71.74888292886317,3.35955968,179.397021696,698997.706846208,qc (and the one-time copy of the counts)
72.24962378293276,3.300417536,179.443761152,698997.706846208,qc (and the one-time copy of the counts)
72.75052276439965,3.32044288,179.420524544,698997.706846208,qc (and the one-time copy of the counts)
73.25179657898843,3.495424,179.233165312,698997.751267328,qc (and the one-time copy of the counts)
73.75344226509333,3.636891648,179.073900544,698997.751267328,qc (and the one-time copy of the counts)
74.25419456139207,3.301236736,179.395670016,698997.751267328,qc (and the one-time copy of the counts)
74.75494653359056,3.301236736,179.383558144,698997.751267328,qc (and the one-time copy of the counts)
75.25605554506183,3.617325056,179.051945984,698998.757072896,qc (and the one-time copy of the counts)
75.75719835795462,3.361980416,179.293589504,698998.757072896,qc (and the one-time copy of the counts)
76.25810989923775,3.365490688,179.2770048,698998.757072896,qc (and the one-time copy of the counts)
76.75881111994386,3.505885184,179.135012864,698998.757072896,qc (and the one-time copy of the counts)
77.2595339268446,3.484360704,179.144310784,698998.757072896,qc (and the one-time copy of the counts)
77.76100101321936,3.406647296,179.205881856,698998.757072896,qc (and the one-time copy of the counts)
78.26250491477549,3.367018496,179.231809536,698998.757072896,qc (and the one-time copy of the counts)
78.76364597678185,3.30674176,179.282382848,698998.757072896,qc (and the one-time copy of the counts)
79.26599726267159,3.327102976,179.249410048,698998.532616192,qc (and the one-time copy of the counts)
79.76735343039036,3.534471168,179.0294016,698998.532616192,qc (and the one-time copy of the counts)
80.26812961697578,3.410550784,179.138351104,698998.532616192,qc (and the one-time copy of the counts)
80.76891401596367,3.376730112,179.159171072,698998.532616192,qc (and the one-time copy of the counts)
81.26983983628452,3.347841024,179.174432768,698998.531342336,qc (and the one-time copy of the counts)
81.77119890600443,3.456438272,179.053142016,698998.531342336,qc (and the one-time copy of the counts)
82.27190283313394,3.528978432,178.97684992,698998.531342336,qc (and the one-time copy of the counts)
82.77258294448256,3.375980544,179.121033216,698998.531342336,qc (and the one-time copy of the counts)
83.27343075536191,3.457077248,179.023466496,698998.539108352,qc (and the one-time copy of the counts)
83.77474763058126,3.54660352,178.92345856,698998.539108352,qc (and the one-time copy of the counts)
84.27589131705463,3.396571136,179.000590336,698998.539108352,qc (and the one-time copy of the counts)
84.77696224115789,3.31884544,179.126181888,698998.539108352,qc (and the one-time copy of the counts)
85.27794380113482,3.500613632,178.926129152,698998.57666048,qc (and the one-time copy of the counts)
85.77968871593475,3.378962432,179.034308608,698998.57666048,qc (and the one-time copy of the counts)
86.28154169209301,3.302232064,179.097509888,698998.57666048,qc (and the one-time copy of the counts)
86.78251735121012,3.466366976,178.9202432,698998.57666048,qc (and the one-time copy of the counts)
87.28365595825016,3.604676608,178.778320896,698998.68880896,qc (and the one-time copy of the counts)
87.7848565094173,3.342536704,179.029725184,698998.68880896,qc (and the one-time copy of the counts)
88.28574130497873,3.302940672,179.053985792,698998.68880896,qc (and the one-time copy of the counts)
88.78665204159915,3.638870016,178.705911808,698998.68880896,qc (and the one-time copy of the counts)
89.28803280740976,3.336695808,178.992091136,698998.79507968,qc (and the one-time copy of the counts)
89.78922815620899,3.28302592,179.036409856,698998.79507968,qc (and the one-time copy of the counts)
90.29032958485186,3.361767424,178.942828544,698998.79507968,qc (and the one-time copy of the counts)
90.7912634499371,3.322118144,178.97504768,698998.79507968,qc (and the one-time copy of the counts)
91.29194706492126,3.29015296,179.026911232,698998.841974784,qc (and the one-time copy of the counts)
91.79289871267974,3.320471552,178.982252544,698998.841974784,qc (and the one-time copy of the counts)
92.29365534894168,3.347820544,178.955730944,698998.841974784,qc (and the one-time copy of the counts)
92.79451460950077,3.32138496,178.971017216,698998.841974784,qc (and the one-time copy of the counts)
93.29538250155747,3.32138496,178.962341888,698998.921101312,qc (and the one-time copy of the counts)
93.79650628380477,3.32138496,178.951491584,698998.921101312,qc (and the one-time copy of the counts)
94.2977723646909,3.321679872,178.94285312,698998.921101312,qc (and the one-time copy of the counts)
94.79882061295211,3.32181504,178.931576832,698998.921101312,qc (and the one-time copy of the counts)
95.29956421628594,3.378323456,178.87789056,698999.555584,qc (and the one-time copy of the counts)
95.80039173923433,3.406442496,178.901610496,698999.555584,qc (and the one-time copy of the counts)
96.30103922076523,3.446849536,178.851393536,698999.555584,qc (and the one-time copy of the counts)
96.80174210481346,3.455291392,178.833088512,698999.555584,qc (and the one-time copy of the counts)
97.30257736518979,3.455291392,178.825977856,698999.201636352,qc (and the one-time copy of the counts)
97.8037296179682,3.455291392,178.827718656,698999.201636352,qc (and the one-time copy of the counts)
98.3047367632389,3.455524864,178.820493312,698999.201636352,qc (and the one-time copy of the counts)
98.80603360384703,3.455524864,178.811998208,698999.201636352,qc (and the one-time copy of the counts)
99.30696981586516,3.455524864,178.805219328,698998.957060096,qc (and the one-time copy of the counts)
99.80801430530846,3.457482752,178.859896832,698998.957060096,qc (and the one-time copy of the counts)
100.30906501412392,3.457613824,178.848473088,698998.957060096,qc (and the one-time copy of the counts)
100.80993935465813,3.458162688,178.839076864,698998.957060096,qc (and the one-time copy of the counts)
101.31094729341567,3.458162688,178.831228928,698999.259045888,qc (and the one-time copy of the counts)
101.81217967160046,3.458809856,178.819719168,698999.259045888,qc (and the one-time copy of the counts)
102.31343696638942,3.462746112,178.806267904,698999.259045888,qc (and the one-time copy of the counts)
102.81447150930762,3.462746112,178.792206336,698999.259045888,qc (and the one-time copy of the counts)
103.31544834934175,3.462955008,178.782896128,698999.433351168,qc (and the one-time copy of the counts)
103.81971083208919,3.46200064,178.851217408,698999.433351168,qc (and the one-time copy of the counts)
104.32062501274049,3.46200064,178.842513408,698999.433351168,qc (and the one-time copy of the counts)
104.82132100313902,3.46200064,178.829246464,698999.433351168,qc (and the one-time copy of the counts)
105.32200544327497,3.462221824,178.820673536,698999.365558272,qc (and the one-time copy of the counts)
105.82292859256268,3.462221824,178.80856576,698999.365558272,qc (and the one-time copy of the counts)
106.32371987588704,3.509948416,178.749259776,698999.365558272,qc (and the one-time copy of the counts)
106.82587085664272,3.493363712,178.755211264,698999.365558272,qc (and the one-time copy of the counts)
107.32671337202191,3.493531648,178.745688064,698999.194206208,qc (and the one-time copy of the counts)
107.8277479223907,3.493568512,178.78249472,698999.194206208,qc (and the one-time copy of the counts)
108.32871808856726,3.525943296,178.767314944,698999.194206208,qc (and the one-time copy of the counts)
108.83012180961668,3.525947392,178.755203072,698999.194206208,qc (and the one-time copy of the counts)
109.33138344436884,3.462795264,178.806505472,698999.15358208,qc (and the one-time copy of the counts)
109.83247828483582,3.504386048,178.753200128,698999.15358208,qc (and the one-time copy of the counts)
110.33337614685297,3.515219968,178.731380736,698999.15358208,qc (and the one-time copy of the counts)
110.83428656496108,3.545767936,178.687840256,698999.15358208,qc (and the one-time copy of the counts)
111.33588291332126,3.52698368,178.694852608,698999.055388672,qc (and the one-time copy of the counts)
111.83727480657399,3.52714752,178.686701568,698999.055388672,qc (and the one-time copy of the counts)
112.33815487287939,3.573886976,178.72922624,698999.055388672,qc (and the one-time copy of the counts)
112.83930313587189,3.575865344,178.71710208,698999.055388672,qc (and the one-time copy of the counts)
113.3407506365329,3.57613568,178.71888384,698999.017918464,qc (and the one-time copy of the counts)
113.84169810637832,3.55008512,178.73178624,698999.017918464,qc (and the one-time copy of the counts)
114.34245693683624,3.583660032,178.683518976,698999.017918464,qc (and the one-time copy of the counts)
114.84335915930569,3.655647232,178.603921408,698999.017918464,qc (and the one-time copy of the counts)
115.34446805529296,3.620814848,178.62445056,698998.9252096,qc (and the one-time copy of the counts)
115.84598779678345,3.528630272,178.707341312,698998.9252096,qc (and the one-time copy of the counts)
116.34688419662416,3.554193408,178.737659904,698998.9252096,qc (and the one-time copy of the counts)
116.84773633629084,3.575656448,178.7055104,698998.9252096,qc (and the one-time copy of the counts)
117.34889111109078,3.575996416,178.6973184,698998.9252096,qc (and the one-time copy of the counts)
117.84979886002839,3.592781824,178.66942464,698998.9252096,qc (and the one-time copy of the counts)
118.35068072006106,3.82121984,178.436841472,698998.9252096,qc (and the one-time copy of the counts)
118.85163868032396,3.82507008,178.380279808,698998.94022144,qc (and the one-time copy of the counts)
119.35271091014147,3.590438912,178.64736768,698998.94022144,qc (and the one-time copy of the counts)
119.85368217155337,3.634409472,178.595131392,698998.94022144,qc (and the one-time copy of the counts)
120.3545776065439,3.856293888,178.460123136,698998.94022144,qc (and the one-time copy of the counts)
120.85587987676263,3.63794432,178.669494272,698998.91142656,qc (and the one-time copy of the counts)
121.35690265335143,3.557752832,178.73436672,698998.91142656,qc (and the one-time copy of the counts)
121.85813948884606,3.531071488,178.75468288,698998.91142656,qc (and the one-time copy of the counts)
122.35941152833402,3.878518784,178.39280128,698998.91142656,qc (and the one-time copy of the counts)
122.86031260155141,3.841040384,178.416521216,698998.937042944,qc (and the one-time copy of the counts)
123.36137212440372,3.5308544,178.715619328,698998.937042944,qc (and the one-time copy of the counts)
123.86210219189525,3.587567616,178.663510016,698998.937042944,qc (and the one-time copy of the counts)
124.36291991360486,3.57378048,178.735816704,698998.937042944,qc (and the one-time copy of the counts)
124.8638734575361,3.772141568,178.525671424,698999.005343744,qc (and the one-time copy of the counts)
125.36496860161424,3.530612736,178.75204096,698999.005343744,qc (and the one-time copy of the counts)
125.86599282547832,3.531051008,178.74182144,698999.005343744,qc (and the one-time copy of the counts)
126.36707427538931,3.531206656,178.732204032,698999.005343744,qc (and the one-time copy of the counts)
126.86880387738347,3.6662272,178.58295808,698999.005343744,qc (and the one-time copy of the counts)
127.36977782286704,3.848777728,178.3836672,698999.005343744,qc (and the one-time copy of the counts)
127.87053254619241,3.581075456,178.647343104,698999.005343744,qc (and the one-time copy of the counts)
128.37129376642406,3.849445376,178.441322496,698999.005343744,qc (and the one-time copy of the counts)
128.8722672853619,3.726340096,178.588024832,698998.875029504,qc (and the one-time copy of the counts)
129.37326224893332,4.000231424,178.250760192,698998.875029504,qc (and the one-time copy of the counts)
129.87412234582007,3.588558848,178.699804672,698998.875029504,qc (and the one-time copy of the counts)
130.3748905621469,3.783217152,178.49714688,698998.875029504,qc (and the one-time copy of the counts)
130.8757480494678,3.593838592,178.678181888,698998.909587456,qc (and the one-time copy of the counts)
131.37673758529127,3.531091968,178.727763968,698998.909587456,qc (and the one-time copy of the counts)
131.87795061804354,3.719057408,178.527256576,698998.909587456,qc (and the one-time copy of the counts)
132.37927162460983,3.696242688,178.559184896,698998.909587456,qc (and the one-time copy of the counts)
132.8801910225302,4.029898752,178.254913536,698997.856161792,qc (and the one-time copy of the counts)
133.381369529292,4.059435008,178.214449152,698997.856161792,qc (and the one-time copy of the counts)
133.88239283673465,3.904512,178.359181312,698997.856161792,qc (and the one-time copy of the counts)
134.38329026848078,3.6532224,178.613149696,698997.856161792,qc (and the one-time copy of the counts)
134.8840074967593,3.86074624,178.393530368,698997.930512384,qc (and the one-time copy of the counts)
135.38506935723126,3.814678528,178.42919424,698997.930512384,qc (and the one-time copy of the counts)
135.8865044619888,3.854573568,178.380046336,698997.930512384,qc (and the one-time copy of the counts)
136.3872522227466,3.531747328,178.69879296,698997.930512384,qc (and the one-time copy of the counts)
136.88834704458714,3.53654784,178.775068672,698997.948715008,qc (and the one-time copy of the counts)
137.38939996995032,3.773841408,178.525184,698997.948715008,qc (and the one-time copy of the counts)
137.8903273642063,4.018987008,178.265165824,698997.948715008,qc (and the one-time copy of the counts)
138.39133540540934,3.884793856,178.39775744,698997.948715008,qc (and the one-time copy of the counts)
138.8928765580058,3.803553792,178.468712448,698998.799331328,qc (and the one-time copy of the counts)
139.3940730597824,3.5318784,178.725494784,698998.799331328,qc (and the one-time copy of the counts)
139.89493652433157,3.531853824,178.720485376,698998.799331328,qc (and the one-time copy of the counts)
140.3963471893221,3.596304384,178.64685568,698998.799331328,qc (and the one-time copy of the counts)
140.89755814895034,3.95747328,178.334384128,698998.680354816,qc (and the one-time copy of the counts)
141.39883924089372,4.021420032,178.258681856,698998.680354816,qc (and the one-time copy of the counts)
141.89996729046106,3.764310016,178.508853248,698998.680354816,qc (and the one-time copy of the counts)
142.40086223743856,3.593416704,178.676703232,698998.680354816,qc (and the one-time copy of the counts)
142.9017423056066,3.936428032,178.318471168,698998.125940736,qc (and the one-time copy of the counts)
143.40405614115298,3.786047488,178.467475456,698998.125940736,qc (and the one-time copy of the counts)
143.90557202510536,3.75824384,178.492358656,698998.125940736,qc (and the one-time copy of the counts)
144.40673628263175,3.777462272,178.4604672,698998.125940736,qc (and the one-time copy of the counts)
144.9077201280743,3.734679552,178.556731392,698998.601064448,qc (and the one-time copy of the counts)
145.40896468423307,3.619119104,178.660909056,698998.601064448,qc (and the one-time copy of the counts)
145.909943273291,3.531923456,178.741714944,698998.601064448,qc (and the one-time copy of the counts)
146.41082095727324,3.531616256,178.72971776,698998.601064448,qc (and the one-time copy of the counts)
146.91185797937214,3.594678272,178.65480192,698998.601064448,qc (and the one-time copy of the counts)
147.4131827559322,3.660087296,178.583465984,698998.601064448,qc (and the one-time copy of the counts)
147.91404894553125,3.5318784,178.701766656,698998.601064448,qc (and the one-time copy of the counts)
148.41491715796292,3.807035392,178.41444864,698998.601064448,qc (and the one-time copy of the counts)
148.91603821329772,3.531988992,178.787426304,698998.81664512,qc (and the one-time copy of the counts)
149.4202933423221,3.55872768,178.767777792,698998.81664512,qc (and the one-time copy of the counts)
149.92114992439747,3.585150976,178.724319232,698998.81664512,qc (and the one-time copy of the counts)
150.42211152985692,3.82367744,178.476142592,698998.81664512,qc (and the one-time copy of the counts)
150.92323097214103,3.904217088,178.38053376,698998.845730816,qc (and the one-time copy of the counts)
151.4244779869914,3.814518784,178.461220864,698998.845730816,qc (and the one-time copy of the counts)
151.9253227133304,3.531759616,178.734587904,698998.845730816,qc (and the one-time copy of the counts)
152.4263251181692,3.610877952,178.647052288,698998.845730816,qc (and the one-time copy of the counts)
152.92730220220983,3.824951296,178.487226368,698998.845730816,qc (and the one-time copy of the counts)
153.4284116011113,3.770138624,178.536906752,698998.845730816,qc (and the one-time copy of the counts)
153.92953786812723,4.191059968,178.097897472,698998.845730816,qc (and the one-time copy of the counts)
154.4306809566915,3.531988992,178.743005184,698998.845730816,qc (and the one-time copy of the counts)
154.93152649700642,3.641901056,178.636447744,698998.914576384,qc (and the one-time copy of the counts)
155.4327103290707,3.68676864,178.577698816,698998.914576384,qc (and the one-time copy of the counts)
155.9335494711995,3.532288,178.72699392,698998.914576384,qc (and the one-time copy of the counts)
156.4344439599663,3.906678784,178.337636352,698998.914576384,qc (and the one-time copy of the counts)
156.93520953692496,3.640946688,178.626588672,698998.916046848,qc (and the one-time copy of the counts)
157.43633444048464,3.532910592,178.758447104,698998.916046848,qc (and the one-time copy of the counts)
157.93731295317411,3.711770624,178.563416064,698998.916046848,qc (and the one-time copy of the counts)
158.43816462159157,3.624435712,178.640416768,698998.916046848,qc (and the one-time copy of the counts)
158.93899399228394,3.532644352,178.723098624,698998.80552448,qc (and the one-time copy of the counts)
159.4401376247406,3.687612416,178.557702144,698998.80552448,qc (and the one-time copy of the counts)
159.9412839487195,3.684786176,178.548641792,698998.80552448,qc (and the one-time copy of the counts)
160.44229888543487,3.725111296,178.512826368,698998.80552448,qc (and the one-time copy of the counts)
160.94386759214103,3.635560448,178.593132544,698998.80849408,qc (and the one-time copy of the counts)
161.44542171433568,3.8582272,178.457010176,698998.80849408,qc (and the one-time copy of the counts)
161.94626921229064,3.97215744,178.334236672,698998.80849408,qc (and the one-time copy of the counts)
162.44703356735408,3.86287616,178.431778816,698998.80849408,qc (and the one-time copy of the counts)
162.94776734523475,3.532865536,178.750562304,698998.851682304,qc (and the one-time copy of the counts)
163.44883889332414,3.53288192,178.741010432,698998.851682304,qc (and the one-time copy of the counts)
163.94967518746853,3.581083648,178.681860096,698998.851682304,qc (and the one-time copy of the counts)
164.45053697936237,3.533070336,178.719399936,698998.851682304,qc (and the one-time copy of the counts)
164.9513566736132,3.629531136,178.61031936,698998.887501824,qc (and the one-time copy of the counts)
165.4551007412374,3.862839296,178.444529664,698998.887501824,qc (and the one-time copy of the counts)
165.95597659237683,4.174659584,178.119909376,698998.887501824,qc (and the one-time copy of the counts)
166.45678676851094,3.921526784,178.363072512,698998.887501824,qc (and the one-time copy of the counts)
166.95785156451166,3.891187712,178.385219584,698998.887501824,qc (and the one-time copy of the counts)
167.45947776548564,3.829182464,178.43802112,698998.887501824,qc (and the one-time copy of the counts)
167.96078533492982,4.036571136,178.217885696,698998.887501824,qc (and the one-time copy of the counts)
168.46164852939546,3.57537792,178.66821632,698998.887501824,qc (and the one-time copy of the counts)
168.9625059645623,3.811139584,178.420957184,698998.865498112,qc (and the one-time copy of the counts)
169.4635740853846,3.723112448,178.574999552,698998.865498112,qc (and the one-time copy of the counts)
169.96452750079334,4.150583296,178.131673088,698998.865498112,qc (and the one-time copy of the counts)
170.4654268361628,4.12801024,178.14224896,698998.865498112,qc (and the one-time copy of the counts)
170.9663525223732,4.15053824,178.109960192,698998.869733376,qc (and the one-time copy of the counts)
171.46740593202412,4.16346112,178.088026112,698998.869733376,qc (and the one-time copy of the counts)
171.96862893737853,3.770978304,178.468368384,698998.869733376,qc (and the one-time copy of the counts)
172.46947720833123,3.532361728,178.701062144,698998.869733376,qc (and the one-time copy of the counts)
172.97032480873168,3.634024448,178.595069952,698998.782570496,qc (and the one-time copy of the counts)
173.47160375863314,3.723227136,178.555019264,698998.782570496,qc (and the one-time copy of the counts)
173.97244307212532,3.532726272,178.769186816,698998.782570496,qc (and the one-time copy of the counts)
174.47333253733814,3.903074304,178.386546688,698998.782570496,qc (and the one-time copy of the counts)
174.97438705340028,4.016214016,178.262196224,698998.770454528,qc (and the one-time copy of the counts)
175.47857035323977,4.255199232,178.026614784,698998.770454528,qc (and the one-time copy of the counts)
175.9795361161232,4.149256192,178.1210112,698998.770454528,qc (and the one-time copy of the counts)
176.4804365579039,3.632672768,178.627584,698998.770454528,qc (and the one-time copy of the counts)
176.98144228942692,3.592105984,178.663866368,698998.770454528,qc (and the one-time copy of the counts)
177.48241069726646,3.663081472,178.597195776,698998.770454528,qc (and the one-time copy of the counts)
177.9832164682448,3.634925568,178.660970496,698998.770454528,qc (and the one-time copy of the counts)
178.48403056524694,3.805638656,178.478043136,698998.770454528,qc (and the one-time copy of the counts)
178.98478783108294,3.830145024,178.44324352,698998.5932288,qc (and the one-time copy of the counts)
179.48583452403545,3.710619648,178.564247552,698998.5932288,qc (and the one-time copy of the counts)
179.98718146793544,4.326240256,177.933000704,698998.5932288,qc (and the one-time copy of the counts)
180.48815304785967,3.946770432,178.300751872,698998.5932288,qc (and the one-time copy of the counts)
180.98939906805754,4.041904128,178.194706432,698998.317481984,qc (and the one-time copy of the counts)
181.4909324720502,4.046852096,178.185555968,698998.317481984,qc (and the one-time copy of the counts)
181.99174288474023,4.003934208,178.275004416,698998.317481984,qc (and the one-time copy of the counts)
182.49269396439195,4.4007424,177.866162176,698998.317481984,qc (and the one-time copy of the counts)
182.9938599653542,4.621135872,177.631977472,698997.895077888,qc (and the one-time copy of the counts)
183.4953386746347,4.193456128,178.048868352,698997.895077888,qc (and the one-time copy of the counts)
183.99615512415767,3.994886144,178.235260928,698997.895077888,qc (and the one-time copy of the counts)
184.49716862477362,4.094820352,178.122887168,698997.895077888,qc (and the one-time copy of the counts)
184.998065052554,4.10206208,178.115776512,698997.44702464,qc (and the one-time copy of the counts)
185.49934612959623,4.10560512,178.10255872,698997.44702464,qc (and the one-time copy of the counts)
186.0001445375383,4.045164544,178.2515712,698997.44702464,qc (and the one-time copy of the counts)
186.50095057487488,4.070588416,178.219380736,698997.44702464,qc (and the one-time copy of the counts)
187.00181009992957,4.459937792,177.813704704,698997.44702464,qc (and the one-time copy of the counts)
187.50295717082918,4.080672768,178.184835072,698997.44702464,qc (and the one-time copy of the counts)
188.00380013138056,4.082294784,178.170724352,698997.44702464,qc (and the one-time copy of the counts)
188.50468333251774,4.12514304,178.116255744,698997.44702464,qc (and the one-time copy of the counts)
189.00563432089984,4.317016064,177.911496704,698999.866281984,qc (and the one-time copy of the counts)
189.50702644139528,4.44966912,177.768316928,698999.866281984,qc (and the one-time copy of the counts)
190.00866106525064,4.572352512,177.745068032,698999.866281984,qc (and the one-time copy of the counts)
190.5098262615502,4.371603456,177.93411072,698999.866281984,qc (and the one-time copy of the counts)
191.01066643558443,4.3240448,177.967726592,699000.000049152,qc (and the one-time copy of the counts)
191.51260401308537,4.329762816,177.956913152,699000.000049152,qc (and the one-time copy of the counts)
192.0139085482806,4.0856576,178.189217792,699000.000049152,qc (and the one-time copy of the counts)
192.5147799886763,4.0856576,178.178654208,699000.000049152,qc (and the one-time copy of the counts)
193.01638816855848,4.302614528,177.94420736,698999.605112832,qc (and the one-time copy of the counts)
193.5181427486241,4.216025088,178.022076416,698999.605112832,qc (and the one-time copy of the counts)
194.01895565725863,4.0856576,178.2153216,698999.605112832,qc (and the one-time copy of the counts)
194.51970614120364,4.128026624,178.162765824,698999.605112832,qc (and the one-time copy of the counts)
195.0202846582979,4.135555072,178.144079872,698998.369923072,qc (and the one-time copy of the counts)
195.5246656294912,4.358107136,177.925763072,698998.369923072,qc (and the one-time copy of the counts)
196.02537315525115,4.12123136,178.15558144,698998.369923072,qc (and the one-time copy of the counts)
196.52607258595526,4.12123136,178.147282944,698998.369923072,qc (and the one-time copy of the counts)
197.02695212513208,4.12123136,178.1367808,698998.369923072,qc (and the one-time copy of the counts)
197.52817998826504,4.059828224,178.187395072,698998.369923072,qc (and the one-time copy of the counts)
198.02907209284604,4.11103232,178.134867968,698998.369923072,qc (and the one-time copy of the counts)
198.5304270759225,4.092248064,178.207285248,698998.369923072,qc (and the one-time copy of the counts)
199.03173592872918,4.092248064,178.19512832,698997.403398144,qc (and the one-time copy of the counts)
199.5329065490514,4.127903744,178.148478976,698997.403398144,qc (and the one-time copy of the counts)
200.03396583348513,4.263948288,178.001014784,698997.403398144,qc (and the one-time copy of the counts)
200.53549155592918,4.115529728,178.151182336,698997.403398144,qc (and the one-time copy of the counts)
201.03646598942578,4.140408832,178.117660672,698997.222916096,qc (and the one-time copy of the counts)
201.53827032260597,4.161236992,178.087653376,698997.222916096,qc (and the one-time copy of the counts)
202.0393589809537,4.161380352,178.076557312,698997.222916096,qc (and the one-time copy of the counts)
202.54044646210968,4.161380352,178.136850432,698997.222916096,qc (and the one-time copy of the counts)
203.0411671847105,4.161380352,178.125574144,698997.5514112,qc (and the one-time copy of the counts)
203.54217500798404,4.164038656,178.116317184,698997.5514112,qc (and the one-time copy of the counts)
204.04305787198246,4.164038656,178.106732544,698997.5514112,qc (and the one-time copy of the counts)
204.54411548934877,4.164243456,178.095988736,698997.5514112,qc (and the one-time copy of the counts)
205.04502028413117,4.178673664,178.069917696,698997.42541824,qc (and the one-time copy of the counts)
205.5460699889809,4.168654848,178.07314944,698997.42541824,qc (and the one-time copy of the counts)
206.04704323597252,4.1688064,178.061840384,698997.42541824,qc (and the one-time copy of the counts)
206.54816753603518,4.1688064,178.130694144,698997.42541824,qc (and the one-time copy of the counts)
207.04893749393523,4.1688064,178.120359936,698997.42541824,qc (and the one-time copy of the counts)
207.54991097189486,4.1688064,178.111553536,698997.42541824,qc (and the one-time copy of the counts)
208.0507271643728,4.1688064,178.0995072,698997.42541824,qc (and the one-time copy of the counts)
208.5519784912467,4.1688064,178.087473152,698997.42541824,qc (and the one-time copy of the counts)
209.05308978445828,4.1688064,178.076626944,698997.478457344,qc (and the one-time copy of the counts)
209.55417530797422,4.1688064,178.06821376,698997.478457344,qc (and the one-time copy of the counts)
210.0548974443227,4.1688064,178.054144,698997.478457344,qc (and the one-time copy of the counts)
210.55562300421298,4.1688064,178.145214464,698997.478457344,qc (and the one-time copy of the counts)
211.05652515776455,4.168810496,178.133225472,698997.475172352,qc (and the one-time copy of the counts)
211.56092859990895,4.168810496,178.140123136,698997.475172352,qc (and the one-time copy of the counts)
212.06176586449146,4.168810496,178.129711104,698997.475172352,qc (and the one-time copy of the counts)
212.56373077072203,4.168863744,178.116083712,698997.475172352,qc (and the one-time copy of the counts)
213.0647725109011,4.169269248,178.105511936,698997.415378944,qc (and the one-time copy of the counts)
213.56576421298087,4.169269248,178.09823744,698997.415378944,qc (and the one-time copy of the counts)
214.06674940139055,4.171395072,178.084425728,698997.415378944,qc (and the one-time copy of the counts)
214.5675809159875,4.197986304,178.112221184,698997.415378944,qc (and the one-time copy of the counts)
215.06863851659,4.171452416,178.128019456,698997.421805568,qc (and the one-time copy of the counts)
215.56967692635953,4.171485184,178.11836928,698997.421805568,qc (and the one-time copy of the counts)
216.07091382145882,4.136587264,178.13880832,698997.421805568,qc (and the one-time copy of the counts)
216.57178058288991,4.181127168,178.093879296,698997.421805568,qc (and the one-time copy of the counts)
217.07274093292654,4.196929536,178.063060992,698997.421805568,qc (and the one-time copy of the counts)
217.5738433804363,4.17214464,178.081890304,698997.421805568,qc (and the one-time copy of the counts)
218.07470120117068,4.215492608,178.025472,698997.421805568,qc (and the one-time copy of the counts)
218.575465220958,4.182306816,178.118135808,698997.421805568,qc (and the one-time copy of the counts)
219.0763000547886,4.172152832,178.15199744,698997.217931264,qc (and the one-time copy of the counts)
219.57732775993645,4.209741824,178.101633024,698997.217931264,qc (and the one-time copy of the counts)
220.07817323692143,4.308754432,177.991380992,698997.217931264,qc (and the one-time copy of the counts)
220.57903514057398,4.284923904,178.003607552,698997.217931264,qc (and the one-time copy of the counts)
221.0799018573016,4.285251584,177.993486336,698996.86823936,qc (and the one-time copy of the counts)
221.5840757470578,4.313153536,177.965764608,698996.86823936,qc (and the one-time copy of the counts)
222.0852578729391,4.291555328,177.978712064,698996.86823936,qc (and the one-time copy of the counts)
222.58603325672448,4.291555328,177.982926848,698996.86823936,qc (and the one-time copy of the counts)
223.08677656017244,4.291555328,178.027798528,698996.42556416,qc (and the one-time copy of the counts)
223.58782867342234,4.291555328,178.01555968,698996.42556416,qc (and the one-time copy of the counts)
224.0885966718197,4.291555328,178.0061184,698996.42556416,qc (and the one-time copy of the counts)
224.58936890400946,4.29162496,177.9949568,698996.42556416,qc (and the one-time copy of the counts)
225.09035756252706,4.29162496,177.984692224,698997.738684416,qc (and the one-time copy of the counts)
225.59155361540616,4.29162496,177.97394432,698997.738684416,qc (and the one-time copy of the counts)
226.092687074095,4.29162496,177.962110976,698997.738684416,qc (and the one-time copy of the counts)
226.59373635612428,4.29162496,177.960050688,698997.738684416,qc (and the one-time copy of the counts)
227.0946205239743,4.338323456,177.976766464,698997.738684416,qc (and the one-time copy of the counts)
227.59604024514556,4.338323456,177.960476672,698997.738684416,qc (and the one-time copy of the counts)
228.0968808773905,4.3666432,177.918418944,698997.738684416,qc (and the one-time copy of the counts)
228.59766935929656,4.378288128,177.902501888,698997.738684416,qc (and the one-time copy of the counts)
229.09877640008926,4.357562368,177.91205376,698997.865324544,qc (and the one-time copy of the counts)
229.5998919531703,4.357627904,177.89861888,698997.865324544,qc (and the one-time copy of the counts)
230.10087476111948,4.357627904,177.889681408,698997.865324544,qc (and the one-time copy of the counts)
230.60173192061484,4.359831552,177.87584512,698997.865324544,qc (and the one-time copy of the counts)
231.10284461826086,4.359831552,177.933877248,698997.697654784,qc (and the one-time copy of the counts)
231.60728921741247,4.31484928,177.979179008,698997.697654784,qc (and the one-time copy of the counts)
232.1083462368697,4.344303616,177.939873792,698997.697654784,qc (and the one-time copy of the counts)
232.60926398448646,4.352692224,177.921490944,698997.697654784,qc (and the one-time copy of the counts)
233.10996276512742,4.3677696,177.894862848,698997.19344128,qc (and the one-time copy of the counts)
233.61105751246214,4.389507072,177.86195968,698997.19344128,qc (and the one-time copy of the counts)
234.1119084712118,4.389572608,177.850732544,698997.19344128,qc (and the one-time copy of the counts)
234.61277451179922,4.425293824,177.803472896,698997.19344128,qc (and the one-time copy of the counts)
235.1137597411871,4.446633984,177.873588224,698996.30780416,qc (and the one-time copy of the counts)
235.61485043726861,4.446633984,177.86488832,698996.30780416,qc (and the one-time copy of the counts)
236.1157454289496,4.446633984,177.854595072,698996.30780416,qc (and the one-time copy of the counts)
236.616613952443,4.446633984,177.855111168,698996.30780416,qc (and the one-time copy of the counts)
237.11744902469218,4.451487744,177.838030848,698996.30780416,qc (and the one-time copy of the counts)
237.61849052086473,4.396634112,177.880031232,698996.30780416,qc (and the one-time copy of the counts)
238.11921706795692,4.396732416,177.866719232,698996.30780416,qc (and the one-time copy of the counts)
238.62015161290765,4.451344384,177.804632064,698996.30780416,qc (and the one-time copy of the counts)
239.12093540281057,4.451401728,177.852903424,698996.610285568,qc (and the one-time copy of the counts)
239.62184480391443,4.451405824,177.849511936,698996.610285568,qc (and the one-time copy of the counts)
240.12265846133232,4.453220352,177.833754624,698996.610285568,qc (and the one-time copy of the counts)
240.6235900837928,4.453220352,177.824395264,698996.610285568,qc (and the one-time copy of the counts)
241.12439134158194,4.45403136,177.809956864,698996.804616192,qc (and the one-time copy of the counts)
241.62539377994835,4.524466176,177.737539584,698996.804616192,qc (and the one-time copy of the counts)
242.1263412181288,4.578394112,177.674416128,698996.804616192,qc (and the one-time copy of the counts)
242.6271389964968,4.578394112,177.667203072,698996.804616192,qc (and the one-time copy of the counts)
243.12791383452713,4.578586624,177.65566464,698996.746100736,qc (and the one-time copy of the counts)
243.62880559638143,4.578783232,177.746468864,698996.746100736,qc (and the one-time copy of the counts)
244.12956408783793,4.578783232,177.736265728,698996.746100736,qc (and the one-time copy of the counts)
244.63049749284983,4.578783232,177.727041536,698996.746100736,qc (and the one-time copy of the counts)
245.13135194778442,4.578783232,177.719984128,698996.796809216,qc (and the one-time copy of the counts)
245.63245515711606,4.578783232,177.708253184,698996.796809216,qc (and the one-time copy of the counts)
246.1332281846553,4.578783232,177.699397632,698996.796809216,qc (and the one-time copy of the counts)
246.6340191345662,4.578783232,177.690632192,698996.796809216,qc (and the one-time copy of the counts)
247.1348973289132,4.578783232,177.691656192,698996.796809216,qc (and the one-time copy of the counts)
247.63620272651315,4.578881536,177.74942208,698996.796809216,qc (and the one-time copy of the counts)
248.13735984265804,4.578881536,177.739198464,698996.796809216,qc (and the one-time copy of the counts)
248.63810554519296,4.578881536,177.730691072,698996.796809216,qc (and the one-time copy of the counts)
249.1390232797712,4.578881536,177.720803328,698996.63140864,qc (and the one-time copy of the counts)
249.6401834525168,4.578881536,177.707741184,698996.63140864,qc (and the one-time copy of the counts)
250.14110285416245,4.578881536,177.700302848,698996.63140864,qc (and the one-time copy of the counts)
250.64195750281215,4.578881536,177.693130752,698996.63140864,qc (and the one-time copy of the counts)
251.14276805333793,4.578881536,177.684701184,698996.53257216,qc (and the one-time copy of the counts)
251.64412112534046,4.578881536,177.724952576,698996.53257216,qc (and the one-time copy of the counts)
252.14516895636916,4.578881536,177.730138112,698996.53257216,qc (and the one-time copy of the counts)
252.64599944092333,4.578881536,177.731588096,698996.53257216,qc (and the one-time copy of the counts)
253.14686810225248,4.584103936,177.71327488,698996.818927616,qc (and the one-time copy of the counts)
253.6479408722371,4.586307584,177.702023168,698996.818927616,qc (and the one-time copy of the counts)
254.14882619306445,4.586307584,177.691643904,698996.818927616,qc (and the one-time copy of the counts)
254.64988797716796,4.603449344,177.663315968,698996.818927616,qc (and the one-time copy of the counts)
255.15081106498837,4.586958848,177.668419584,698997.521637376,qc (and the one-time copy of the counts)
255.65201432444155,4.586958848,177.68720384,698997.521637376,qc (and the one-time copy of the counts)
256.15298012830317,4.588752896,177.71952128,698997.521637376,qc (and the one-time copy of the counts)
256.65381560102105,4.588752896,177.705508864,698997.521637376,qc (and the one-time copy of the counts)
257.1546788793057,4.588752896,177.696772096,698997.692116992,qc (and the one-time copy of the counts)
257.6554962079972,4.588752896,177.698394112,698997.692116992,qc (and the one-time copy of the counts)
258.1563065480441,4.588752896,177.691041792,698997.692116992,qc (and the one-time copy of the counts)
258.6571213826537,4.588752896,177.676988416,698997.692116992,qc (and the one-time copy of the counts)
259.1579894311726,4.600209408,177.657577472,698996.997169152,qc (and the one-time copy of the counts)
259.659067729488,4.615344128,177.646915584,698996.997169152,qc (and the one-time copy of the counts)
260.1598802153021,4.616421376,177.695563776,698996.997169152,qc (and the one-time copy of the counts)
260.6611654665321,4.616491008,177.683869696,698996.997169152,qc (and the one-time copy of the counts)
261.1627027038485,4.616712192,177.672962048,698996.64021504,qc (and the one-time copy of the counts)
261.6637803763151,4.616839168,177.66268928,698996.64021504,qc (and the one-time copy of the counts)
262.1647351440042,4.638932992,177.628643328,698996.64021504,qc (and the one-time copy of the counts)
262.6656308043748,4.622102528,177.631186944,698996.64021504,qc (and the one-time copy of the counts)
263.16686704196036,4.616839168,177.627815936,698995.981979648,qc (and the one-time copy of the counts)
263.67159416154027,4.6226432,177.623871488,698995.981979648,qc (and the one-time copy of the counts)
264.17260488308966,4.623212544,177.681063936,698995.981979648,qc (and the one-time copy of the counts)
264.6733828727156,4.624564224,177.665261568,698995.981979648,qc (and the one-time copy of the counts)
265.17431243136525,4.624564224,177.657593856,698995.43310336,qc (and the one-time copy of the counts)
265.67538706213236,4.624826368,177.649537024,698995.43310336,qc (and the one-time copy of the counts)
266.1763123013079,4.640534528,177.62299904,698995.43310336,qc (and the one-time copy of the counts)
266.67729963734746,4.6477312,177.605640192,698995.43310336,qc (and the one-time copy of the counts)
267.178093932569,4.625035264,177.618075648,698995.43310336,qc (and the one-time copy of the counts)
267.6790956798941,4.63212544,177.599635456,698995.43310336,qc (and the one-time copy of the counts)
268.1802150569856,4.64017408,177.66383616,698995.43310336,qc (and the one-time copy of the counts)
268.6811507400125,4.649193472,177.640460288,698995.43310336,qc (and the one-time copy of the counts)
269.1820192486048,4.644569088,177.635561472,698998.055944192,qc (and the one-time copy of the counts)
269.6832948811352,4.652281856,177.618722816,698998.055944192,qc (and the one-time copy of the counts)
270.1843213085085,4.652281856,177.607663616,698998.055944192,qc (and the one-time copy of the counts)
270.68548583239317,4.6459904,177.602433024,698998.055944192,qc (and the one-time copy of the counts)
271.1863195039332,4.697198592,177.539313664,698998.154948608,qc (and the one-time copy of the counts)
271.6873250734061,4.7464448,177.4804992,698998.154948608,qc (and the one-time copy of the counts)
272.18817616067827,4.712300544,177.60219136,698998.154948608,qc (and the one-time copy of the counts)
272.68899132683873,4.714737664,177.587646464,698998.154948608,qc (and the one-time copy of the counts)
273.189930761233,4.711809024,177.580998656,698998.088359936,qc (and the one-time copy of the counts)
273.6934198886156,4.708020224,177.587802112,698998.088359936,qc (and the one-time copy of the counts)
274.1941612958908,4.741357568,177.54638336,698998.088359936,qc (and the one-time copy of the counts)
274.69531940482557,4.774834176,177.504116736,698998.088359936,qc (and the one-time copy of the counts)
275.1962107885629,4.794339328,177.474883584,698998.051360768,qc (and the one-time copy of the counts)
275.69788854941726,4.79094784,177.465536512,698998.051360768,qc (and the one-time copy of the counts)
276.19910280779004,4.822237184,177.492066304,698998.051360768,qc (and the one-time copy of the counts)
276.70010143332183,4.870754304,177.433133056,698998.051360768,qc (and the one-time copy of the counts)
277.2014258671552,4.929257472,177.365041152,698998.051360768,qc (and the one-time copy of the counts)
277.7026521638036,4.939214848,177.345503232,698998.051360768,qc (and the one-time copy of the counts)
278.2035184018314,4.985430016,177.286807552,698998.051360768,qc (and the one-time copy of the counts)
278.7046867851168,4.970377216,177.29224704,698998.051360768,qc (and the one-time copy of the counts)
279.20541525632143,4.977606656,177.285029888,698998.113984512,qc (and the one-time copy of the counts)
279.7064874973148,5.004685312,177.248886784,698998.113984512,qc (and the one-time copy of the counts)
280.20761662349105,5.019762688,177.273729024,698998.113984512,qc (and the one-time copy of the counts)
280.70871764048934,5.019967488,177.280098304,698998.113984512,qc (and the one-time copy of the counts)
281.20961132086813,5.020049408,177.269813248,698998.102573056,qc (and the one-time copy of the counts)
281.7107643485069,5.020049408,177.265266688,698998.102573056,qc (and the one-time copy of the counts)
282.21169084496796,5.044359168,177.230102528,698998.102573056,qc (and the one-time copy of the counts)
282.71260670758784,5.045170176,177.21659392,698998.102573056,qc (and the one-time copy of the counts)
283.2134957332164,5.045981184,177.20836096,698998.158299136,qc (and the one-time copy of the counts)
283.7173244841397,5.047054336,177.21247744,698998.158299136,qc (and the one-time copy of the counts)
284.2180548943579,5.048397824,177.223749632,698998.158299136,qc (and the one-time copy of the counts)
284.71884752996266,5.04946688,177.250304,698998.158299136,qc (and the one-time copy of the counts)
285.2196702733636,5.050814464,177.24473344,698997.073461248,qc (and the one-time copy of the counts)
285.7206936124712,5.052166144,177.233883136,698997.073461248,qc (and the one-time copy of the counts)
286.2215812690556,5.05378816,177.220800512,698997.073461248,qc (and the one-time copy of the counts)
286.7226380854845,5.054328832,177.212850176,698997.073461248,qc (and the one-time copy of the counts)
287.2235475704074,5.055660032,177.201635328,698997.073461248,qc (and the one-time copy of the counts)
287.7247149925679,5.05647104,177.194274816,698997.073461248,qc (and the one-time copy of the counts)
288.22616444155574,5.057818624,177.180205056,698997.073461248,qc (and the one-time copy of the counts)
288.7275635879487,5.067829248,177.236365312,698997.073461248,qc (and the one-time copy of the counts)
289.22857996448874,5.110923264,177.1833344,698996.729286656,qc (and the one-time copy of the counts)
289.7299243491143,5.114396672,177.1698176,698996.729286656,qc (and the one-time copy of the counts)
290.2307994514704,5.11776768,177.155280896,698996.729286656,qc (and the one-time copy of the counts)
290.73161667212844,5.11776768,177.139826688,698996.729286656,qc (and the one-time copy of the counts)
291.2327699325979,5.065003008,177.182601216,698996.71963648,qc (and the one-time copy of the counts)
291.73387792147696,5.065371648,177.17592064,698996.71963648,qc (and the one-time copy of the counts)
292.2348637599498,5.065371648,177.16563968,698996.71963648,qc (and the one-time copy of the counts)
292.7358317375183,5.065371648,177.248710656,698996.71963648,qc (and the one-time copy of the counts)
293.23669694922864,5.065371648,177.244880896,698996.954968064,qc (and the one-time copy of the counts)
293.7378807552159,5.068808192,177.238290432,698996.954968064,qc (and the one-time copy of the counts)
294.2386281695217,5.06914816,177.227972608,698996.954968064,qc (and the one-time copy of the counts)
294.73931483738124,5.06914816,177.217613824,698996.954968064,qc (and the one-time copy of the counts)
295.23991448432207,5.069238272,177.206329344,698997.060325376,qc (and the one-time copy of the counts)
295.7408417928964,5.069238272,177.19402496,698997.060325376,qc (and the one-time copy of the counts)
296.24162464030087,5.069246464,177.180233728,698997.060325376,qc (and the one-time copy of the counts)
296.7423532009125,5.069246464,177.209126912,698997.060325376,qc (and the one-time copy of the counts)
297.24336541444063,5.116039168,177.182937088,698997.060325376,qc (and the one-time copy of the counts)
297.7448290605098,5.094510592,177.186521088,698997.060325376,qc (and the one-time copy of the counts)
298.245744060725,5.069656064,177.20174592,698997.060325376,qc (and the one-time copy of the counts)
298.74663779884577,5.069950976,177.203953664,698997.060325376,qc (and the one-time copy of the counts)
299.2475750669837,5.162151936,177.102340096,698997.153366016,qc (and the one-time copy of the counts)
299.748876594007,5.12856064,177.121062912,698997.153366016,qc (and the one-time copy of the counts)
300.2501430660486,5.130084352,177.108717568,698997.153366016,qc (and the one-time copy of the counts)
300.75122286751866,5.187452928,177.038557184,698997.153366016,qc (and the one-time copy of the counts)
301.2520358078182,5.11643648,177.199972352,698997.147574272,qc (and the one-time copy of the counts)
301.7530523650348,5.116928,177.185304576,698997.147574272,qc (and the one-time copy of the counts)
302.25396993756294,5.116928,177.177382912,698997.147574272,qc (and the one-time copy of the counts)
302.7548803091049,5.116928,177.169444864,698997.147574272,qc (and the one-time copy of the counts)
303.25571250543,5.117001728,177.158422528,698996.738265088,qc (and the one-time copy of the counts)
303.7567639052868,5.117001728,177.146871808,698996.738265088,qc (and the one-time copy of the counts)
304.2576867248863,5.117001728,177.139470336,698996.738265088,qc (and the one-time copy of the counts)
304.7585444152355,5.117001728,177.139298304,698996.738265088,qc (and the one-time copy of the counts)
305.2593321558088,5.117001728,177.19822336,698995.548663808,qc (and the one-time copy of the counts)
305.7610277403146,5.076508672,177.225740288,698995.548663808,qc (and the one-time copy of the counts)
306.26241352409124,5.115817984,177.174409216,698995.548663808,qc (and the one-time copy of the counts)
306.76335225999355,5.115817984,177.164423168,698995.548663808,qc (and the one-time copy of the counts)
307.26421704515815,5.11739904,177.151893504,698995.548663808,qc (and the one-time copy of the counts)
307.765583274886,5.11739904,177.139400704,698995.548663808,qc (and the one-time copy of the counts)
308.26676209270954,5.11739904,177.125924864,698995.548663808,qc (and the one-time copy of the counts)
308.76760195940733,5.153763328,177.079296,698995.548663808,qc (and the one-time copy of the counts)
309.2685446012765,5.153763328,177.147154432,698997.549416448,qc (and the one-time copy of the counts)
309.7697890494019,5.169913856,177.117421568,698997.549416448,qc (and the one-time copy of the counts)
310.2705296166241,5.214560256,177.06235904,698997.549416448,qc (and the one-time copy of the counts)
310.771680040285,5.270675456,176.992698368,698997.549416448,qc (and the one-time copy of the counts)
311.27268724516034,5.298814976,176.954134528,698998.015356928,qc (and the one-time copy of the counts)
311.7737458143383,5.298814976,176.940855296,698998.015356928,qc (and the one-time copy of the counts)
312.2745915837586,5.298814976,176.929038336,698998.015356928,qc (and the one-time copy of the counts)
312.7753788959235,5.298814976,176.922611712,698998.015356928,qc (and the one-time copy of the counts)
313.27612455561757,5.298814976,177.011757056,698998.167498752,qc (and the one-time copy of the counts)
313.7770347353071,5.298814976,176.996765696,698998.167498752,qc (and the one-time copy of the counts)
314.277674196288,5.331488768,176.95885312,698998.167498752,qc (and the one-time copy of the counts)
314.7783145289868,5.33884928,176.9424896,698998.167498752,qc (and the one-time copy of the counts)
315.2789955958724,5.368705024,176.915152896,698997.584031744,qc (and the one-time copy of the counts)
315.78017290122807,5.381820416,176.885915648,698997.584031744,qc (and the one-time copy of the counts)
316.2810888327658,5.426061312,176.83193856,698997.584031744,qc (and the one-time copy of the counts)
316.7819208241999,5.474205696,176.775503872,698997.584031744,qc (and the one-time copy of the counts)
317.2827156241983,5.489713152,176.782270464,698997.584031744,qc (and the one-time copy of the counts)
317.7840146627277,5.512187904,176.7795712,698997.584031744,qc (and the one-time copy of the counts)
318.2848577927798,5.50684672,176.774479872,698997.584031744,qc (and the one-time copy of the counts)
318.7858397960663,5.507088384,176.769400832,698997.584031744,qc (and the one-time copy of the counts)
319.2866650689393,5.511282688,176.765968384,698997.823983616,qc (and the one-time copy of the counts)
319.78764276206493,5.507088384,176.75792384,698997.823983616,qc (and the one-time copy of the counts)
320.288500694558,5.507088384,176.746471424,698997.823983616,qc (and the one-time copy of the counts)
320.7895671352744,5.507088384,176.735838208,698997.823983616,qc (and the one-time copy of the counts)
321.2905501201749,5.507088384,176.725557248,698997.851602944,qc (and the one-time copy of the counts)
321.7916749417782,5.507088384,176.814702592,698997.851602944,qc (and the one-time copy of the counts)
322.29250233992934,5.507088384,176.803500032,698997.851602944,qc (and the one-time copy of the counts)
322.79332004860044,5.507088384,176.794636288,698997.851602944,qc (and the one-time copy of the counts)
323.29413503594697,5.507104768,176.787382272,698997.923565568,qc (and the one-time copy of the counts)
323.79522853158414,5.550698496,176.732430336,698997.923565568,qc (and the one-time copy of the counts)
324.2960318438709,5.563072512,176.721485824,698997.923565568,qc (and the one-time copy of the counts)
324.79741988517344,5.570666496,176.698413056,698997.923565568,qc (and the one-time copy of the counts)
325.2985795047134,5.578133504,176.683311104,698997.596581888,qc (and the one-time copy of the counts)
325.7999371159822,5.67820288,176.639602688,698997.596581888,qc (and the one-time copy of the counts)
326.3006730545312,5.633466368,176.677298176,698997.596581888,qc (and the one-time copy of the counts)
326.8019866719842,5.722243072,176.583315456,698997.596581888,qc (and the one-time copy of the counts)
327.3627871032804,3.151151104,179.158269952,698997.596581888,qc (and the one-time copy of the counts)
327.86432791501284,3.511324672,178.797785088,698997.596581888,qc (and the one-time copy of the counts)
328.40177366510034,3.498049536,178.817404928,698997.596581888,qc (and the one-time copy of the counts)
328.9953186567873,3.598430208,178.713550848,698997.931323392,qc (and the one-time copy of the counts)
329.5861920733005,3.671830528,178.652254208,698997.931323392,qc (and the one-time copy of the counts)
330.14335520006716,3.59278592,178.71654912,698997.931323392,qc (and the one-time copy of the counts)
330.64405950158834,3.59278592,178.70731264,698997.931323392,qc (and the one-time copy of the counts)
331.1447291690856,3.610464256,178.681069568,698998.003826688,qc (and the one-time copy of the counts)
331.64564529806376,3.549630464,178.73094656,698998.003826688,qc (and the one-time copy of the counts)
332.14650630019605,3.549597696,178.719973376,698998.003826688,qc (and the one-time copy of the counts)
332.6476280260831,3.931291648,178.327146496,698998.003826688,qc (and the one-time copy of the counts)
333.1486625280231,3.651510272,178.597384192,698998.107471872,qc (and the one-time copy of the counts)
333.64972885511816,3.649990656,178.587303936,698998.107471872,qc (and the one-time copy of the counts)
334.1504637245089,3.661357056,178.632208384,698998.107471872,qc (and the one-time copy of the counts)
334.6513145659119,3.599925248,178.682363904,698998.107471872,qc (and the one-time copy of the counts)
335.1530691292137,3.697467392,178.589732864,698998.26796544,qc (and the one-time copy of the counts)
335.65481328591704,3.650195456,178.623356928,698998.26796544,qc (and the one-time copy of the counts)
336.1556758880615,3.664257024,178.60057088,698998.26796544,qc (and the one-time copy of the counts)
336.6563684679568,3.68384,178.57165312,698998.26796544,qc (and the one-time copy of the counts)
337.1576325725764,3.684171776,178.561814528,698998.26796544,qc (and the one-time copy of the counts)
337.6591041907668,3.684171776,178.553327616,698998.26796544,qc (and the one-time copy of the counts)
338.1600701082498,3.722457088,178.56710656,698998.26796544,qc (and the one-time copy of the counts)
338.66128919646144,3.719196672,178.59500032,698998.26796544,qc (and the one-time copy of the counts)
339.1621283106506,3.664699392,178.637418496,698997.977088,qc (and the one-time copy of the counts)
339.6633915640414,3.671207936,178.622468096,698997.977088,qc (and the one-time copy of the counts)
340.16428450495005,3.66477312,178.628599808,698997.977088,qc (and the one-time copy of the counts)
340.6651939172298,3.726016512,178.554568704,698997.977088,qc (and the one-time copy of the counts)
341.1659605540335,3.66508032,178.604818432,698997.96594688,qc (and the one-time copy of the counts)
341.66767927259207,3.700453376,178.558017536,698997.96594688,qc (and the one-time copy of the counts)
342.1686401683837,3.73622784,178.512625664,698997.96594688,qc (and the one-time copy of the counts)
342.6693413592875,3.70628608,178.593882112,698997.96594688,qc (and the one-time copy of the counts)
343.17052973248065,3.676434432,178.615222272,698997.997928448,qc (and the one-time copy of the counts)
343.6719317678362,3.70692096,178.57314816,698997.997928448,qc (and the one-time copy of the counts)
344.17318586073816,3.676975104,178.594525184,698997.997928448,qc (and the one-time copy of the counts)
344.67439182661474,3.78370048,178.486935552,698997.997928448,qc (and the one-time copy of the counts)
345.17581548541784,3.677380608,178.58025472,698997.980626944,qc (and the one-time copy of the counts)
345.6773291248828,3.808518144,178.43740672,698997.980626944,qc (and the one-time copy of the counts)
346.17830507457256,3.676946432,178.557423616,698997.980626944,qc (and the one-time copy of the counts)
346.6791676133871,3.676827648,178.643918848,698997.980626944,qc (and the one-time copy of the counts)
347.1803806349635,3.738345472,178.574757888,698997.882867712,qc (and the one-time copy of the counts)
347.68189316801727,3.707318272,178.59581952,698997.882867712,qc (and the one-time copy of the counts)
348.18286420591176,3.840065536,178.447388672,698997.882867712,qc (and the one-time copy of the counts)
348.6837615184486,3.67880192,178.600308736,698997.882867712,qc (and the one-time copy of the counts)
349.18472445756197,3.777929216,178.486317056,698997.938384896,qc (and the one-time copy of the counts)
349.68656187318265,3.696963584,178.558722048,698997.938384896,qc (and the one-time copy of the counts)
350.1876877527684,3.680256,178.5617408,698997.938384896,qc (and the one-time copy of the counts)
350.68858540058136,3.697344512,178.61410816,698997.938384896,qc (and the one-time copy of the counts)
351.18954099342227,3.728306176,178.56925696,698997.787471872,qc (and the one-time copy of the counts)
351.69094981625676,3.841961984,178.446446592,698997.787471872,qc (and the one-time copy of the counts)
352.192572761327,3.757625344,178.515378176,698997.787471872,qc (and the one-time copy of the counts)
352.69349574670196,3.783942144,178.480545792,698997.787471872,qc (and the one-time copy of the counts)
353.19434255734086,3.774390272,178.478833664,698999.416520704,qc (and the one-time copy of the counts)
353.69568420760334,3.817455616,178.421886976,698999.416520704,qc (and the one-time copy of the counts)
354.1966672465205,3.80178432,178.42456576,698999.416520704,qc (and the one-time copy of the counts)
354.69760578870773,3.770077184,178.471292928,698999.416520704,qc (and the one-time copy of the counts)
355.19853515177965,3.790778368,178.517004288,698999.531405312,qc (and the one-time copy of the counts)
355.70435225591063,3.793010688,178.510409728,698999.531405312,qc (and the one-time copy of the counts)
356.20550274662673,3.745189888,178.547830784,698999.531405312,qc (and the one-time copy of the counts)
356.706366866827,3.745542144,178.534445056,698999.531405312,qc (and the one-time copy of the counts)
357.2071890402585,3.754307584,178.514518016,698999.531405312,qc (and the one-time copy of the counts)
357.70827631279826,3.745210368,178.51189248,698999.531405312,qc (and the one-time copy of the counts)
358.209147349,3.881955328,178.36382208,698999.531405312,qc (and the one-time copy of the counts)
358.71022324077785,3.745824768,178.49071616,698999.531405312,qc (and the one-time copy of the counts)
359.21108225919306,3.792592896,178.500452352,698999.31969536,qc (and the one-time copy of the counts)
359.71209890395403,3.790614528,178.49208832,698999.31969536,qc (and the one-time copy of the counts)
360.21283780410886,3.792748544,178.487595008,698999.31969536,qc (and the one-time copy of the counts)
360.7136249244213,3.792924672,178.480009216,698999.31969536,qc (and the one-time copy of the counts)
361.21450550854206,3.779067904,178.484555776,698999.074738176,qc (and the one-time copy of the counts)
361.7155963629484,3.74679552,178.50789888,698999.074738176,qc (and the one-time copy of the counts)
362.21652373299,3.778830336,178.461364224,698999.074738176,qc (and the one-time copy of the counts)
362.7173954118043,3.795812352,178.436644864,698999.074738176,qc (and the one-time copy of the counts)
363.21837002038956,3.796021248,178.491449344,698998.623911936,qc (and the one-time copy of the counts)
363.71938039548695,3.74740992,178.526425088,698998.623911936,qc (and the one-time copy of the counts)
364.2202105615288,3.787255808,178.473566208,698998.623911936,qc (and the one-time copy of the counts)
364.72130329720676,3.779928064,178.471358464,698998.623911936,qc (and the one-time copy of the counts)
365.2225292250514,3.931918336,178.320224256,698998.154518528,qc (and the one-time copy of the counts)
365.72367482073605,3.98538752,178.254364672,698998.154518528,qc (and the one-time copy of the counts)
366.22458661720157,4.070739968,178.15320576,698998.154518528,qc (and the one-time copy of the counts)
366.7259916495532,4.508131328,177.707470848,698998.154518528,qc (and the one-time copy of the counts)
367.2269741240889,3.74786048,178.45379072,698998.28422656,qc (and the one-time copy of the counts)
368.42779272794724,4.652261376,177.613942784,698998.28422656,qc (and the one-time copy of the counts)
368.9291129000485,3.826024448,178.43154944,698998.28422656,qc (and the one-time copy of the counts)
369.43003719858825,4.04897792,178.194673664,698998.28422656,qc (and the one-time copy of the counts)
369.9310576543212,4.180738048,178.048937984,698998.46930432,qc (and the one-time copy of the counts)
370.43243287317455,4.56308736,177.652432896,698998.46930432,qc (and the one-time copy of the counts)
370.9333302974701,3.78740736,178.420805632,698998.46930432,qc (and the one-time copy of the counts)
371.43414736539125,3.86582528,178.382106624,698998.46930432,qc (and the one-time copy of the counts)
371.9353370722383,3.96711936,178.327085056,698998.461628416,qc (and the one-time copy of the counts)
372.43655661679804,4.27753472,177.999233024,698998.461628416,qc (and the one-time copy of the counts)
372.9379544723779,4.296216576,177.980428288,698998.461628416,qc (and the one-time copy of the counts)
373.43898629397154,4.514394112,177.748946944,698998.461628416,qc (and the one-time copy of the counts)
373.94016014412045,4.205735936,178.03968512,698998.461882368,qc (and the one-time copy of the counts)
374.4413987696171,3.8045696,178.430414848,698998.461882368,qc (and the one-time copy of the counts)
374.94268418848515,3.847667712,178.377568256,698998.461882368,qc (and the one-time copy of the counts)
375.44361874088645,3.914006528,178.298077184,698998.461882368,qc (and the one-time copy of the counts)
375.94469312392175,4.22752256,178.081972224,698998.548955136,qc (and the one-time copy of the counts)
376.4459022525698,4.305907712,177.994620928,698998.548955136,qc (and the one-time copy of the counts)
376.9470478501171,4.363395072,177.926156288,698998.548955136,qc (and the one-time copy of the counts)
377.44794345088303,4.349321216,177.926496256,698998.548955136,qc (and the one-time copy of the counts)
377.9487831480801,3.74788096,178.517901312,698998.49867264,qc (and the one-time copy of the counts)
378.44971254467964,3.807141888,178.448494592,698998.49867264,qc (and the one-time copy of the counts)
378.95058991760015,3.866710016,178.375983104,698998.49867264,qc (and the one-time copy of the counts)
379.45132026448846,3.944730624,178.287263744,698998.49867264,qc (and the one-time copy of the counts)
379.95210851728916,4.14437376,178.15908352,698998.38308352,qc (and the one-time copy of the counts)
380.45333923585713,4.39631872,177.911795712,698998.38308352,qc (and the one-time copy of the counts)
380.9542165771127,4.514025472,177.776062464,698998.38308352,qc (and the one-time copy of the counts)
381.4555788207799,3.7675008,178.510897152,698998.38308352,qc (and the one-time copy of the counts)
381.9569871723652,3.80700672,178.477457408,698998.323212288,qc (and the one-time copy of the counts)
382.45814922079444,3.822927872,178.446815232,698998.323212288,qc (and the one-time copy of the counts)
382.95894450880587,3.925467136,178.33304064,698998.323212288,qc (and the one-time copy of the counts)
383.4598792232573,3.985997824,178.261389312,698998.323212288,qc (and the one-time copy of the counts)
383.96102710813284,4.230914048,178.028695552,698998.700294144,qc (and the one-time copy of the counts)
384.46517026796937,4.483231744,177.663541248,698998.700294144,qc (and the one-time copy of the counts)
384.9660631455481,3.747909632,178.528370688,698998.700294144,qc (and the one-time copy of the counts)
385.4668019656092,3.826634752,178.44721664,698998.700294144,qc (and the one-time copy of the counts)
385.96748306043446,3.890528256,178.368196608,698999.413059584,qc (and the one-time copy of the counts)
386.4685128647834,4.02337792,178.221645824,698999.413059584,qc (and the one-time copy of the counts)
386.9694436825812,4.25177088,177.982840832,698999.413059584,qc (and the one-time copy of the counts)
387.4704668559134,4.407246848,177.815179264,698999.413059584,qc (and the one-time copy of the counts)
387.97393794357777,4.435054592,177.634861056,698999.412854784,qc (and the one-time copy of the counts)
388.47538703493774,3.747909632,178.554138624,698999.412854784,qc (and the one-time copy of the counts)
388.9762015491724,3.787702272,178.499538944,698999.412854784,qc (and the one-time copy of the counts)
389.47711763344705,3.907145728,178.371407872,698999.412854784,qc (and the one-time copy of the counts)
389.9785040207207,4.163739648,178.09856512,698998.768934912,qc (and the one-time copy of the counts)
390.47993778809905,4.365037568,177.8893824,698998.768934912,qc (and the one-time copy of the counts)
390.9812062084675,4.729040896,177.52674304,698998.768934912,qc (and the one-time copy of the counts)
391.4826454669237,3.945132032,178.29476352,698998.768934912,qc (and the one-time copy of the counts)
391.9838870558888,3.807453184,178.41762304,698998.46959104,qc (and the one-time copy of the counts)
392.4853334631771,3.840241664,178.469523456,698998.46959104,qc (and the one-time copy of the counts)
392.98629813455045,3.967025152,178.336247808,698998.46959104,qc (and the one-time copy of the counts)
393.48720173351467,4.194238464,178.09657856,698998.46959104,qc (and the one-time copy of the counts)
393.98852686956525,4.50357248,177.778499584,698998.155046912,qc (and the one-time copy of the counts)
394.4896417800337,3.74800384,178.521423872,698998.155046912,qc (and the one-time copy of the counts)
394.9904860891402,3.787833344,178.46571008,698998.155046912,qc (and the one-time copy of the counts)
395.4913776945323,3.86400256,178.382761984,698998.155046912,qc (and the one-time copy of the counts)
395.99245238117874,4.059254784,178.17868288,698997.989920768,qc (and the one-time copy of the counts)
396.4963551014662,4.005040128,178.290507776,698997.989920768,qc (and the one-time copy of the counts)
396.99717854335904,3.902144512,178.388365312,698997.989920768,qc (and the one-time copy of the counts)
397.49791935272515,3.799760896,178.482634752,698997.989920768,qc (and the one-time copy of the counts)
397.9986258260906,3.799601152,178.4736768,698997.991399424,qc (and the one-time copy of the counts)
398.49934386461973,3.811688448,178.455605248,698997.991399424,qc (and the one-time copy of the counts)
399.00005649589,3.824369664,178.42982912,698997.991399424,qc (and the one-time copy of the counts)
399.5008130799979,3.873509376,178.371026944,698997.991399424,qc (and the one-time copy of the counts)
400.0016821920872,3.984519168,178.251710464,698997.814849536,qc (and the one-time copy of the counts)
400.5028286911547,4.1614336,178.070478848,698997.814849536,qc (and the one-time copy of the counts)
401.0036840252578,4.15608832,178.1320704,698997.814849536,qc (and the one-time copy of the counts)
401.504562035203,4.178264064,178.103984128,698997.814849536,qc (and the one-time copy of the counts)
402.0054549090564,4.195917824,178.090254336,698999.49365248,qc (and the one-time copy of the counts)
402.5065278224647,4.188172288,178.090409984,698999.49365248,qc (and the one-time copy of the counts)
403.00745448097587,4.188372992,178.080256,698999.49365248,qc (and the one-time copy of the counts)
403.50846592895687,4.189466624,178.070552576,698999.49365248,qc (and the one-time copy of the counts)
404.00927309319377,4.189466624,178.063159296,699000.081104896,qc (and the one-time copy of the counts)
404.51082739792764,4.189638656,178.059743232,699000.081104896,qc (and the one-time copy of the counts)
405.0118845682591,4.188463104,178.117599232,699000.081104896,qc (and the one-time copy of the counts)
405.5126898493618,4.2179584,178.081292288,699000.081104896,qc (and the one-time copy of the counts)
406.01355647854507,4.145414144,178.141913088,699001.584037888,qc (and the one-time copy of the counts)
406.5173854958266,4.146028544,178.14390784,699001.584037888,qc (and the one-time copy of the counts)
407.0182091407478,4.194791424,178.08697344,699001.584037888,qc (and the one-time copy of the counts)
407.5190181918442,4.1952256,178.074087424,699001.584037888,qc (and the one-time copy of the counts)
408.01990331709385,4.14220288,178.113683456,699002.177298432,qc (and the one-time copy of the counts)
408.5209976658225,4.351299584,177.892057088,699002.177298432,qc (and the one-time copy of the counts)
409.0216960404068,4.134436864,178.15044096,699002.177298432,qc (and the one-time copy of the counts)
409.5226125959307,4.134432768,178.169266176,699002.177298432,qc (and the one-time copy of the counts)
410.0237930882722,4.158590976,178.133262336,699003.384455168,qc (and the one-time copy of the counts)
410.5254173707217,4.167634944,178.111873024,699003.384455168,qc (and the one-time copy of the counts)
411.0264448784292,4.238594048,178.029006848,699003.384455168,qc (and the one-time copy of the counts)
411.52749679610133,4.134612992,178.126073856,699003.384455168,qc (and the one-time copy of the counts)
412.02863600850105,4.53812224,177.704669184,699003.962662912,qc (and the one-time copy of the counts)
412.52987431176007,4.348690432,177.885556736,699003.962662912,qc (and the one-time copy of the counts)
413.0310824159533,4.249387008,177.97414912,699003.962662912,qc (and the one-time copy of the counts)
413.53199270926416,4.345352192,177.936953344,699003.962662912,qc (and the one-time copy of the counts)
414.03259467706084,4.217339904,178.05324288,699003.849187328,qc (and the one-time copy of the counts)
414.5371188055724,4.19944448,178.073726976,699003.849187328,qc (and the one-time copy of the counts)
415.0379771310836,4.263518208,177.999204352,699003.849187328,qc (and the one-time copy of the counts)
415.5387985892594,4.199968768,178.051137536,699003.849187328,qc (and the one-time copy of the counts)
416.03948237001896,4.220116992,178.021052416,699003.778461696,qc (and the one-time copy of the counts)
416.5404282901436,4.200013824,178.03083776,699003.778461696,qc (and the one-time copy of the counts)
417.04149693623185,4.200046592,178.020077568,699003.778461696,qc (and the one-time copy of the counts)
417.54287649691105,4.296900608,178.01508864,699003.778461696,qc (and the one-time copy of the counts)
418.04372718930244,4.218146816,178.083356672,699003.835396096,qc (and the one-time copy of the counts)
418.5446434877813,4.284125184,178.008915968,699003.835396096,qc (and the one-time copy of the counts)
419.0456291604787,4.245807104,178.0345856,699003.835396096,qc (and the one-time copy of the counts)
419.5466052480042,4.245557248,178.039681024,699003.835396096,qc (and the one-time copy of the counts)
420.0474062487483,4.426657792,177.84518656,699003.808940032,qc (and the one-time copy of the counts)
420.5485358219594,4.424880128,177.836765184,699003.808940032,qc (and the one-time copy of the counts)
421.0496386438608,4.292182016,177.959985152,699003.808940032,qc (and the one-time copy of the counts)
421.5508358385414,4.321980416,177.982799872,699003.808940032,qc (and the one-time copy of the counts)
422.051522616297,4.321820672,177.972191232,699003.81892608,qc (and the one-time copy of the counts)
422.5524849072099,4.427747328,177.857429504,699003.81892608,qc (and the one-time copy of the counts)
423.0533769465983,4.613255168,177.665363968,699003.81892608,qc (and the one-time copy of the counts)
423.55427219718695,4.441853952,177.824268288,699003.81892608,qc (and the one-time copy of the counts)
424.0551836807281,4.553478144,177.701380096,699003.836874752,qc (and the one-time copy of the counts)
424.55965031683445,4.571574272,177.688211456,699003.836874752,qc (and the one-time copy of the counts)
425.0605405010283,4.71195648,177.535266816,699003.836874752,qc (and the one-time copy of the counts)
425.56134718842804,4.64183296,177.634340864,699003.836874752,qc (and the one-time copy of the counts)
426.06227926537395,4.498440192,177.796374528,699003.016323072,qc (and the one-time copy of the counts)
426.5633818935603,4.830318592,177.456726016,699003.016323072,qc (and the one-time copy of the counts)
427.06439181417227,4.396560384,177.880244224,699003.016323072,qc (and the one-time copy of the counts)
427.565503269434,4.419305472,177.848406016,699003.016323072,qc (and the one-time copy of the counts)
428.0669412408024,4.429635584,177.82755328,699002.674266112,qc (and the one-time copy of the counts)
428.568116588518,4.481503232,177.763913728,699002.674266112,qc (and the one-time copy of the counts)
429.0690468363464,4.87237632,177.35999488,699002.674266112,qc (and the one-time copy of the counts)
429.5699458569288,4.729413632,177.495396352,699002.674266112,qc (and the one-time copy of the counts)
430.07104651629925,5.088714752,177.201999872,699002.57583104,qc (and the one-time copy of the counts)
430.57262309640646,5.251538944,177.032392704,699002.57583104,qc (and the one-time copy of the counts)
431.0742507688701,4.68197376,177.584787456,699002.57583104,qc (and the one-time copy of the counts)
431.5750945843756,4.399714304,177.863012352,699002.57583104,qc (and the one-time copy of the counts)
432.0761546511203,4.68903936,177.56065792,699002.678112256,qc (and the one-time copy of the counts)
432.5772830359638,5.025247232,177.21090048,699002.678112256,qc (and the one-time copy of the counts)
433.0787488874048,4.876029952,177.347334144,699002.678112256,qc (and the one-time copy of the counts)
433.57970258034766,4.97975296,177.234141184,699002.678112256,qc (and the one-time copy of the counts)
434.0806285459548,5.099696128,177.193107456,699003.246649344,qc (and the one-time copy of the counts)
434.5817792378366,4.837289984,177.4647296,699003.246649344,qc (and the one-time copy of the counts)
435.08260049670935,4.858359808,177.433382912,699003.246649344,qc (and the one-time copy of the counts)
435.58355589583516,5.07224064,177.210216448,699003.246649344,qc (and the one-time copy of the counts)
436.0843034889549,4.646879232,177.624711168,699003.36359424,qc (and the one-time copy of the counts)
436.58590826392174,4.848914432,177.4107648,699003.36359424,qc (and the one-time copy of the counts)
437.08729386888444,4.43680768,177.811410944,699003.36359424,qc (and the one-time copy of the counts)
437.588287640363,4.59106304,177.650229248,699003.36359424,qc (and the one-time copy of the counts)
438.0890909358859,4.4752896,177.7656832,699003.412455424,qc (and the one-time copy of the counts)
438.59027445688844,4.868284416,177.41819904,699003.412455424,qc (and the one-time copy of the counts)
439.0913053266704,4.467716096,177.805484032,699003.412455424,qc (and the one-time copy of the counts)
439.5922827646136,4.42404864,177.841229824,699003.412455424,qc (and the one-time copy of the counts)
440.0934223122895,4.504743936,177.75894528,699003.507892224,qc (and the one-time copy of the counts)
440.5945910215378,4.42769408,177.8230272,699003.507892224,qc (and the one-time copy of the counts)
441.09543301537633,4.42058752,177.816367104,699003.507892224,qc (and the one-time copy of the counts)
441.59678246080875,4.446420992,177.784991744,699003.507892224,qc (and the one-time copy of the counts)
442.09804587624967,4.741206016,177.479049216,699003.582242816,qc (and the one-time copy of the counts)
442.59918804094195,5.21596928,177.092104192,699003.582242816,qc (and the one-time copy of the counts)
443.1003172919154,4.703363072,177.592168448,699003.582242816,qc (and the one-time copy of the counts)
443.6016320604831,4.818407424,177.425084416,699003.582242816,qc (and the one-time copy of the counts)
444.1025012806058,4.443181056,177.836085248,699003.557179392,qc (and the one-time copy of the counts)
444.6038100030273,4.488351744,177.782697984,699003.557179392,qc (and the one-time copy of the counts)
445.1051285639405,4.529401856,177.729236992,699003.557179392,qc (and the one-time copy of the counts)
445.6063225492835,4.669349888,177.57990912,699003.557179392,qc (and the one-time copy of the counts)
446.1073371041566,4.465483776,177.783197696,699003.552006144,qc (and the one-time copy of the counts)
446.6083660759032,4.42028032,177.869541376,699003.552006144,qc (and the one-time copy of the counts)
447.1092724557966,4.74888192,177.539026944,699003.552006144,qc (and the one-time copy of the counts)
447.6100267339498,4.80669696,177.479643136,699003.552006144,qc (and the one-time copy of the counts)
448.11107864417136,4.791648256,177.486045184,699003.549483008,qc (and the one-time copy of the counts)
448.6122043412179,4.748582912,177.516355584,699003.549483008,qc (and the one-time copy of the counts)
449.11329204402864,4.468936704,177.787584512,699003.549483008,qc (and the one-time copy of the counts)
449.61470885016024,4.571799552,177.668595712,699003.549483008,qc (and the one-time copy of the counts)
450.11585338786244,4.468731904,177.766375424,699005.204893696,qc (and the one-time copy of the counts)
450.62005095742643,4.601155584,177.638744064,699005.204893696,qc (and the one-time copy of the counts)
451.1207646038383,4.911116288,177.384198144,699005.204893696,qc (and the one-time copy of the counts)
451.62146447598934,4.867395584,177.418272768,699005.204893696,qc (and the one-time copy of the counts)
452.122616071254,4.6185472,177.65947392,699005.253062656,qc (and the one-time copy of the counts)
452.6238316837698,4.507222016,177.76150528,699005.253062656,qc (and the one-time copy of the counts)
453.12471139244735,4.563054592,177.68986624,699005.253062656,qc (and the one-time copy of the counts)
453.62593721598387,4.528656384,177.71311104,699005.253062656,qc (and the one-time copy of the counts)
454.126958001405,4.469477376,177.761144832,699005.015117824,qc (and the one-time copy of the counts)
454.628127977252,4.509888512,177.714819072,699005.015117824,qc (and the one-time copy of the counts)
455.12938348576427,5.204860928,177.106669568,699005.015117824,qc (and the one-time copy of the counts)
455.63090546801686,4.796960768,177.507766272,699005.015117824,qc (and the one-time copy of the counts)
456.1317960564047,4.592144384,177.702043648,699004.913160192,qc (and the one-time copy of the counts)
456.6364532802254,5.113819136,177.183158272,699004.913160192,qc (and the one-time copy of the counts)
457.1379845365882,4.687347712,177.60622592,699004.913160192,qc (and the one-time copy of the counts)
457.63879685103893,4.647919616,177.636036608,699004.913160192,qc (and the one-time copy of the counts)
458.1395646519959,4.591714304,177.67862272,699005.250965504,qc (and the one-time copy of the counts)
458.6408105995506,4.812181504,177.44873472,699005.250965504,qc (and the one-time copy of the counts)
459.14162034727633,5.340176384,176.957349888,699005.250965504,qc (and the one-time copy of the counts)
459.6425431612879,5.213048832,177.089302528,699005.250965504,qc (and the one-time copy of the counts)
460.1436168253422,5.111681024,177.178075136,699005.442506752,qc (and the one-time copy of the counts)
460.6475618481636,4.592398336,177.7017856,699005.442506752,qc (and the one-time copy of the counts)
461.14871998876333,4.630581248,177.651621888,699005.442506752,qc (and the one-time copy of the counts)
461.64963643066585,4.637138944,177.637605376,699005.442506752,qc (and the one-time copy of the counts)
462.15090783312917,4.688887808,177.574670336,699005.803237376,qc (and the one-time copy of the counts)
462.6521505769342,4.652826624,177.595564032,699005.803237376,qc (and the one-time copy of the counts)
463.15292376466095,4.87391232,177.362157568,699005.803237376,qc (and the one-time copy of the counts)
463.6537153702229,4.771545088,177.524744192,699005.803237376,qc (and the one-time copy of the counts)
464.15484928898513,4.80618496,177.480019968,699005.80564992,qc (and the one-time copy of the counts)
464.6565400958061,4.80272384,177.4764032,699005.80564992,qc (and the one-time copy of the counts)
465.1574324257672,5.165010944,177.1004928,699005.80564992,qc (and the one-time copy of the counts)
465.6585726123303,5.298212864,176.97148928,699005.80564992,qc (and the one-time copy of the counts)
466.1594319213182,4.592611328,177.664761856,699005.805412352,qc (and the one-time copy of the counts)
466.6604477185756,4.592594944,177.654923264,699005.805412352,qc (and the one-time copy of the counts)
467.1629140973091,5.311930368,176.92479488,699005.805412352,qc (and the one-time copy of the counts)
467.6638932283968,5.419143168,176.870924288,699005.805412352,qc (and the one-time copy of the counts)
468.1646660864353,4.805431296,177.473236992,699005.803659264,qc (and the one-time copy of the counts)
468.66561256349087,4.592390144,177.675231232,699005.803659264,qc (and the one-time copy of the counts)
469.16652398929,4.592525312,177.666707456,699005.803659264,qc (and the one-time copy of the counts)
469.66768225468695,4.660539392,177.5915008,699005.803659264,qc (and the one-time copy of the counts)
470.1690698545426,5.186224128,177.049833472,699005.815943168,qc (and the one-time copy of the counts)
470.67393723130226,4.957700096,177.281245184,699005.815943168,qc (and the one-time copy of the counts)
471.1748404521495,5.251997696,176.98013184,699005.815943168,qc (and the one-time copy of the counts)
471.67563681304455,4.992823296,177.230848,699005.815943168,qc (and the one-time copy of the counts)
472.17672268114984,5.406502912,176.865693696,699005.816594432,qc (and the one-time copy of the counts)
472.6781232878566,4.861272064,177.43767552,699005.816594432,qc (and the one-time copy of the counts)
473.17899410426617,4.883963904,177.403600896,699005.816594432,qc (and the one-time copy of the counts)
473.6802312824875,5.042819072,177.236819968,699005.816594432,qc (and the one-time copy of the counts)
474.18180133216083,4.820303872,177.447530496,699005.903208448,qc (and the one-time copy of the counts)
474.68266319297254,4.592615424,177.664876544,699005.903208448,qc (and the one-time copy of the counts)
475.18367763608694,4.592615424,177.65369856,699005.903208448,qc (and the one-time copy of the counts)
475.6848581507802,4.592570368,177.64376576,699005.903208448,qc (and the one-time copy of the counts)
476.1865423209965,4.592615424,177.711419392,699005.895426048,qc (and the one-time copy of the counts)
476.6878421846777,4.665872384,177.627840512,699005.895426048,qc (and the one-time copy of the counts)
477.18879518285394,4.614254592,177.66762496,699005.895426048,qc (and the one-time copy of the counts)
477.68989789299667,4.592918528,177.682243584,699005.895426048,qc (and the one-time copy of the counts)
478.19090020284057,5.160009728,177.0998784,699005.911044096,qc (and the one-time copy of the counts)
478.69251519069076,4.847996928,177.403498496,699005.911044096,qc (and the one-time copy of the counts)
479.19392731413245,5.296672768,176.942514176,699005.911044096,qc (and the one-time copy of the counts)
479.6950454413891,5.353947136,176.87437312,699005.911044096,qc (and the one-time copy of the counts)
480.19585601612926,5.14861056,177.103126528,699005.947326464,qc (and the one-time copy of the counts)
480.6969235725701,4.75342848,177.565659136,699005.947326464,qc (and the one-time copy of the counts)
481.19760127551854,4.696363008,177.614491648,699005.947326464,qc (and the one-time copy of the counts)
481.6984467469156,4.928401408,177.375363072,699005.947326464,qc (and the one-time copy of the counts)
482.1993122603744,4.592381952,177.703624704,699005.993459712,qc (and the one-time copy of the counts)
482.7001807689667,5.08567552,177.198198784,699005.993459712,qc (and the one-time copy of the counts)
483.2010585963726,5.330604032,176.938897408,699005.993459712,qc (and the one-time copy of the counts)
483.7025387082249,5.46021376,176.800821248,699005.993459712,qc (and the one-time copy of the counts)
484.2040731627494,5.425709056,176.820854784,699006.1103104,qc (and the one-time copy of the counts)
484.70531832799315,5.218394112,177.084424192,699006.1103104,qc (and the one-time copy of the counts)
485.2063800599426,4.967047168,177.32468736,699006.1103104,qc (and the one-time copy of the counts)
485.7073452323675,4.987666432,177.296789504,699006.1103104,qc (and the one-time copy of the counts)
486.2082666698843,4.657135616,177.63473408,699006.105735168,qc (and the one-time copy of the counts)
486.70978365279734,4.720254976,177.55506688,699006.105735168,qc (and the one-time copy of the counts)
487.21069253608584,4.992258048,177.273683968,699006.105735168,qc (and the one-time copy of the counts)
487.7114927880466,4.91104256,177.344520192,699006.105735168,qc (and the one-time copy of the counts)
488.2120824921876,4.9155072,177.330737152,699006.103240704,qc (and the one-time copy of the counts)
488.7133612819016,4.592242688,177.707614208,699006.103240704,qc (and the one-time copy of the counts)
489.21458330750465,4.675145728,177.616519168,699006.103240704,qc (and the one-time copy of the counts)
489.71552098728716,4.622614528,177.66146048,699006.103240704,qc (and the one-time copy of the counts)
490.2163922972977,4.713480192,177.557864448,699006.128050176,qc (and the one-time copy of the counts)
490.7174992207438,4.717428736,177.557118976,699006.128050176,qc (and the one-time copy of the counts)
491.21832736954093,4.765282304,177.500311552,699006.128050176,qc (and the one-time copy of the counts)
491.71917215920985,4.934230016,177.31569664,699006.128050176,qc (and the one-time copy of the counts)
492.22009203583,5.095563264,177.137348608,699006.123393024,qc (and the one-time copy of the counts)
492.72116195596755,5.147344896,177.091534848,699006.123393024,qc (and the one-time copy of the counts)
493.2220642082393,5.076512768,177.240109056,699006.123393024,qc (and the one-time copy of the counts)
493.72313634492457,5.293658112,177.008316416,699006.123393024,qc (and the one-time copy of the counts)
494.2242967505008,5.192691712,177.096712192,699006.079123456,qc (and the one-time copy of the counts)
494.7257969882339,5.358465024,176.92416,699006.079123456,qc (and the one-time copy of the counts)
495.2271265760064,4.725669888,177.549340672,699006.079123456,qc (and the one-time copy of the counts)
495.7286886610091,4.879179776,177.38645504,699006.079123456,qc (and the one-time copy of the counts)
496.2296223323792,4.725850112,177.5230976,699006.04880896,qc (and the one-time copy of the counts)
496.73401964455843,4.778008576,177.479540736,699006.04880896,qc (and the one-time copy of the counts)
497.2347492687404,5.54164224,176.71092224,699006.04880896,qc (and the one-time copy of the counts)
497.735618557781,4.725645312,177.57046784,699006.04880896,qc (and the one-time copy of the counts)
498.23679315298796,4.899545088,177.381761024,699006.050086912,qc (and the one-time copy of the counts)
498.7381372805685,4.895125504,177.38031104,699006.050086912,qc (and the one-time copy of the counts)
499.2391313929111,4.956110848,177.3145088,699006.050086912,qc (and the one-time copy of the counts)
499.73999407701194,5.410861056,176.844173312,699006.050086912,qc (and the one-time copy of the counts)
500.24087076820433,5.29852416,176.944324608,699006.105985024,qc (and the one-time copy of the counts)
500.7421117220074,4.972777472,177.266786304,699006.105985024,qc (and the one-time copy of the counts)
501.2437166683376,4.916207616,177.38033152,699006.105985024,qc (and the one-time copy of the counts)
501.74510126560926,4.9952768,177.286524928,699006.105985024,qc (and the one-time copy of the counts)
502.24627122469246,5.147635712,177.12226304,699006.128418816,qc (and the one-time copy of the counts)
502.74786333180964,5.365825536,176.89341952,699006.128418816,qc (and the one-time copy of the counts)
503.2488820962608,4.725723136,177.522577408,699006.128418816,qc (and the one-time copy of the counts)
503.7498132083565,5.096464384,177.138266112,699006.128418816,qc (and the one-time copy of the counts)
504.25126187317073,4.922437632,177.307529216,699006.09789952,qc (and the one-time copy of the counts)
504.75506017915905,4.725547008,177.505173504,699006.09789952,qc (and the one-time copy of the counts)
505.2559992130846,4.725243904,177.49598208,699006.09789952,qc (and the one-time copy of the counts)
505.75685253180563,4.725346304,177.58574592,699006.09789952,qc (and the one-time copy of the counts)
506.2578355502337,4.779466752,177.526145024,699006.096183296,qc (and the one-time copy of the counts)
506.75981698930264,4.849119232,177.448046592,699006.096183296,qc (and the one-time copy of the counts)
507.2617306802422,5.59599616,176.691093504,699006.096183296,qc (and the one-time copy of the counts)
507.762662447989,5.113155584,177.163952128,699006.096183296,qc (and the one-time copy of the counts)
508.26378219760954,5.214732288,177.05109504,699006.099202048,qc (and the one-time copy of the counts)
508.76486600376666,4.725825536,177.533046784,699006.099202048,qc (and the one-time copy of the counts)
509.26596819609404,4.998836224,177.247588352,699006.099202048,qc (and the one-time copy of the counts)
509.76705394126475,4.844683264,177.472176128,699006.099202048,qc (and the one-time copy of the counts)
510.26806846261024,4.82588672,177.48625408,699006.11874816,qc (and the one-time copy of the counts)
510.7694509886205,4.895014912,177.404686336,699006.11874816,qc (and the one-time copy of the counts)
511.27036078460515,4.768120832,177.521012736,699006.11874816,qc (and the one-time copy of the counts)
511.77126996032894,4.760485888,177.52782848,699006.11874816,qc (and the one-time copy of the counts)
512.2721317578107,4.824580096,177.451384832,699006.111744,qc (and the one-time copy of the counts)
512.7735025230795,4.73669632,177.531129856,699006.111744,qc (and the one-time copy of the counts)
513.2747293133289,4.745064448,177.514635264,699006.111744,qc (and the one-time copy of the counts)
513.7756462041289,4.809596928,177.450389504,699006.111744,qc (and the one-time copy of the counts)
514.276695119217,4.860698624,177.441267712,699006.062841856,qc (and the one-time copy of the counts)
514.7779611218721,4.77431808,177.52080384,699006.062841856,qc (and the one-time copy of the counts)
515.2787718530744,4.824711168,177.458855936,699006.062841856,qc (and the one-time copy of the counts)
515.7796428129077,4.726083584,177.550184448,699006.062841856,qc (and the one-time copy of the counts)
516.2806356120855,4.746043392,177.520754688,699006.058090496,qc (and the one-time copy of the counts)
516.7816017773002,4.835229696,177.421017088,699006.058090496,qc (and the one-time copy of the counts)
517.28238029778,4.790337536,177.467490304,699006.058090496,qc (and the one-time copy of the counts)
517.7835997212678,4.766613504,177.481846784,699006.058090496,qc (and the one-time copy of the counts)
518.2843772862107,4.770369536,177.537298432,699006.044782592,qc (and the one-time copy of the counts)
518.785424657166,4.770369536,177.52745984,699006.044782592,qc (and the one-time copy of the counts)
519.2862817402929,4.770369536,177.520500736,699006.044782592,qc (and the one-time copy of the counts)
519.7873854283243,4.770369536,177.508057088,699006.044782592,qc (and the one-time copy of the counts)
520.2887246571481,4.779278336,177.489330176,699005.86285056,qc (and the one-time copy of the counts)
520.7899873368442,4.770369536,177.488470016,699005.86285056,qc (and the one-time copy of the counts)
521.290834184736,4.770369536,177.478283264,699005.86285056,qc (and the one-time copy of the counts)
521.7917774002999,4.799606784,177.437712384,699005.86285056,qc (and the one-time copy of the counts)
522.292647216469,4.781371392,177.523093504,699005.862432768,qc (and the one-time copy of the counts)
522.7936493437737,4.770369536,177.521758208,699005.862432768,qc (and the one-time copy of the counts)
523.2946484088898,4.770373632,177.5145984,699005.862432768,qc (and the one-time copy of the counts)
523.7955568600446,4.808757248,177.46632704,699005.862432768,qc (and the one-time copy of the counts)
524.2964144535363,4.800364544,177.466171392,699005.882376192,qc (and the one-time copy of the counts)
524.7975180801004,4.782731264,177.472376832,699005.882376192,qc (and the one-time copy of the counts)
525.298488041386,4.777115648,177.464303616,699005.882376192,qc (and the one-time copy of the counts)
525.7993276752532,4.826124288,177.409548288,699005.882376192,qc (and the one-time copy of the counts)
526.3003255520016,4.857823232,177.36572928,699005.875298304,qc (and the one-time copy of the counts)
526.8016895446926,4.874768384,177.432940544,699005.875298304,qc (and the one-time copy of the counts)
527.3028665501624,5.016113152,177.281548288,699005.875298304,qc (and the one-time copy of the counts)
527.8039733022451,5.031186432,177.25739008,699005.875298304,qc (and the one-time copy of the counts)
528.3047090563923,5.0190336,177.2614656,699005.876146176,qc (and the one-time copy of the counts)
528.8085575792938,4.912869376,177.366745088,699005.876146176,qc (and the one-time copy of the counts)
529.3092929441482,5.038497792,177.231273984,699005.876146176,qc (and the one-time copy of the counts)
529.8101002126932,5.152813056,177.105256448,699005.876146176,qc (and the one-time copy of the counts)
530.3112284522504,5.02427648,177.230282752,699005.901336576,qc (and the one-time copy of the counts)
530.8125583566725,5.046710272,177.264152576,699005.901336576,qc (and the one-time copy of the counts)
531.3138230964541,5.082161152,177.220644864,699005.901336576,qc (and the one-time copy of the counts)
531.8148547168821,5.38687488,176.906801152,699005.901336576,qc (and the one-time copy of the counts)
532.3158409725875,5.274537984,177.005592576,699005.881167872,qc (and the one-time copy of the counts)
532.8190872054547,5.134856192,177.145970688,699005.881167872,qc (and the one-time copy of the counts)
533.3199765067548,5.11944704,177.153601536,699005.881167872,qc (and the one-time copy of the counts)
533.8208593446761,5.065162752,177.195249664,699005.881167872,qc (and the one-time copy of the counts)
534.3217930570245,5.109325824,177.144283136,699005.846556672,qc (and the one-time copy of the counts)
534.8228348568082,5.109788672,177.175134208,699005.846556672,qc (and the one-time copy of the counts)
535.3236993011087,5.110157312,177.191170048,699005.846556672,qc (and the one-time copy of the counts)
535.8245629724115,5.078192128,177.21249792,699005.846556672,qc (and the one-time copy of the counts)
536.32541709207,5.129621504,177.153400832,699005.858459648,qc (and the one-time copy of the counts)
536.8265375494957,5.12978944,177.142321152,699005.858459648,qc (and the one-time copy of the counts)
537.3273679930717,5.129916416,177.13321984,699005.858459648,qc (and the one-time copy of the counts)
537.8282111138105,5.129965568,177.1326464,699005.858459648,qc (and the one-time copy of the counts)
538.3295190371573,5.13206272,177.121132544,699005.810290688,qc (and the one-time copy of the counts)
538.830767326057,5.082640384,177.15798016,699005.810290688,qc (and the one-time copy of the counts)
539.3315566834062,5.123907584,177.175576576,699005.810290688,qc (and the one-time copy of the counts)
539.8323572129011,5.127274496,177.161838592,699005.810290688,qc (and the one-time copy of the counts)
540.3332019634545,5.307904,176.967348224,699005.45527808,qc (and the one-time copy of the counts)
540.8342927806079,5.104627712,177.16056064,699005.45527808,qc (and the one-time copy of the counts)
541.3350236210972,5.35666688,176.897380352,699005.45527808,qc (and the one-time copy of the counts)
541.8362671379,5.310828544,176.934641664,699005.45527808,qc (and the one-time copy of the counts)
542.3369996249676,5.1881984,177.046233088,699005.32434944,qc (and the one-time copy of the counts)
542.8403833918273,5.158797312,177.075208192,699005.32434944,qc (and the one-time copy of the counts)
543.3412169720978,5.15155968,177.127550976,699005.32434944,qc (and the one-time copy of the counts)
543.8421095758677,5.133824,177.178677248,699005.32434944,qc (and the one-time copy of the counts)
544.3430787492543,5.162446848,177.139761152,699007.134646272,qc (and the one-time copy of the counts)
544.8441703207791,5.153030144,177.139417088,699007.134646272,qc (and the one-time copy of the counts)
545.3451150879264,5.320974336,176.95899648,699007.134646272,qc (and the one-time copy of the counts)
545.8458983078599,5.270716416,176.99639296,699007.134646272,qc (and the one-time copy of the counts)
546.3465287405998,5.133729792,177.12539648,699007.702540288,qc (and the one-time copy of the counts)
546.8475194368511,5.436956672,176.815218688,699007.702540288,qc (and the one-time copy of the counts)
547.3483622409403,5.217906688,177.0261504,699007.702540288,qc (and the one-time copy of the counts)
547.8490957412869,5.217906688,177.092489216,699007.702540288,qc (and the one-time copy of the counts)
548.3501170519739,5.218127872,177.083437056,699007.702540288,qc (and the one-time copy of the counts)
548.8515106216073,5.2265984,177.067544576,699007.702540288,qc (and the one-time copy of the counts)
549.352756747976,5.207519232,177.07538432,699007.702540288,qc (and the one-time copy of the counts)
549.8536613509059,5.199597568,177.069850624,699007.945633792,qc (and the one-time copy of the counts)
550.3549557570368,5.39654144,176.861171712,699007.945633792,qc (and the one-time copy of the counts)
550.8558176439255,5.199245312,177.04943616,699007.945633792,qc (and the one-time copy of the counts)
551.3569330852479,5.199634432,177.042317312,699007.945633792,qc (and the one-time copy of the counts)
551.8577174730599,5.224923136,177.074896896,699007.763378176,qc (and the one-time copy of the counts)
552.3587327133864,5.227454464,177.063399424,699007.763378176,qc (and the one-time copy of the counts)
552.8594392538071,5.200162816,177.087627264,699007.763378176,qc (and the one-time copy of the counts)
553.3602213412523,5.408489472,176.869851136,699007.763378176,qc (and the one-time copy of the counts)
553.8615844212472,5.303504896,176.96344064,699007.931404288,qc (and the one-time copy of the counts)
554.3630003072321,5.32338688,176.932110336,699007.931404288,qc (and the one-time copy of the counts)
554.8639074284583,5.318156288,176.923070464,699007.931404288,qc (and the one-time copy of the counts)
555.3648057933897,5.251694592,176.98318336,699007.931404288,qc (and the one-time copy of the counts)
555.8655732274055,5.25195264,176.980967424,699008.236335104,qc (and the one-time copy of the counts)
556.3664995059371,5.260562432,177.057714176,699008.236335104,qc (and the one-time copy of the counts)
556.8674801271409,5.252399104,177.054875648,699008.236335104,qc (and the one-time copy of the counts)
557.3683504853398,5.252632576,177.046081536,699008.236335104,qc (and the one-time copy of the counts)
557.8691368941218,5.252632576,177.035431936,699008.236335104,qc (and the one-time copy of the counts)
558.3727970886976,5.252632576,177.036713984,699008.236335104,qc (and the one-time copy of the counts)
558.8736632410437,5.252632576,177.025728512,699008.236335104,qc (and the one-time copy of the counts)
559.3745142649859,5.252632576,177.013293056,699008.236335104,qc (and the one-time copy of the counts)
559.8754174802452,5.269839872,176.989556736,699008.685821952,qc (and the one-time copy of the counts)
560.3766611404717,5.269839872,177.04923136,699008.685821952,qc (and the one-time copy of the counts)
560.8776214998215,5.269839872,177.034797056,699008.685821952,qc (and the one-time copy of the counts)
561.3784871846437,5.269942272,177.023991808,699008.685821952,qc (and the one-time copy of the counts)
561.8793205209076,5.269942272,177.017225216,699008.631136256,qc (and the one-time copy of the counts)
562.3804416842759,5.269942272,177.00960256,699008.631136256,qc (and the one-time copy of the counts)
562.8813041765243,5.269942272,176.99719168,699008.631136256,qc (and the one-time copy of the counts)
563.3821699172258,5.271310336,176.986775552,699008.631136256,qc (and the one-time copy of the counts)
563.8830440659076,5.271310336,176.99403776,699008.629485568,qc (and the one-time copy of the counts)
564.3842005133629,5.271310336,177.050963968,699008.629485568,qc (and the one-time copy of the counts)
564.885188229382,5.271310336,177.03954432,699008.629485568,qc (and the one-time copy of the counts)
565.3866247721016,5.271494656,177.0308608,699008.629485568,qc (and the one-time copy of the counts)
565.8881122618914,5.32146176,176.972099584,699009.29306624,qc (and the one-time copy of the counts)
566.3894005939364,5.384241152,176.899293184,699009.29306624,qc (and the one-time copy of the counts)
566.8904165420681,5.41026304,176.862715904,699009.29306624,qc (and the one-time copy of the counts)
567.3911503683776,5.477957632,176.784560128,699009.29306624,qc (and the one-time copy of the counts)
567.892271772027,5.451333632,176.79931392,699009.29306624,qc (and the one-time copy of the counts)
568.3933349251747,5.485432832,176.816390144,699009.29306624,qc (and the one-time copy of the counts)
568.8953390214592,5.518647296,176.781381632,699009.29306624,qc (and the one-time copy of the counts)
569.3968311715871,5.554720768,176.750256128,699009.29306624,qc (and the one-time copy of the counts)
569.8976198360324,5.496868864,176.799326208,699009.371652096,qc (and the one-time copy of the counts)
570.3986073452979,5.496868864,176.787546112,699009.371652096,qc (and the one-time copy of the counts)
570.8998141046613,5.496868864,176.779055104,699009.371652096,qc (and the one-time copy of the counts)
571.4006959199905,5.49687296,176.768249856,699009.371652096,qc (and the one-time copy of the counts)
571.9020836129785,5.49687296,176.758706176,699009.398771712,qc (and the one-time copy of the counts)
572.4033898878843,5.49687296,176.749518848,699009.398771712,qc (and the one-time copy of the counts)
572.9042994640768,5.49687296,176.811646976,699009.398771712,qc (and the one-time copy of the counts)
573.4051222968847,5.508575232,176.794939392,699009.398771712,qc (and the one-time copy of the counts)
573.9059271160513,5.508575232,176.781873152,699009.40519424,qc (and the one-time copy of the counts)
574.4096396118402,5.508575232,176.783060992,699009.40519424,qc (and the one-time copy of the counts)
574.9106853958219,5.508575232,176.77256704,699009.40519424,qc (and the one-time copy of the counts)
575.4115536212921,5.508575232,176.7650304,699009.40519424,qc (and the one-time copy of the counts)
575.9126501586288,5.508575232,176.750788608,699009.554456576,qc (and the one-time copy of the counts)
576.4138333294541,5.537452032,176.711340032,699009.554456576,qc (and the one-time copy of the counts)
576.9145745988935,5.542957056,176.76007424,699009.554456576,qc (and the one-time copy of the counts)
577.4153583832085,5.54387456,176.753143808,699009.554456576,qc (and the one-time copy of the counts)
577.9162276592106,5.54514432,176.739028992,699009.554456576,qc (and the one-time copy of the counts)
578.4172800909728,5.545930752,176.730935296,699009.554456576,qc (and the one-time copy of the counts)
578.9183367080986,5.562175488,176.701370368,699009.554456576,qc (and the one-time copy of the counts)
579.4191175922751,5.562191872,176.692232192,699009.554456576,qc (and the one-time copy of the counts)
579.9200169090182,5.57326336,176.670048256,699009.198219264,qc (and the one-time copy of the counts)
580.4242229554802,5.563592704,176.681746432,699009.198219264,qc (and the one-time copy of the counts)
580.9250031318516,5.563592704,176.691818496,699009.198219264,qc (and the one-time copy of the counts)
581.4259219653904,5.569568768,176.759824384,699009.198219264,qc (and the one-time copy of the counts)
581.9268698580563,5.581438976,176.735408128,699009.200607232,qc (and the one-time copy of the counts)
582.4283179007471,5.591384064,176.718196736,699009.200607232,qc (and the one-time copy of the counts)
582.9298967532814,5.550944256,176.746688512,699009.200607232,qc (and the one-time copy of the counts)
583.4310195241123,5.573701632,176.714006528,699009.200607232,qc (and the one-time copy of the counts)
583.9320103805512,5.573701632,176.70545408,699009.242730496,qc (and the one-time copy of the counts)
584.4330647792667,5.555965952,176.712511488,699009.242730496,qc (and the one-time copy of the counts)
584.9339791666716,5.565935616,176.688705536,699009.242730496,qc (and the one-time copy of the counts)
585.4349182285368,5.624721408,176.698281984,699009.242730496,qc (and the one-time copy of the counts)
585.9360171947628,5.611134976,176.699584512,699009.212547072,qc (and the one-time copy of the counts)
586.4371856153011,5.653213184,176.651567104,699009.212547072,qc (and the one-time copy of the counts)
586.9380855169147,5.664878592,176.630849536,699009.212547072,qc (and the one-time copy of the counts)
587.4388016164303,5.667303424,176.623149056,699009.212547072,qc (and the one-time copy of the counts)
587.939577428624,5.737046016,176.539693056,699009.212547072,qc (and the one-time copy of the counts)
588.4407663680613,5.74271488,176.523907072,699009.212547072,qc (and the one-time copy of the counts)
588.941512228921,5.73396992,176.526159872,699009.212547072,qc (and the one-time copy of the counts)
589.442187583074,5.736087552,176.592642048,699009.212547072,qc (and the one-time copy of the counts)
589.9433823414147,5.73730816,176.579923968,699009.285648384,qc (and the one-time copy of the counts)
590.4444427117705,5.73730816,176.56778752,699009.285648384,qc (and the one-time copy of the counts)
590.9453295953572,5.73913088,176.5577728,699009.285648384,qc (and the one-time copy of the counts)
591.4461864344776,5.74070784,176.544149504,699009.285648384,qc (and the one-time copy of the counts)
591.9473604988307,5.740716032,176.53182464,699009.202966528,qc (and the one-time copy of the counts)
592.4484409242868,5.740724224,176.523870208,699009.202966528,qc (and the one-time copy of the counts)
592.9495284650475,5.741617152,176.514023424,699009.202966528,qc (and the one-time copy of the counts)
593.4505348987877,5.744070656,176.558526464,699009.202966528,qc (and the one-time copy of the counts)
593.9514503479004,5.739229184,176.559996928,699009.04728576,qc (and the one-time copy of the counts)
594.4526046253741,5.724872704,176.569905152,699009.04728576,qc (and the one-time copy of the counts)
594.9537239093333,5.724872704,176.573812736,699009.04728576,qc (and the one-time copy of the counts)
595.4545923769474,5.724872704,176.563519488,699009.04728576,qc (and the one-time copy of the counts)
595.9554098770022,5.724872704,176.552824832,699008.490835968,qc (and the one-time copy of the counts)
596.4564808681607,5.724872704,176.54450176,699008.490835968,qc (and the one-time copy of the counts)
596.9577348567545,5.724872704,176.533213184,699008.490835968,qc (and the one-time copy of the counts)
597.4591098502278,5.724872704,176.525746176,699008.490835968,qc (and the one-time copy of the counts)
597.9602759350091,5.724872704,176.580673536,699008.490835968,qc (and the one-time copy of the counts)
598.4612944759429,5.737484288,176.561688576,699008.490835968,qc (and the one-time copy of the counts)
598.9620516244322,5.724872704,176.56111104,699008.490835968,qc (and the one-time copy of the counts)
599.4629023615271,5.724872704,176.552312832,699008.490835968,qc (and the one-time copy of the counts)
599.9638758040965,5.724872704,176.55709696,699008.027308032,qc (and the one-time copy of the counts)
600.4649962931871,5.724872704,176.546562048,699008.027308032,qc (and the one-time copy of the counts)
600.96630772762,5.724872704,176.534347776,699008.027308032,qc (and the one-time copy of the counts)
601.4677659012377,5.724872704,176.526577664,699008.027308032,qc (and the one-time copy of the counts)
601.9690199550241,5.724872704,176.584605696,699007.840505856,qc (and the one-time copy of the counts)
602.4703197292984,5.76622592,176.535441408,699007.840505856,qc (and the one-time copy of the counts)
602.9713561199605,5.804310528,176.483606528,699007.840505856,qc (and the one-time copy of the counts)
603.4725065641105,5.849014272,176.427323392,699007.840505856,qc (and the one-time copy of the counts)
603.9735626261681,5.891846144,176.376213504,699007.323373568,qc (and the one-time copy of the counts)
604.4745739884675,5.863763968,176.389689344,699007.323373568,qc (and the one-time copy of the counts)
604.9754818733782,5.997576192,176.24313856,699007.323373568,qc (and the one-time copy of the counts)
605.4764707610011,5.850324992,176.395096064,699007.323373568,qc (and the one-time copy of the counts)
605.977414470166,5.850845184,176.452517888,699005.916803072,qc (and the one-time copy of the counts)
606.4785429686308,5.880332288,176.41654272,699005.916803072,qc (and the one-time copy of the counts)
606.9795123077929,5.880332288,176.405143552,699005.916803072,qc (and the one-time copy of the counts)
607.4807176981121,5.880774656,176.397545472,699005.916803072,qc (and the one-time copy of the counts)
607.9821254685521,5.893615616,176.373010432,699005.916803072,qc (and the one-time copy of the counts)
608.4833382274956,5.897916416,176.359542784,699005.916803072,qc (and the one-time copy of the counts)
608.9843066763133,5.898010624,176.348114944,699005.916803072,qc (and the one-time copy of the counts)
609.485346024856,5.898010624,176.340267008,699005.916803072,qc (and the one-time copy of the counts)
609.9861301202327,5.898010624,176.374075392,699005.075759104,qc (and the one-time copy of the counts)
610.4871396031231,5.92125952,176.373301248,699005.075759104,qc (and the one-time copy of the counts)
610.9880118332803,5.898366976,176.382214144,699005.075759104,qc (and the one-time copy of the counts)
611.4899266120046,5.924651008,176.346587136,699005.075759104,qc (and the one-time copy of the counts)
611.9910793229938,6.065287168,176.201916416,699004.918083584,qc (and the one-time copy of the counts)
612.4926705304533,6.099279872,176.152215552,699004.918083584,qc (and the one-time copy of the counts)
612.9937183968723,5.986246656,176.25237504,699004.918083584,qc (and the one-time copy of the counts)
613.4945702683181,5.9333632,176.295202816,699004.918083584,qc (and the one-time copy of the counts)
613.9954100120813,5.933613056,176.284295168,699004.870516736,qc (and the one-time copy of the counts)
614.4965161159635,5.93588224,176.374657024,699004.870516736,qc (and the one-time copy of the counts)
614.9974810127169,6.071754752,176.233152512,699004.870516736,qc (and the one-time copy of the counts)
615.4986927043647,6.496124928,175.79984896,699004.870516736,qc (and the one-time copy of the counts)
615.999882761389,6.06550016,176.218243072,699004.617752576,qc (and the one-time copy of the counts)
616.5014928244054,6.042279936,176.231088128,699004.617752576,qc (and the one-time copy of the counts)
617.0024179872125,6.002987008,176.259219456,699004.617752576,qc (and the one-time copy of the counts)
617.5032890439034,6.06885888,176.18266112,699004.617752576,qc (and the one-time copy of the counts)
618.0040765553713,6.044864512,176.199704576,699004.617752576,qc (and the one-time copy of the counts)
618.5052627120167,6.087487488,176.213450752,699004.617752576,qc (and the one-time copy of the counts)
619.0062632039189,6.095486976,176.192176128,699004.617752576,qc (and the one-time copy of the counts)
619.5074275415391,6.095593472,176.181035008,699004.617752576,qc (and the one-time copy of the counts)
620.0083068534732,6.095593472,176.17084416,699004.147359744,qc (and the one-time copy of the counts)
620.5120383687317,6.0653568,176.200368128,699004.147359744,qc (and the one-time copy of the counts)
621.0128937028348,6.099402752,176.15323136,699004.147359744,qc (and the one-time copy of the counts)
621.513738354668,6.099664896,176.144031744,699004.147359744,qc (and the one-time copy of the counts)
622.0150604248047,6.195204096,176.038621184,699004.0393728,qc (and the one-time copy of the counts)
622.5164679009467,6.130950144,176.158470144,699004.0393728,qc (and the one-time copy of the counts)
623.0176460985094,6.133968896,176.17676288,699004.0393728,qc (and the one-time copy of the counts)
623.5186866223812,6.133968896,176.169979904,699004.0393728,qc (and the one-time copy of the counts)
624.0195390153676,6.133968896,176.158285824,699003.93998336,qc (and the one-time copy of the counts)
624.5205602925271,6.133968896,176.16156672,699003.93998336,qc (and the one-time copy of the counts)
625.0213467571884,6.133968896,176.146046976,699003.93998336,qc (and the one-time copy of the counts)
625.5220164712518,6.110838784,176.15915008,699003.93998336,qc (and the one-time copy of the counts)
626.0227256882936,6.095437824,176.163864576,699003.623501824,qc (and the one-time copy of the counts)
626.5238631293178,6.072430592,176.177086464,699003.623501824,qc (and the one-time copy of the counts)
627.0246498566121,6.07287296,176.2327552,699003.623501824,qc (and the one-time copy of the counts)
627.5256421454251,6.0975104,176.20228096,699003.623501824,qc (and the one-time copy of the counts)
628.0265719071031,6.09769472,176.186748928,699003.623501824,qc (and the one-time copy of the counts)
628.5277504380792,6.097702912,176.17844224,699003.623501824,qc (and the one-time copy of the counts)
629.0286605134606,6.098481152,176.166957056,699003.623501824,qc (and the one-time copy of the counts)
629.5298249963671,6.164754432,176.09433088,699003.623501824,qc (and the one-time copy of the counts)
630.0308632738888,6.13625856,176.107900928,699002.96103936,qc (and the one-time copy of the counts)
630.5353452526033,6.136348672,176.113483776,699002.96103936,qc (and the one-time copy of the counts)
631.0360967069864,6.13648384,176.150913024,699002.96103936,qc (and the one-time copy of the counts)
631.53744392097,6.136553472,176.16019456,699002.96103936,qc (and the one-time copy of the counts)
632.0384077448398,6.07363072,176.208068608,699002.578735104,qc (and the one-time copy of the counts)
632.5395064335316,6.125789184,176.143003648,699002.578735104,qc (and the one-time copy of the counts)
633.0404350031167,6.47794688,175.780831232,699002.578735104,qc (and the one-time copy of the counts)
633.541384505108,6.158565376,176.093806592,699002.578735104,qc (and the one-time copy of the counts)
634.0423414092511,6.18665984,176.052969472,699002.482966528,qc (and the one-time copy of the counts)
634.5433800239116,6.18665984,176.049995776,699002.482966528,qc (and the one-time copy of the counts)
635.0440549645573,6.132047872,176.115167232,699002.482966528,qc (and the one-time copy of the counts)
635.54479191266,6.17525248,176.118480896,699002.482966528,qc (and the one-time copy of the counts)
636.0457917544991,6.175440896,176.1017856,699000.9764864,qc (and the one-time copy of the counts)
636.5473512317985,6.131871744,176.13912064,699000.9764864,qc (and the one-time copy of the counts)
637.0487987641245,6.21697024,176.042160128,699000.9764864,qc (and the one-time copy of the counts)
637.5495630260557,6.196273152,176.055578624,699000.9764864,qc (and the one-time copy of the counts)
638.0506795346737,6.192533504,176.046170112,699000.9764864,qc (and the one-time copy of the counts)
638.5518790483475,6.216495104,176.011137024,699000.9764864,qc (and the one-time copy of the counts)
639.0527556184679,6.211055616,176.005865472,699000.9764864,qc (and the one-time copy of the counts)
639.5536102205515,6.218223616,176.086863872,699000.9764864,qc (and the one-time copy of the counts)
640.05438019149,6.235881472,176.070541312,699000.47788032,qc (and the one-time copy of the counts)
640.555573085323,6.265769984,176.032739328,699000.47788032,qc (and the one-time copy of the counts)
641.0565159302205,6.319259648,175.970197504,699000.47788032,qc (and the one-time copy of the counts)
641.5573003087193,6.322962432,175.958663168,699000.47788032,qc (and the one-time copy of the counts)
642.0583266280591,6.345437184,175.927115776,699000.133505024,qc (and the one-time copy of the counts)
642.5596793033183,6.556442624,175.710605312,699000.133505024,qc (and the one-time copy of the counts)
643.0565711203963,3.417997312,178.853064704,699000.133505024,qc (and the one-time copy of the counts)
643.0572941452265,3.417997312,178.853064704,699000.133505024,normalize
643.0605813153088,3.417997312,178.854096896,699000.133505024,normalize
643.561503963545,3.428950016,178.864398336,699000.133505024,normalize
644.062485171482,3.376984064,178.942496768,699000.040534016,normalize
644.5636228006333,3.389800448,178.920116224,699000.040534016,normalize
645.0645394381136,3.373019136,178.924957696,699000.040534016,normalize
645.5657391548157,3.374923776,178.926276608,699000.040534016,normalize
646.0671885721385,3.530203136,178.7588608,698999.660593152,normalize
646.5684272851795,3.375149056,178.905350144,698999.660593152,normalize
647.069207733497,3.37543168,178.896248832,698999.660593152,normalize
647.5700730998069,3.37543168,178.88567296,698999.660593152,normalize
648.0709279999137,3.41069824,178.90863104,698999.660593152,normalize
648.5719624869525,3.555037184,178.751950848,698999.660593152,normalize
649.072919845581,3.417120768,178.88344064,698999.660593152,normalize
649.5737982112914,3.417120768,178.872823808,698999.660593152,normalize
650.0746859572828,3.421057024,178.872631296,698999.207776256,normalize
650.5756910610944,3.421057024,178.862882816,698999.207776256,normalize
651.07660157606,3.421057024,178.855378944,698999.207776256,normalize
651.5775036178529,3.421057024,178.844831744,698999.207776256,normalize
652.078521065414,3.423154176,178.902073344,698998.90061312,normalize
652.5796452127397,3.423154176,178.890027008,698998.90061312,normalize
653.0805593132973,3.423154176,178.879291392,698998.90061312,normalize
653.5815317686647,3.423154176,178.8678144,698998.90061312,normalize
654.0829768870026,3.423154176,178.854547456,698998.807220224,normalize
654.5844655968249,3.424129024,178.844246016,698998.807220224,normalize
655.085512040183,3.424129024,178.842750976,698998.807220224,normalize
655.5864477530122,3.424129024,178.831118336,698998.807220224,normalize
656.0872038174421,3.424129024,178.827943936,698998.366154752,normalize
656.5884278323501,3.424129024,178.872881152,698998.366154752,normalize
657.0895316563547,3.424129024,178.865078272,698998.366154752,normalize
657.5905528366566,3.424129024,178.856341504,698998.366154752,normalize
658.0915806982666,3.424129024,178.844123136,698998.366154752,normalize
658.5925244130194,3.426226176,178.828050432,698998.366154752,normalize
659.0933083165437,3.426226176,178.818973696,698998.366154752,normalize
659.593933949247,3.426226176,178.808557568,698998.366154752,normalize
660.0947064608335,3.426226176,178.80086528,698997.904932864,normalize
660.5988211091608,3.426226176,178.898579456,698997.904932864,normalize
661.1002906728536,3.426226176,178.88837632,698997.904932864,normalize
661.6013521365821,3.426230272,178.880692224,698997.904932864,normalize
662.1026258412749,3.433156608,178.861522944,698997.588881408,normalize
662.6044025197625,3.433156608,178.848694272,698997.588881408,normalize
663.1054767891765,3.39806208,178.870042624,698997.588881408,normalize
663.6065772213042,3.37944576,178.880651264,698997.588881408,normalize
664.1072998847812,3.37963008,178.869919744,698997.565513728,normalize
664.6082931030542,3.37963008,178.85865984,698997.565513728,normalize
665.1097488962114,3.381727232,178.914320384,698997.565513728,normalize
665.6110471729189,3.435757568,178.846199808,698997.565513728,normalize
666.1119706407189,3.435757568,178.849939456,698997.753004032,normalize
666.6131066847593,3.435757568,178.840047616,698997.753004032,normalize
667.1140742450953,3.435757568,178.829836288,698997.753004032,normalize
667.6151630319655,3.435757568,178.81888768,698997.753004032,normalize
668.1160455010831,3.435757568,178.8027904,698997.753004032,normalize
668.6172842644155,3.435757568,178.79676928,698997.753004032,normalize
669.1182995811105,3.435757568,178.880065536,698997.753004032,normalize
669.6191402412951,3.435757568,178.870665216,698997.753004032,normalize
670.1200568042696,3.435757568,178.857725952,698997.931421696,normalize
670.6235690806061,3.435757568,178.85990912,698997.931421696,normalize
671.124249568209,3.435757568,178.847973376,698997.931421696,normalize
671.6250250730664,3.43785472,178.831253504,698997.931421696,normalize
672.1262270081788,3.43785472,178.82230784,698997.624287232,normalize
672.6273530200124,3.437862912,178.812542976,698997.624287232,normalize
673.1282095722854,3.437862912,178.845974528,698997.624287232,normalize
673.6291997935623,3.437862912,178.856607744,698997.624287232,normalize
674.1303877849132,3.4378752,178.845339648,698997.355245568,normalize
674.6318507809192,3.4378752,178.837762048,698997.355245568,normalize
675.1327353809029,3.383844864,178.878722048,698997.355245568,normalize
675.6336251664907,3.415248896,178.843697152,698997.355245568,normalize
676.1345384530723,3.41547008,178.832740352,698996.771135488,normalize
676.6357428655028,3.41547008,178.825854976,698996.771135488,normalize
677.1365574840456,3.41547008,178.81186304,698996.771135488,normalize
677.637629089877,3.41547008,178.901491712,698996.771135488,normalize
678.1391985844821,3.417567232,178.887041024,698996.771135488,normalize
678.6409306935966,3.435966464,178.861821952,698996.771135488,normalize
679.1422171965241,3.433869312,178.854834176,698996.771135488,normalize
679.6431347951293,3.542962176,178.729357312,698996.771135488,normalize
680.1441785413772,3.828703232,178.426044416,698997.39920384,normalize
680.6490030307323,4.234104832,178.025517056,698997.39920384,normalize
681.1505152098835,3.385946112,178.782134272,698997.39920384,normalize
681.6514865327626,3.897024512,178.399322112,698997.39920384,normalize
682.1525502465665,3.42536192,178.85939712,698997.706334208,normalize
682.6539258565754,3.415568384,178.863755264,698997.706334208,normalize
683.1548703722656,3.823763456,178.437206016,698997.706334208,normalize
683.6560198441148,4.051079168,178.199392256,698997.706334208,normalize
684.1574742272496,3.485499392,178.745683968,698997.193388032,normalize
684.6584683731198,3.385946112,178.84137472,698997.193388032,normalize
685.1600592322648,3.385946112,178.830471168,698997.193388032,normalize
685.6609667632729,3.385946112,178.837663744,698997.193388032,normalize
686.1622304301709,3.836268544,178.466115584,698995.364438016,normalize
686.6638234723359,4.163821568,178.126352384,698995.364438016,normalize
687.164812989533,3.385946112,178.88608256,698995.364438016,normalize
687.6658077575266,3.385946112,178.878345216,698995.364438016,normalize
688.1670213323087,3.425705984,178.826768384,698995.364438016,normalize
688.6681978330016,3.687251968,178.548543488,698995.364438016,normalize
689.1693168375641,3.941425152,178.28022272,698995.364438016,normalize
689.6708618886769,3.570188288,178.638446592,698995.364438016,normalize
690.1721787005663,3.386023936,178.91319808,698995.653582848,normalize
690.6761326491833,3.388121088,178.909548544,698995.653582848,normalize
691.1770345158875,3.427950592,178.85663232,698995.653582848,normalize
691.6782046183944,3.725320192,178.549317632,698995.653582848,normalize
692.1790882125497,4.110000128,178.152050688,698995.626508288,normalize
692.6806679125875,4.069400576,178.139234304,698995.626508288,normalize
693.1815600208938,3.388121088,178.845212672,698995.626508288,normalize
693.6825340446085,3.388121088,178.83815936,698995.626508288,normalize
694.1832103040069,3.432144896,178.841223168,698995.567218688,normalize
694.6845250725746,3.931992064,178.367873024,698995.567218688,normalize
695.1861539930105,4.083310592,178.201485312,698995.567218688,normalize
695.6879228204489,3.388121088,178.888474624,698995.567218688,normalize
696.1887329984456,3.388121088,178.889945088,698995.182051328,normalize
696.6898723654449,3.388121088,178.875498496,698995.182051328,normalize
697.1907711438835,3.674406912,178.573152256,698995.182051328,normalize
697.6916401702911,3.921453056,178.319044608,698995.182051328,normalize
698.192523509264,3.80655616,178.415198208,698995.182051328,normalize
698.6939618047327,3.388121088,178.921394176,698995.182051328,normalize
699.1951682884246,3.388121088,178.910081024,698995.182051328,normalize
699.696189019829,3.388121088,178.902802432,698995.182051328,normalize
700.1974710933864,3.388121088,178.899533824,698994.8838912,normalize
700.6995599605143,3.584425984,178.686795776,698994.8838912,normalize
701.200540645048,3.91860224,178.341486592,698994.8838912,normalize
701.7017196174711,4.113842176,178.139078656,698994.8838912,normalize
702.2027045562863,3.388121088,178.848866304,698995.006308352,normalize
702.704443814233,3.427627008,178.865250304,698995.006308352,normalize
703.2058774195611,3.413807104,178.864656384,698995.006308352,normalize
703.7068183775991,3.823128576,178.446286848,698995.006308352,normalize
704.2082208599895,4.0787968,178.177683456,698994.861428736,normalize
704.709831180051,3.817033728,178.426359808,698994.861428736,normalize
705.2118075732142,3.929694208,178.301878272,698994.861428736,normalize
705.7130111996084,3.39021824,178.831208448,698994.861428736,normalize
706.2140537966043,3.39021824,178.832396288,698995.914637312,normalize
706.7150592654943,3.39021824,178.84207104,698995.914637312,normalize
707.2159323580563,3.69723392,178.602061824,698995.914637312,normalize
707.7170050758868,3.972644864,178.317029376,698995.914637312,normalize
708.2184607889503,4.064382976,178.215047168,698995.914637312,normalize
708.7195211574435,3.39021824,178.87363072,698995.914637312,normalize
709.2206942941993,3.450281984,178.799747072,698995.914637312,normalize
709.7218507807702,3.386068992,178.860363776,698995.914637312,normalize
710.2227818854153,3.43314432,178.80516608,698995.88069376,normalize
710.7238285541534,3.62512384,178.613383168,698995.88069376,normalize
711.2248440850526,3.38546688,178.94332416,698995.88069376,normalize
711.7257542535663,3.427004416,178.892038144,698995.88069376,normalize
712.2268525566906,3.411234816,178.901762048,698995.88929536,normalize
712.7298569027334,3.411402752,178.893242368,698995.88929536,normalize
713.2313299402595,3.411402752,178.884972544,698995.88929536,normalize
713.7323267571628,3.413499904,178.873769984,698995.88929536,normalize
714.2330335490406,3.413499904,178.863878144,698995.82818304,normalize
714.7340097799897,3.413499904,178.858221568,698995.82818304,normalize
715.2349373325706,3.413499904,178.884022272,698995.82818304,normalize
715.736378012225,3.413499904,178.875691008,698995.82818304,normalize
716.2375813648105,3.413499904,178.880065536,698995.73600256,normalize
716.7387707047164,3.413499904,178.872532992,698995.73600256,normalize
717.2396346423775,3.413499904,178.864979968,698995.73600256,normalize
717.7403903175145,3.413499904,178.857836544,698995.73600256,normalize
718.2410837244242,3.413499904,178.851352576,698995.73600256,normalize
718.7420517895371,3.415597056,178.8409856,698995.73600256,normalize
719.2427737321705,3.415597056,178.869460992,698995.73600256,normalize
719.7435626853257,3.415597056,178.886782976,698995.73600256,normalize
720.2444678861648,3.420991488,178.872127488,698995.233599488,normalize
720.7455267962068,3.420991488,178.862759936,698995.233599488,normalize
721.2463962789625,3.464966144,178.81315328,698995.233599488,normalize
721.7473768163472,3.392352256,178.883846144,698995.233599488,normalize
722.2483290042728,3.392610304,178.873823232,698995.08701184,normalize
722.7493539191782,3.450478592,178.807128064,698995.08701184,normalize
723.2500524800271,3.95874304,178.286743552,698995.08701184,normalize
723.7510792128742,3.432247296,178.867724288,698995.08701184,normalize
724.2521409317851,3.432247296,178.856476672,698995.047161856,normalize
724.7531846724451,3.434344448,178.84585984,698995.047161856,normalize
725.2541145570576,3.423236096,178.847490048,698995.047161856,normalize
725.7552224770188,3.455414272,178.803806208,698995.047161856,normalize
726.2567223329097,3.39638272,178.852941824,698994.60272128,normalize
726.7614720650017,3.396288512,178.856411136,698994.60272128,normalize
727.2627240959555,3.396304896,178.845503488,698994.60272128,normalize
727.7637219447643,3.39591168,178.931441664,698994.60272128,normalize
728.2654018569738,3.424256,178.894565376,698994.60272128,normalize
728.7667439170182,3.442638848,178.87021056,698994.60272128,normalize
729.2677468806505,3.39615744,178.900410368,698994.60272128,normalize
729.7687897644937,3.437891584,178.851405824,698994.60272128,normalize
730.269673736766,3.396243456,178.884583424,698994.51439104,normalize
730.7709675766528,3.396210688,178.881171456,698994.51439104,normalize
731.2727104797959,3.52960512,178.737881088,698994.51439104,normalize
731.7737181019038,3.39638272,178.89128448,698994.51439104,normalize
732.2745990585536,3.446976512,178.870095872,698994.409750528,normalize
732.7757023461163,3.398033408,178.909241344,698994.409750528,normalize
733.2767087370157,3.398479872,178.8973056,698994.409750528,normalize
733.7776876688004,3.398479872,178.890022912,698994.409750528,normalize
734.2789324130863,3.398336512,178.877292544,698994.029510656,normalize
734.7805841360241,3.397890048,178.86724096,698994.029510656,normalize
735.2814947739244,3.397971968,178.855284736,698994.029510656,normalize
735.7826130911708,3.635744768,178.611310592,698994.029510656,normalize
736.2835062518716,3.397808128,178.917773312,698992.050040832,normalize
736.7844598405063,3.39781632,178.904338432,698992.050040832,normalize
737.285407608375,3.469910016,178.824036352,698992.050040832,normalize
737.7863243445754,3.662286848,178.621145088,698992.050040832,normalize
738.2870977632701,3.422859264,178.852696064,698992.050040832,normalize
738.7880333550274,3.517145088,178.742718464,698992.050040832,normalize
739.2887239083648,3.528712192,178.720907264,698992.050040832,normalize
739.7895123250782,3.674497024,178.56561152,698992.050040832,normalize
740.2902280073613,3.398250496,178.903392256,698992.48959488,normalize
740.7913896087557,3.476115456,178.815062016,698992.48959488,normalize
741.2925509121269,3.842756608,178.437722112,698992.48959488,normalize
741.7936917245388,3.781373952,178.493558784,698992.48959488,normalize
742.2947927042842,3.567439872,178.715348992,698992.73525248,normalize
742.7963513676077,3.906265088,178.358419456,698992.73525248,normalize
743.2972110342234,3.842301952,178.414440448,698992.73525248,normalize
743.7980512529612,3.421003776,178.831982592,698992.73525248,normalize
744.2989009656012,3.58957056,178.659950592,698992.754016256,normalize
744.7999467197806,3.400577024,178.893811712,698992.754016256,normalize
745.3008549083024,3.40056064,178.8853248,698992.754016256,normalize
745.8017703294754,3.456937984,178.821545984,698992.754016256,normalize
746.3031465448439,3.400695808,178.870448128,698992.714686464,normalize
746.804593404755,3.431370752,178.825924608,698992.714686464,normalize
747.3055127318949,3.841880064,178.40508928,698992.714686464,normalize
747.8068021163344,4.34245632,177.892380672,698992.714686464,normalize
748.308092776686,4.158554112,178.060947456,698992.714686464,normalize
748.8092768508941,3.670151168,178.598457344,698992.714686464,normalize
749.3107088766992,3.51799296,178.777104384,698992.714686464,normalize
749.8123214170337,3.58793216,178.709757952,698992.714686464,normalize
750.3135294597596,3.452116992,178.83693056,698992.308453376,normalize
750.8150870148093,3.400708096,178.8814336,698992.308453376,normalize
751.315986212343,3.40043776,178.871693312,698992.308453376,normalize
751.8167951107025,3.400708096,178.858930176,698992.308453376,normalize
752.3177929855883,3.400708096,178.84848128,698992.189865984,normalize
752.8190092258155,3.717967872,178.530381824,698992.189865984,normalize
753.3198871407658,3.51879168,178.780340224,698992.189865984,normalize
753.8207564130425,3.715760128,178.570231808,698992.189865984,normalize
754.3216613903642,3.423268864,178.847793152,698992.228913152,normalize
754.8254925049841,3.400708096,178.87442944,698992.228913152,normalize
755.3265046011657,3.400708096,178.862678016,698992.228913152,normalize
755.8274105638266,3.400708096,178.849968128,698992.228913152,normalize
756.3283333107829,3.4002944,178.83836416,698992.51232768,normalize
756.8296795692295,3.445723136,178.789384192,698992.51232768,normalize
757.3307187370956,3.68457728,178.63919616,698992.51232768,normalize
757.8313432373106,4.1598976,178.150981632,698992.51232768,normalize
758.3324338179082,3.402694656,178.899083264,698992.51232768,normalize
758.8339081611484,3.402563584,178.88770048,698992.51232768,normalize
759.334777476266,3.434262528,178.857361408,698992.51232768,normalize
759.8356993347406,3.79652096,178.479579136,698992.51232768,normalize
760.347851196304,3.954663424,178.308120576,698992.3255296,normalize
760.8493643496186,4.111970304,178.139291648,698992.3255296,normalize
761.3504319768399,3.858849792,178.423627776,698992.3255296,normalize
761.8517318386585,3.493711872,178.804277248,698992.388788224,normalize
762.3528838455677,3.402805248,178.88278528,698992.388788224,normalize
762.8538907580078,3.402805248,178.875162624,698992.388788224,normalize
763.3548089079559,3.640578048,178.621448192,698992.388788224,normalize
763.8557921759784,3.952553984,178.301472768,698992.335630336,normalize
764.3569366093725,3.963265024,178.2877184,698992.335630336,normalize
764.857912633568,3.645140992,178.599514112,698992.335630336,normalize
765.3588011879474,3.444412416,178.794696704,698992.335630336,normalize
765.8596674799919,3.628744704,178.665136128,698992.320622592,normalize
766.3610471300781,3.512037376,178.77250048,698992.320622592,normalize
766.8625781908631,3.402522624,178.87289344,698992.320622592,normalize
767.3640948776156,3.402805248,178.86007296,698992.320622592,normalize
767.8647410813719,3.402805248,178.850435072,698992.235077632,normalize
768.3665842432529,3.402797056,178.837475328,698992.235077632,normalize
768.8674366567284,3.402805248,178.82529792,698992.235077632,normalize
769.3683106321841,3.443265536,178.776375296,698992.235077632,normalize
769.8690869249403,3.997970432,178.300092416,698991.764381696,normalize
770.3707938957959,3.710603264,178.599534592,698991.764381696,normalize
770.8720578327775,3.568848896,178.734886912,698991.764381696,normalize
771.3730334490538,3.466276864,178.829623296,698991.764381696,normalize
771.8739094920456,3.46650624,178.823667712,698991.686295552,normalize
772.3749399799854,3.46650624,178.818347008,698991.686295552,normalize
772.8760483693331,3.46650624,178.806398976,698991.686295552,normalize
773.3772032279521,3.742343168,178.518491136,698991.686295552,normalize
773.878044296056,3.61299968,178.670682112,698991.505063936,normalize
774.3800009321421,4.190437376,178.116378624,698991.505063936,normalize
774.881276467815,3.97707264,178.32118272,698991.505063936,normalize
775.3821019642055,3.882586112,178.417225728,698991.505063936,normalize
775.8828605487943,3.431419904,178.862698496,698990.141329408,normalize
776.3844408169389,3.44516608,178.837553152,698990.141329408,normalize
776.8853283766657,3.404251136,178.867961856,698990.141329408,normalize
777.386157874018,3.45511936,178.810396672,698990.141329408,normalize
777.8872241210192,3.4049024,178.844176384,698990.141329408,normalize
778.3882972914726,3.42581248,178.883321856,698990.141329408,normalize
778.8895801920444,3.442642944,178.857119744,698990.141329408,normalize
779.3915223293006,3.572391936,178.714177536,698990.141329408,normalize
779.8933533169329,3.543457792,178.73590272,698989.911273472,normalize
780.3980211652815,3.84339968,178.437025792,698989.911273472,normalize
780.8992651011795,3.775787008,178.49602048,698989.911273472,normalize
781.4006970133632,3.7823488,178.474774528,698989.911273472,normalize
781.9016546849161,3.450249216,178.803187712,698990.35707392,normalize
782.402962597087,3.986579456,178.317627392,698990.35707392,normalize
782.9040849246085,3.957239808,178.335678464,698990.35707392,normalize
783.4056666772813,4.010491904,178.272354304,698990.35707392,normalize
783.907097697258,3.77217024,178.49966592,698990.35707392,normalize
784.4082254115492,3.406802944,178.858778624,698990.35707392,normalize
784.9090427495539,3.406536704,178.86001152,698990.35707392,normalize
785.4102036487311,3.42478848,178.826825728,698990.35707392,normalize
785.9110918268561,3.473104896,178.769575936,698990.824738816,normalize
786.4120480753481,3.516284928,178.780393472,698990.824738816,normalize
786.9128518793732,3.57203968,178.714341376,698990.824738816,normalize
787.4135596845299,3.58782976,178.688897024,698990.824738816,normalize
787.9143266361207,3.593568256,178.671648768,698990.824738816,normalize
788.4153670109808,3.426545664,178.831486976,698990.824738816,normalize
788.9161828607321,3.471470592,178.771705856,698990.824738816,normalize
789.417181417346,3.575586816,178.659065856,698990.824738816,normalize
789.9183180779219,3.887706112,178.338455552,698990.376718336,normalize
790.4221676774323,4.240031744,178.009829376,698990.376718336,normalize
790.9233955964446,3.870081024,178.440945664,698990.376718336,normalize
791.4246650319546,3.758886912,178.547658752,698990.376718336,normalize
791.9261770565063,3.850448896,178.44824064,698990.260998144,normalize
792.4273606389761,4.033859584,178.25118208,698990.260998144,normalize
792.9283725637943,3.54639872,178.723651584,698990.260998144,normalize
793.4294480718672,3.453595648,178.808352768,698990.260998144,normalize
793.9305961411446,3.411574784,178.843754496,698990.099181568,normalize
794.4317702502012,3.57881856,178.665639936,698990.099181568,normalize
794.9326293449849,3.406999552,178.890518528,698990.099181568,normalize
795.433656103909,3.406999552,178.88206848,698990.099181568,normalize
795.9344808440655,3.406999552,178.884161536,698990.074949632,normalize
796.4355603605509,3.454754816,178.827440128,698990.074949632,normalize
796.9365102928132,3.578195968,178.690015232,698990.074949632,normalize
797.4375358242542,3.443216384,178.820091904,698990.074949632,normalize
797.9383954629302,3.408719872,178.846089216,698990.074949632,normalize
798.4395340289921,3.408797696,178.83942912,698990.074949632,normalize
798.9404902327806,3.562479616,178.736656384,698990.074949632,normalize
799.4415106214583,3.610263552,178.67646976,698990.074949632,normalize
799.9428939260542,3.409104896,178.878984192,698990.36469248,normalize
800.4445631802082,3.409104896,178.868748288,698990.36469248,normalize
800.9457021579146,3.409104896,178.856247296,698990.36469248,normalize
801.4469371810555,3.417493504,178.839957504,698990.36469248,normalize
801.9485836811364,3.44969216,178.797961216,698990.969540608,normalize
802.4499733727425,3.409104896,178.830491648,698990.969540608,normalize
802.9509115293622,3.449450496,178.869661696,698990.969540608,normalize
803.4516885410994,3.460620288,178.857988096,698990.969540608,normalize
803.9525925647467,3.445276672,178.860597248,698990.98157056,normalize
804.454196671024,3.573075968,178.72308224,698990.98157056,normalize
804.9554695729166,4.101476352,178.181029888,698990.98157056,normalize
805.4564706366509,3.459416064,178.815655936,698990.98157056,normalize
805.9575373549014,3.671310336,178.60599808,698990.760759296,normalize
806.4591710045934,3.539456,178.730713088,698990.760759296,normalize
806.9604349285364,3.67771648,178.63657472,698990.760759296,normalize
807.4618770498782,3.821146112,178.494070784,698990.760759296,normalize
807.9636866655201,3.835748352,178.462756864,698990.760759296,normalize
808.4650085587054,4.059348992,178.227335168,698990.760759296,normalize
808.9659492820501,3.809026048,178.469249024,698990.760759296,normalize
809.4671739283949,4.208922624,178.058596352,698990.760759296,normalize
809.9685633890331,3.786797056,178.4670208,698990.408630272,normalize
810.4699909202754,4.086800384,178.15588864,698990.408630272,normalize
810.970845580101,3.408654336,178.867838976,698990.408630272,normalize
811.4723698459566,3.469094912,178.839826432,698990.408630272,normalize
811.9737282209098,3.409104896,178.883428352,698990.376833024,normalize
812.4748218338937,3.41100544,178.874105856,698990.376833024,normalize
812.9757722411305,4.067495936,178.203291648,698990.376833024,normalize
813.4765990879387,3.694010368,178.566598656,698990.376833024,normalize
813.9778166804463,3.564089344,178.68611584,698990.37906944,normalize
814.4792137760669,3.842203648,178.395357184,698990.37906944,normalize
814.9801994487643,3.702829056,178.529292288,698990.37906944,normalize
815.4809884354472,3.453935616,178.835034112,698990.37906944,normalize
815.9821518454701,3.41121024,178.862686208,698990.634016768,normalize
816.4871964622289,3.41121024,178.86056448,698990.634016768,normalize
816.9881819915026,3.462848512,178.804813824,698990.634016768,normalize
817.4891440719366,3.411197952,178.848550912,698990.634016768,normalize
817.9904642794281,3.43103488,178.813579264,698990.634016768,normalize
818.4918354731053,3.57398528,178.656313344,698990.634016768,normalize
818.9926743414253,3.648512,178.577588224,698990.634016768,normalize
819.4938349053264,3.988729856,178.326781952,698990.634016768,normalize
819.9954963885248,3.54676736,178.754179072,698990.509789184,normalize
820.4968790207058,3.461767168,178.834259968,698990.509789184,normalize
820.9978611003608,3.468070912,178.82875904,698990.509789184,normalize
821.4987234398723,3.473952768,178.81618432,698990.509789184,normalize
821.999638164416,3.58516736,178.689765376,698990.28238336,normalize
822.5005373284221,3.41121024,178.85782016,698990.28238336,normalize
823.0020589511842,3.646365696,178.620420096,698990.28238336,normalize
823.5030637644231,3.919855616,178.398683136,698990.28238336,normalize
824.0048740655184,3.914665984,178.394005504,698990.234320896,normalize
824.5060505121946,3.411181568,178.888835072,698990.234320896,normalize
825.0071013215929,3.456278528,178.83209728,698990.234320896,normalize
825.5079557523131,3.477434368,178.815148032,698990.234320896,normalize
826.008874155581,3.451383808,178.83138048,698989.962039296,normalize
826.5099638123065,3.480518656,178.791596032,698989.962039296,normalize
827.0112912487239,3.555340288,178.711556096,698989.962039296,normalize
827.5122714173049,3.412672512,178.9111296,698989.962039296,normalize
828.0132144838572,3.41317632,178.902450176,698989.962039296,normalize
828.5145189911127,3.506589696,178.798395392,698989.962039296,normalize
829.0153948199004,3.413143552,178.879729664,698989.962039296,normalize
829.5162933841348,3.43558144,178.851549184,698989.962039296,normalize
830.0169929806143,3.454844928,178.82124288,698988.945391616,normalize
830.518048433587,3.480952832,178.78484992,698988.945391616,normalize
831.0187838599086,3.434500096,178.82312704,698988.945391616,normalize
831.5193931479007,3.434737664,178.89357824,698988.945391616,normalize
832.0204966850579,3.413024768,178.90824192,698988.920717312,normalize
832.5218122024089,3.437846528,178.8742656,698988.920717312,normalize
833.0226980764419,3.449131008,178.855448576,698988.920717312,normalize
833.5235007088631,3.449131008,178.847981568,698988.920717312,normalize
834.0241944305599,3.449131008,178.838069248,698988.862861312,normalize
834.5251085683703,3.45122816,178.826829824,698988.862861312,normalize
835.0258880294859,3.45122816,178.81485312,698988.862861312,normalize
835.5265300758183,3.45122816,178.828980224,698988.862861312,normalize
836.0275073088706,3.45122816,178.875293696,698988.496408576,normalize
836.528666453436,3.45122816,178.86633984,698988.496408576,normalize
837.0294491555542,3.45122816,178.855673856,698988.496408576,normalize
837.5301523171365,3.45122816,178.845442048,698988.496408576,normalize
838.0309340488166,3.45122816,178.833637376,698988.496408576,normalize
838.531892279163,3.45122816,178.825457664,698988.496408576,normalize
839.0326232593507,3.45122816,178.816630784,698988.496408576,normalize
839.5334372520447,3.453325312,178.806358016,698988.496408576,normalize
840.034187823534,3.453325312,178.864828416,698988.57129984,normalize
840.5354509688914,3.453325312,178.85616128,698988.57129984,normalize
841.0362764522433,3.453325312,178.843635712,698988.57129984,normalize
841.5369963962585,3.453325312,178.848784384,698988.57129984,normalize
842.037984199822,3.417399296,178.871955456,698988.553232384,normalize
842.5391432810575,3.436126208,178.843856896,698988.553232384,normalize
843.0400331504643,3.481116672,178.785988608,698988.553232384,normalize
843.5408459771425,3.4536448,178.805231616,698988.553232384,normalize
844.041650917381,3.440365568,178.873176064,698988.491436032,normalize
844.542851459235,3.572559872,178.731589632,698988.491436032,normalize
845.0436046551913,3.476201472,178.817273856,698988.491436032,normalize
845.5442528370768,3.586531328,178.696392704,698988.491436032,normalize
846.0450775679201,3.484430336,178.7895808,698988.2467328,normalize
846.5461623370647,3.48475392,178.7776,698988.2467328,normalize
847.0470426008105,3.419267072,178.84618752,698988.2467328,normalize
847.5479108318686,3.419426816,178.838851584,698988.2467328,normalize
848.048937568441,3.41940224,178.894913536,698988.2467328,normalize
848.5501805767417,3.652722688,178.652270592,698988.2467328,normalize
849.0509579982609,3.511312384,178.7777024,698988.2467328,normalize
849.5520485173911,3.57134336,178.708033536,698988.2467328,normalize
850.052905600518,3.419611136,178.847596544,698987.157426176,normalize
850.553964773193,3.419160576,178.839822336,698987.157426176,normalize
851.0548543184996,3.441098752,178.809565184,698987.157426176,normalize
851.5556882862002,3.443441664,178.7987968,698987.157426176,normalize
852.0564680881798,3.443621888,178.865332224,698986.635976704,normalize
852.5573550518602,3.443621888,178.857385984,698986.635976704,normalize
853.0583131946623,3.443621888,178.848530432,698986.635976704,normalize
853.5594229400158,3.443621888,178.83875328,698986.635976704,normalize
854.0606449451298,3.443621888,178.832044032,698986.712989696,normalize
854.5618623290211,3.443621888,178.820030464,698986.712989696,normalize
855.0628793295473,3.443621888,178.812489728,698986.712989696,normalize
855.5637647658587,3.443621888,178.800140288,698986.712989696,normalize
856.0646508671343,3.443621888,178.85925376,698987.083792384,normalize
856.5656853821129,3.443621888,178.85014016,698987.083792384,normalize
857.0666094906628,3.516039168,178.777034752,698987.083792384,normalize
857.5679504740983,3.591954432,178.689425408,698987.083792384,normalize
858.0689849890769,3.479539712,178.792210432,698987.083792384,normalize
858.5703642647713,3.423473664,178.83654144,698987.083792384,normalize
859.0712146405131,3.423625216,178.828005376,698987.083792384,normalize
859.5720829311758,3.42380544,178.817589248,698987.083792384,normalize
860.0728771686554,3.42380544,178.836406272,698986.8288,normalize
860.5738641042262,3.51121408,178.807177216,698986.8288,normalize
861.0746085606515,3.423289344,178.884608,698986.8288,normalize
861.5756749771535,3.451744256,178.85014016,698986.8288,normalize
862.0764475855976,3.45387008,178.84706816,698986.63790592,normalize
862.5774729400873,3.540660224,178.749919232,698986.63790592,normalize
863.078444628045,3.622068224,178.652942336,698986.63790592,normalize
863.579301699996,3.442847744,178.82396672,698986.63790592,normalize
864.0800717324018,3.447463936,178.828197888,698986.311593984,normalize
864.5810435563326,3.447463936,178.8632064,698986.311593984,normalize
865.0818081460893,3.447463936,178.85444096,698986.311593984,normalize
865.5825782492757,3.449561088,178.847363072,698986.311593984,normalize
866.0831959694624,3.449561088,178.839584768,698985.738846208,normalize
866.584021544084,3.425652736,178.85075456,698985.738846208,normalize
867.0850195251405,3.425841152,178.838052864,698985.738846208,normalize
867.5862236693501,3.578945536,178.67788288,698985.738846208,normalize
868.0872193854302,3.425521664,178.817744896,698985.738846208,normalize
868.5916032791138,3.425652736,178.888552448,698985.738846208,normalize
869.0925370883197,3.45071616,178.853277696,698985.738846208,normalize
869.5936477407813,3.45071616,178.84798976,698985.738846208,normalize
870.0948043651879,3.45071616,178.838503424,698985.655902208,normalize
870.5958500858396,3.45071616,178.82578944,698985.655902208,normalize
871.0968475565314,3.5142656,178.749243392,698985.655902208,normalize
871.5977170057595,3.425902592,178.828242944,698985.655902208,normalize
872.0986609719694,3.4445312,178.801680384,698985.735974912,normalize
872.6018777489662,3.446685696,178.86308352,698985.735974912,normalize
873.1026476565748,3.446685696,178.853781504,698985.735974912,normalize
873.6033455207944,3.446685696,178.848301056,698985.735974912,normalize
874.1040193419904,3.446685696,178.839998464,698985.854046208,normalize
874.6048612948507,3.446685696,178.829889536,698985.854046208,normalize
875.1055778935552,3.446685696,178.822586368,698985.854046208,normalize
875.6063723210245,3.446685696,178.813878272,698985.854046208,normalize
876.1071464363486,3.446685696,178.803900416,698986.100609024,normalize
876.6081568766385,3.446685696,178.85597696,698986.100609024,normalize
877.1089533008635,3.448782848,178.845253632,698986.100609024,normalize
877.6096470803022,3.448782848,178.840600576,698986.100609024,normalize
878.1105951610953,3.448782848,178.833031168,698986.100609024,normalize
878.6148255895823,3.448782848,178.837581824,698986.100609024,normalize
879.1156211327761,3.448782848,178.82802176,698986.100609024,normalize
879.6164461039007,3.448782848,178.817708032,698986.100609024,normalize
880.1173055246472,3.448782848,178.809888768,698986.1108736,normalize
880.6193110775203,3.448782848,178.835492864,698986.1108736,normalize
881.119975823909,3.45088,178.86181376,698986.1108736,normalize
881.6209051758051,3.45088,178.85335552,698986.1108736,normalize
882.121958727017,3.45088,178.845884416,698986.147987456,normalize
882.623035017401,3.45088,178.836975616,698986.147987456,normalize
883.1238751597703,3.45088,178.826080256,698986.147987456,normalize
883.6248364523053,3.45088,178.818584576,698986.147987456,normalize
884.125531565398,3.45088,178.815176704,698986.11974144,normalize
884.6264438424259,3.45088,178.809716736,698986.11974144,normalize
885.1272613033652,3.45088,178.861522944,698986.11974144,normalize
885.628107117489,3.452977152,178.851807232,698986.11974144,normalize
886.1289445552975,3.4342912,178.861694976,698985.797955584,normalize
886.6302852481604,3.461476352,178.824450048,698985.797955584,normalize
887.1313665453345,3.461779456,178.81792512,698985.797955584,normalize
887.6326011251658,3.476844544,178.793385984,698985.797955584,normalize
888.1336534284055,3.43406592,178.826104832,698985.797955584,normalize
888.6348248738796,3.43406592,178.816937984,698985.797955584,normalize
889.1359980143607,3.4342912,178.874216448,698985.797955584,normalize
889.6371640451252,3.4342912,178.863509504,698985.797955584,normalize
890.1380301043391,3.4342912,178.866180096,698984.70909952,normalize
890.6391220092773,3.4342912,178.859114496,698984.70909952,normalize
891.14016251266,3.4342912,178.8496896,698984.70909952,normalize
891.6410823240876,3.455029248,178.817650688,698984.70909952,normalize
892.1423350386322,3.4571264,178.808090624,698983.9174656,normalize
892.643838936463,3.4571264,178.796191744,698983.9174656,normalize
893.144614988938,3.4571264,178.808598528,698983.9174656,normalize
893.6454320028424,3.4571264,178.84295168,698983.9174656,normalize
894.146290069446,3.4571264,178.832576512,698983.193153536,normalize
894.6474427729845,3.4571264,178.825412608,698983.193153536,normalize
895.148264857009,3.4571264,178.825306112,698983.193153536,normalize
895.6493836287409,3.4571264,178.814763008,698983.193153536,normalize
896.1506296824664,3.4571264,178.802671616,698983.028793344,normalize
896.6518349442631,3.459223552,178.792316928,698983.028793344,normalize
897.1529290601611,3.459223552,178.780274688,698983.028793344,normalize
897.6543526370078,3.459223552,178.868355072,698983.028793344,normalize
898.1554718483239,3.459223552,178.862149632,698983.028793344,normalize
898.6566215027124,3.459223552,178.851168256,698983.028793344,normalize
899.1576098911464,3.459223552,178.839166976,698983.028793344,normalize
899.6585846301168,3.459223552,178.839220224,698983.028793344,normalize
900.1597085762769,3.459223552,178.832359424,698984.117694464,normalize
900.6607260722667,3.459223552,178.818699264,698984.117694464,normalize
901.161696460098,3.43834624,178.832715776,698984.117694464,normalize
901.6624684371054,3.457359872,178.872090624,698984.117694464,normalize
902.1632099952549,3.457527808,178.862620672,698984.130772992,normalize
902.6644836440682,3.440316416,178.86826496,698984.130772992,normalize
903.1657046247274,3.440582656,178.862895104,698984.130772992,normalize
903.6668483801186,3.458048,178.835267584,698984.130772992,normalize
904.1676994711161,3.476893696,178.808430592,698984.091889664,normalize
904.6688222605735,3.457589248,178.816790528,698984.091889664,normalize
905.1696759834886,3.457589248,178.807373824,698984.091889664,normalize
905.6705384291708,3.457589248,178.814005248,698984.091889664,normalize
906.1713462006301,3.457589248,178.869100544,698984.03756032,normalize
906.6726759634912,3.457589248,178.859966464,698984.03756032,normalize
907.1735389605165,3.457589248,178.851713024,698984.03756032,normalize
907.6746037229896,3.457589248,178.843234304,698984.03756032,normalize
908.1754855085164,3.457589248,178.835247104,698984.03756032,normalize
908.6765915155411,3.4596864,178.8223488,698984.03756032,normalize
909.1774356309325,3.459723264,178.813677568,698984.03756032,normalize
909.6783862374723,3.459723264,178.80190976,698984.03756032,normalize
910.1794654875994,3.459723264,178.869280768,698983.902490624,normalize
910.6805085353553,3.459723264,178.859442176,698983.902490624,normalize
911.1814160291106,3.459723264,178.85097984,698983.902490624,normalize
911.6824648454785,3.459723264,178.842820608,698983.902490624,normalize
912.183350276202,3.459723264,178.832027648,698983.680270336,normalize
912.6843671686947,3.459723264,178.82136576,698983.680270336,normalize
913.1851569488645,3.463225344,178.808885248,698983.680270336,normalize
913.6859892047942,3.465322496,178.796965888,698983.680270336,normalize
914.18684499152,3.465322496,178.788306944,698983.106494464,normalize
914.6881076805294,3.465322496,178.845057024,698983.106494464,normalize
915.1890401281416,3.465322496,178.84813312,698983.106494464,normalize
915.6899676732719,3.465322496,178.838544384,698983.106494464,normalize
916.1909078136086,3.465322496,178.82750976,698981.610078208,normalize
916.6920862589031,3.465531392,178.821074944,698981.610078208,normalize
917.1929674055427,3.467628544,178.808864768,698981.610078208,normalize
917.6938114874065,3.467628544,178.798600192,698981.610078208,normalize
918.1944757048041,3.467628544,178.788216832,698981.610078208,normalize
918.6953286267817,3.467628544,178.797457408,698981.610078208,normalize
919.1961081586778,3.467628544,178.83641856,698981.610078208,normalize
919.6971257440746,3.467628544,178.828242944,698981.610078208,normalize
920.1981466282159,3.467628544,178.819018752,698982.093021184,normalize
920.7019771970809,3.467628544,178.82087424,698982.093021184,normalize
921.2028399575502,3.469725696,178.808983552,698982.093021184,normalize
921.703668564558,3.469725696,178.796699648,698982.093021184,normalize
922.2044989857823,3.469725696,178.784530432,698982.210850816,normalize
922.7055575605482,3.485863936,178.758524928,698982.210850816,normalize
923.2063544951379,3.448758272,178.865831936,698982.210850816,normalize
923.7073744293302,3.50208,178.818351104,698982.210850816,normalize
924.2082202024758,3.477692416,178.8340224,698981.807321088,normalize
924.7091675102711,3.477876736,178.82363904,698981.807321088,normalize
925.2099661678076,3.477876736,178.828689408,698981.807321088,normalize
925.7109338250011,3.477876736,178.819231744,698981.807321088,normalize
926.2123168017715,3.479973888,178.80778752,698981.885591552,normalize
926.7136691436172,3.479973888,178.79590912,698981.885591552,normalize
927.2145435642451,3.479973888,178.786492416,698981.885591552,normalize
927.7153919525445,3.479973888,178.842918912,698981.885591552,normalize
928.2163755893707,3.479973888,178.834108416,698981.885591552,normalize
928.7174933832139,3.479973888,178.822606848,698981.885591552,normalize
929.2183907069266,3.479973888,178.811940864,698981.885591552,normalize
929.7193176690489,3.479973888,178.802286592,698981.885591552,normalize
930.2210805285722,3.479973888,178.795196416,698982.597332992,normalize
930.7259866856039,3.479973888,178.79693312,698982.597332992,normalize
931.2265971880406,3.674083328,178.591719424,698982.597332992,normalize
931.7272191811353,3.610824704,178.675941376,698982.597332992,normalize
932.2281735446304,3.45294848,178.858258432,698982.54569472,normalize
932.729311875999,3.45286656,178.846449664,698982.54569472,normalize
933.230402328074,3.59323648,178.697273344,698982.54569472,normalize
933.7315069399774,3.452829696,178.829991936,698982.54569472,normalize
934.2323812004179,3.621535744,178.652536832,698982.546808832,normalize
934.7356935981661,3.670450176,178.600050688,698982.546808832,normalize
935.2366941478103,3.453161472,178.804105216,698982.546808832,normalize
935.7376441638917,3.510054912,178.741387264,698982.546808832,normalize
936.2390832006931,3.453165568,178.858164224,698982.620790784,normalize
936.7404013480991,3.453165568,178.841571328,698982.620790784,normalize
937.2413976080716,3.509460992,178.777419776,698982.620790784,normalize
937.7423912063241,3.509727232,178.764566528,698982.620790784,normalize
938.2432697527111,3.509727232,178.756112384,698982.620790784,normalize
938.7445036564022,3.509727232,178.74526208,698982.620790784,normalize
939.2455204278231,3.509727232,178.736586752,698982.620790784,normalize
939.7464033998549,3.511824384,178.732109824,698982.620790784,normalize
940.247299073264,3.45503744,178.778689536,698982.44698112,normalize
940.7485299240798,3.455102976,178.868768768,698982.44698112,normalize
941.2495333570987,3.45526272,178.858156032,698982.44698112,normalize
941.7506328094751,3.45526272,178.852093952,698982.44698112,normalize
942.2516547292471,3.45526272,178.841239552,698982.209830912,normalize
942.7528880611062,3.45526272,178.832625664,698982.209830912,normalize
943.2541406769305,3.45526272,178.82394624,698982.209830912,normalize
943.7554517760873,3.45526272,178.809790464,698982.209830912,normalize
944.2564070764929,3.45526272,178.80066048,698981.652189184,normalize
944.7601736355573,3.45526272,178.804404224,698981.652189184,normalize
945.2609310802072,3.457359872,178.857590784,698981.652189184,normalize
945.7616854328662,3.494998016,178.808664064,698981.652189184,normalize
946.2625761609524,3.521892352,178.773254144,698980.929916928,normalize
946.7635817192495,3.45667584,178.824835072,698980.929916928,normalize
947.2644923124462,3.457236992,178.81509888,698980.929916928,normalize
947.7654769010842,3.457359872,178.802180096,698980.929916928,normalize
948.2664131373167,3.457359872,178.790588416,698980.929916928,normalize
948.7674026452005,3.457359872,178.782994432,698980.929916928,normalize
949.2680527642369,3.457175552,178.81399296,698980.929916928,normalize
949.7687256447971,3.483738112,178.81417728,698980.929916928,normalize
950.26953558065,3.483738112,178.801594368,698981.788643328,normalize
950.7710781935602,3.483738112,178.794450944,698981.788643328,normalize
951.2722218837589,3.485835264,178.782531584,698981.788643328,normalize
951.7730669490993,3.485835264,178.77491712,698981.788643328,normalize
952.2744460478425,3.4833408,178.765082624,698981.758840832,normalize
952.7759119551629,3.484479488,178.750951424,698981.758840832,normalize
953.2768223062158,3.458912256,178.765058048,698981.758840832,normalize
953.7775889001787,3.478634496,178.793398272,698981.758840832,normalize
954.2784667126834,3.478827008,178.843168768,698981.705285632,normalize
954.7798817213625,3.479007232,178.831212544,698981.705285632,normalize
955.2814187891781,3.479007232,178.82259456,698981.705285632,normalize
955.7823345214128,3.479007232,178.815766528,698981.705285632,normalize
956.2832058202475,3.479007232,178.803621888,698981.697933312,normalize
956.7842670399696,3.481104384,178.791399424,698981.697933312,normalize
957.285504065454,3.481104384,178.780606464,698981.697933312,normalize
957.7867311369628,3.481104384,178.771955712,698981.697933312,normalize
958.2876652833074,3.481104384,178.830221312,698981.697933312,normalize
958.7887055110186,3.481104384,178.816626688,698981.697933312,normalize
959.2894931845367,3.481104384,178.80528896,698981.697933312,normalize
959.7903728093952,3.481104384,178.798452736,698981.697933312,normalize
960.2913527507335,3.461382144,178.813673472,698981.613420544,normalize
960.7925942540169,3.515052032,178.752557056,698981.613420544,normalize
961.2934331968427,3.515457536,178.743078912,698981.613420544,normalize
961.7942502889782,3.461341184,178.78829056,698981.613420544,normalize
962.2950763460249,3.461554176,178.779615232,698981.521907712,normalize
962.5564550831914,3.461554176,178.836832256,698981.521907712,normalize
962.5584265049547,3.461554176,178.837123072,698981.521907712,hvg
962.7960871104151,3.727683584,178.56477184,698981.521907712,hvg
963.2971731778234,4.9283072,177.34612992,698981.521907712,hvg
963.7991204317659,5.978636288,176.271249408,698981.521907712,hvg
964.2999663092196,7.77771008,174.457458688,698981.309874176,hvg
964.8014119323343,9.92169984,172.310642688,698981.309874176,hvg
965.3023969940841,12.565581824,169.658478592,698981.309874176,hvg
965.8039114922285,15.126298624,167.090700288,698981.309874176,hvg
966.3048132564873,16.295473152,165.92142336,698981.115097088,hvg
966.8061776012182,15.305314304,166.95033856,698981.115097088,hvg
967.3084243331105,11.333578752,170.950467584,698981.115097088,hvg
967.8099250160158,10.302169088,171.979362304,698981.115097088,hvg
968.3117699045688,8.4825088,173.801377792,698981.115097088,hvg
968.8134881164879,8.4825088,173.80222976,698981.115097088,hvg
969.3141899071634,3.727695872,178.566959104,698981.115097088,hvg
969.8150005470961,4.778733568,177.497001984,698981.115097088,hvg
970.316278712824,5.812400128,176.432062464,698981.155008512,hvg
970.8214466813952,8.168562688,174.081908736,698981.155008512,hvg
971.3223027847707,10.470449152,171.8346752,698981.155008512,hvg
971.8238090574741,12.869423104,169.427451904,698981.155008512,hvg
972.3258858602494,13.11596544,169.179807744,698981.094445056,hvg
972.829020133242,11.42749184,170.873040896,698981.094445056,hvg
973.3300205040723,8.82685952,173.478547456,698981.094445056,hvg
973.8317302484065,9.448595456,172.852301824,698981.094445056,hvg
974.3336183521897,5.905088512,176.401170432,698981.046484992,hvg
974.8355922885239,5.905088512,176.40218624,698981.046484992,hvg
975.3364244885743,3.727695872,178.577883136,698981.046484992,hvg
975.8374006338418,5.06363904,177.223835648,698981.046484992,hvg
976.3385334163904,6.22637056,176.045101056,698980.600102912,hvg
976.8405600301921,8.124461056,174.131769344,698980.600102912,hvg
977.3417359609157,10.165686272,172.088705024,698980.600102912,hvg
977.8431554734707,11.750907904,170.499866624,698980.600102912,hvg
978.3450850378722,9.898717184,172.354592768,698980.600102912,hvg
978.8474144320935,11.858829312,170.388455424,698980.600102912,hvg
979.3488577883691,10.59260416,171.65633536,698980.600102912,hvg
979.8497216831893,10.59260416,171.691802624,698980.594409472,hvg
980.3507178463042,3.895537664,178.423025664,698980.594409472,hvg
980.8516887482256,5.04119296,177.260560384,698980.594409472,hvg
981.3525483403355,5.946953728,176.334999552,698980.594409472,hvg
981.853510947898,7.016812544,175.243235328,698980.711718912,hvg
982.3581614084542,9.982328832,172.274651136,698980.711718912,hvg
982.8596516121179,13.543325696,168.708272128,698980.711718912,hvg
983.3615221567452,13.959970816,168.290881536,698980.711718912,hvg
983.862508803606,17.442316288,164.800843776,698980.651720704,hvg
984.3639713041484,17.463611392,164.813180928,698980.651720704,hvg
984.8648002501577,12.316000256,169.961885696,698980.651720704,hvg
985.3656598608941,3.727695872,178.552532992,698980.651720704,hvg
985.8666225094348,5.068013568,177.192955904,698980.559183872,hvg
986.3678287360817,5.8959872,176.347082752,698980.559183872,hvg
986.8688163589686,7.189274624,175.03330304,698980.559183872,hvg
987.3699043039232,9.903972352,172.30729216,698980.559183872,hvg
987.8707585800439,13.452587008,168.755130368,698980.455395328,hvg
988.3758219014853,14.357835776,167.861768192,698980.455395328,hvg
988.8768452573568,16.947388416,165.329481728,698980.455395328,hvg
989.3777349404991,17.484259328,164.791980032,698980.455395328,hvg
989.8786617442966,14.039842816,168.238604288,698980.169342976,hvg
990.3796941880137,3.727695872,178.566213632,698980.169342976,hvg
990.8809925839305,4.734017536,177.510305792,698980.169342976,hvg
991.3824809938669,5.860655104,176.372731904,698980.169342976,hvg
991.8834185358137,7.17791232,175.052644352,698978.98665984,hvg
992.3846375718713,11.186819072,171.038715904,698978.98665984,hvg
992.8856841959059,13.223825408,169.060487168,698978.98665984,hvg
993.3865845873952,15.104503808,167.176572928,698978.98665984,hvg
993.8873816300184,16.671604736,165.603254272,698979.014172672,hvg
994.3884284254164,18.084061184,164.188045312,698979.014172672,hvg
994.8894396219403,9.466253312,172.814987264,698979.014172672,hvg
995.3901187330484,9.466253312,172.814987264,698979.014172672,hvg
995.8909218758345,3.727695872,178.5517056,698979.085529088,hvg
996.391933504492,5.024006144,177.24049408,698979.085529088,hvg
996.8926448877901,6.04811264,176.205754368,698979.085529088,hvg
997.3934881724417,7.18424064,175.115616256,698979.085529088,hvg
997.8943953569978,9.315905536,172.96541696,698979.33684736,hvg
998.3987918309867,13.959462912,168.324984832,698979.33684736,hvg
998.8999193813652,14.66626048,167.616811008,698979.33684736,hvg
999.4008825905621,17.771020288,164.509167616,698979.33684736,hvg
999.9019430726767,18.876952576,163.397521408,698978.866622464,hvg
1000.4028905350715,18.876952576,163.397648384,698978.866622464,hvg
1000.9093571323901,7.595143168,174.69165568,698978.866622464,hvg
1001.4103934764862,3.727695872,178.565439488,698978.866622464,hvg
1001.9111812207848,4.819935232,177.455620096,698978.598813696,hvg
1002.4123323652893,5.753696256,176.501645312,698978.598813696,hvg
1002.9131707828492,6.665183232,175.57221376,698978.598813696,hvg
1003.4142677318305,7.941410816,174.290599936,698978.598813696,hvg
1003.9151578694582,13.123346432,169.099964416,698979.101507584,hvg
1004.4169794749469,13.60019456,168.622456832,698979.101507584,hvg
1004.9177088215947,16.775860224,165.441306624,698979.101507584,hvg
1005.4183759819716,17.5450112,164.671721472,698979.101507584,hvg
1005.9193235766143,16.031125504,166.244519936,698979.488657408,hvg
1006.4212625846267,5.55526144,176.734068736,698979.488657408,hvg
1006.9221104364842,4.171522048,178.10771968,698979.488657408,hvg
1007.4230467360467,5.243936768,177.013661696,698979.488657408,hvg
1007.9241232294589,6.444085248,175.807782912,698979.887005696,hvg
1008.425545476377,7.997493248,174.239465472,698979.887005696,hvg
1008.9268692061305,11.164602368,171.062337536,698979.887005696,hvg
1009.4277121052146,13.793972224,168.425099264,698979.887005696,hvg
1009.9286131560802,15.549759488,166.731300864,698979.888566272,hvg
1010.4297828786075,17.502461952,164.775374848,698979.888566272,hvg
1010.9306025411934,17.898770432,164.378181632,698979.888566272,hvg
1011.4313132558018,10.892120064,171.392331776,698979.888566272,hvg
1011.9323760773987,5.595721728,176.694530048,698979.551485952,hvg
1012.4333207737654,4.396077056,177.885036544,698979.551485952,hvg
1012.934131545946,5.355016192,176.889556992,698979.551485952,hvg
1013.4350210875273,6.57575936,175.671119872,698979.551485952,hvg
1013.9361884221435,9.856864256,172.378218496,698979.366043648,hvg
1014.4378682542592,12.28562432,170.010169344,698979.366043648,hvg
1014.9395903814584,14.2415872,168.052269056,698979.366043648,hvg
1015.4411021359265,14.327209984,167.958626304,698979.366043648,hvg
1015.9420975968242,15.349854208,166.932885504,698978.739228672,hvg
1016.4430479090661,9.016090624,173.273837568,698978.739228672,hvg
1016.9440827332437,7.309484032,174.981828608,698978.739228672,hvg
1017.4449032973498,4.139155456,178.152542208,698978.739228672,hvg
1017.9457981809974,5.271261184,176.99086336,698978.576314368,hvg
1018.4496287368238,6.372622336,175.911190528,698978.576314368,hvg
1018.9505946915597,8.2045952,174.071709696,698978.576314368,hvg
1019.4514857213944,11.40443136,170.858287104,698978.576314368,hvg
1019.9527171775699,13.876711424,168.38311936,698978.233757696,hvg
1020.4539467208087,16.108613632,166.146056192,698978.233757696,hvg
1020.955387191847,17.533407232,164.720693248,698978.233757696,hvg
1021.4575043767691,18.273718272,163.976384512,698978.233757696,hvg
1021.9585668090731,11.145404416,171.10996992,698977.861849088,hvg
1022.4601769186556,5.79454976,176.468144128,698977.861849088,hvg
1022.9611838217825,3.944480768,178.325286912,698977.861849088,hvg
1023.4621751084924,4.652720128,177.570947072,698977.861849088,hvg
1023.9630528371781,5.626044416,176.588382208,698977.770053632,hvg
1024.464162575081,6.912626688,175.27590912,698977.770053632,hvg
1024.9650960080326,8.24680448,173.935570944,698977.770053632,hvg
1025.4671881236136,9.566420992,172.585291776,698977.770053632,hvg
1025.968125646934,10.969862144,171.177439232,698977.751146496,hvg
1026.4704694412649,12.460937216,169.681391616,698977.751146496,hvg
1026.9712911807,14.789812224,167.39887104,698977.751146496,hvg
1027.4722070619464,19.25998592,162.9961216,698977.751146496,hvg
1027.973644176498,25.490558976,156.748283904,698977.911345152,hvg
1028.4778094999492,28.28783616,153.95749888,698977.911345152,hvg
1028.9789603613317,29.167120384,153.07390976,698977.911345152,hvg
1029.4796692244709,29.167120384,153.07390976,698977.911345152,hvg
1029.980502327904,29.167120384,153.071915008,698978.121035776,hvg
1030.4817299526185,29.167181824,153.072930816,698978.121035776,hvg
1030.982930611819,34.292117504,147.936272384,698978.121035776,hvg
1031.4847177173942,38.064431104,144.156708864,698978.121035776,hvg
1031.9854804892093,39.336910848,142.879891456,698978.65353216,hvg
1032.4864380452782,39.336910848,142.87988736,698978.65353216,hvg
1032.9870966263115,39.336910848,142.877822976,698978.65353216,hvg
1033.4878055155277,39.336910848,142.888845312,698978.65353216,hvg
1033.988475739956,39.336910848,142.887063552,698978.63344128,hvg
1034.489745631814,21.520941056,160.73371648,698978.63344128,hvg
1034.9913090281188,8.185757696,174.091128832,698978.63344128,hvg
1035.492197290063,3.727884288,178.587959296,698978.63344128,hvg
1035.9929993599653,5.081075712,177.214099456,698980.21679104,hvg
1036.493925012648,6.214914048,176.060841984,698980.21679104,hvg
1036.9946720711887,7.3665536,174.89004544,698980.21679104,hvg
1037.4955345243216,8.283222016,173.916532736,698980.21679104,hvg
1037.9966165684164,9.61374208,172.57023488,698980.856700928,hvg
1038.4977471381426,10.90594816,171.270356992,698980.856700928,hvg
1038.9986671879888,12.252319744,169.9121152,698980.856700928,hvg
1039.5038262363523,13.944430592,168.21590016,698980.856700928,hvg
1040.0047011226416,18.033225728,164.248375296,698981.38421248,hvg
1040.5059624854475,24.775806976,157.493645312,698981.38421248,hvg
1041.0073344800621,29.095251968,153.162125312,698981.38421248,hvg
1041.5078898426145,29.193408512,153.06774528,698981.38421248,hvg
1042.0084245484322,29.193408512,153.065611264,698981.350965248,hvg
1042.510727001354,29.193408512,153.065476096,698981.350965248,hvg
1043.0117332562804,29.193408512,153.063661568,698981.350965248,hvg
1043.5125967022032,32.327237632,149.92402432,698981.350965248,hvg
1044.0135381687433,38.967939072,143.269974016,698982.023421952,hvg
1044.5167272333056,39.37355776,142.871273472,698982.023421952,hvg
1045.018561527133,39.37355776,142.86895104,698982.023421952,hvg
1045.5191295742989,39.37355776,142.86907392,698982.023421952,hvg
1046.0206553358585,39.37355776,142.867124224,698982.028627968,hvg
1046.521391460672,39.37355776,142.86737408,698982.028627968,hvg
1047.0223662480712,27.207254016,155.042009088,698982.028627968,hvg
1047.523095605895,3.727884288,178.571554816,698982.028627968,hvg
1048.023908689618,4.552241152,177.66436864,698982.018281472,hvg
1048.524973904714,5.607182336,176.705769472,698982.018281472,hvg
1049.0263704564422,6.720475136,175.56277248,698982.018281472,hvg
1049.5276585612446,8.083173376,174.179606528,698982.018281472,hvg
1050.0284370295703,9.469526016,172.784771072,698981.97393408,hvg
1050.5294056162238,10.850025472,171.400339456,698981.97393408,hvg
1051.0302831456065,12.307648512,169.938251776,698981.97393408,hvg
1051.5315163489431,14.604361728,167.635349504,698981.97393408,hvg
1052.0323996283114,19.300646912,162.924675072,698981.625020416,hvg
1052.5332865882665,24.83861504,157.390958592,698981.625020416,hvg
1053.034472225234,28.175859712,154.090860544,698981.625020416,hvg
1053.5354447793216,29.179879424,153.08294144,698981.625020416,hvg
1054.0361691694707,29.179879424,153.08132352,698981.617897472,hvg
1054.5381025783718,29.179879424,153.081831424,698981.617897472,hvg
1055.039656125009,29.571141632,152.701505536,698981.617897472,hvg
1055.540983516723,33.850970112,148.411113472,698981.617897472,hvg
1056.0430688112974,38.07789056,144.175087616,698981.609742336,hvg
1056.5440997369587,39.20656384,143.042183168,698981.609742336,hvg
1057.0450918208808,39.354310656,142.89350656,698981.609742336,hvg
1057.5469469483942,39.354310656,142.893031424,698981.609742336,hvg
1058.0475547295064,39.354310656,142.8912128,698981.56029952,hvg
1058.5486923847347,39.354310656,142.891507712,698981.56029952,hvg
1059.0499717257917,26.0269056,156.240089088,698981.56029952,hvg
1059.5510435327888,8.184496128,174.113128448,698981.56029952,hvg
1060.0519249811769,3.727884288,178.574680064,698981.542121472,hvg
1060.5561172813177,4.851859456,177.449197568,698981.542121472,hvg
1061.0570627395064,5.989363712,176.294842368,698981.542121472,hvg
1061.557907242328,6.998515712,175.206690816,698981.542121472,hvg
1062.0589312482625,7.997157376,174.176444416,698981.535625216,hvg
1062.5601499602199,9.38067968,172.78445568,698981.535625216,hvg
1063.0611386708915,10.847686656,171.313885184,698981.535625216,hvg
1063.5621957723051,12.261167104,169.89456384,698981.535625216,hvg
1064.063661005348,14.112960512,168.044802048,698981.49974016,hvg
1064.5653091780841,19.019464704,163.122356224,698981.49974016,hvg
1065.0674011968076,25.40883968,156.717637632,698981.49974016,hvg
1065.5681621935219,28.487733248,153.729531904,698981.49974016,hvg
1066.069650216028,29.16139008,153.082445824,698981.566513152,hvg
1066.5706370342523,29.16139008,153.081085952,698981.566513152,hvg
1067.0712269358337,29.16139008,153.081307136,698981.566513152,hvg
1067.5718459784985,29.16139008,153.079861248,698981.566513152,hvg
1068.0727861803025,33.570574336,148.662521856,698981.434175488,hvg
1068.5741200968623,38.19941888,144.02162688,698981.434175488,hvg
1069.0760247241706,39.327555584,142.891393024,698981.434175488,hvg
1069.576940080151,39.327555584,142.900834304,698981.434175488,hvg
1070.0779712256044,39.327555584,142.901088256,698981.415784448,hvg
1070.578868035227,39.327555584,142.899011584,698981.415784448,hvg
1071.0795143004507,39.327555584,142.899011584,698981.415784448,hvg
1071.5801847428083,25.744760832,156.46470144,698981.415784448,hvg
1072.08171338588,8.186609664,174.093606912,698980.947091456,hvg
1072.5826806798577,4.095270912,178.171817984,698980.947091456,hvg
1073.0836977679282,5.254864896,176.989057024,698980.947091456,hvg
1073.5845279842615,6.45523456,175.780708352,698980.947091456,hvg
1074.0854510646313,8.004411392,174.277287936,698980.763287552,hvg
1074.5871176719666,9.91696896,172.352036864,698980.763287552,hvg
1075.0884743761271,12.4148736,169.842077696,698980.763287552,hvg
1075.5895399805158,14.86352384,167.398715392,698980.763287552,hvg
1076.0906939692795,16.101351424,166.153469952,698981.025779712,hvg
1076.592100277543,17.675358208,164.571021312,698981.025779712,hvg
1077.0940003544092,19.157225472,163.084972032,698981.025779712,hvg
1077.595619224012,20.731572224,161.505247232,698981.025779712,hvg
1078.0963946133852,18.06995456,164.203196416,698981.017862144,hvg
1078.5983610693365,18.06995456,164.200255488,698981.017862144,hvg
1079.0994467046112,15.525019648,166.749872128,698981.017862144,hvg
1079.60022617504,13.81564416,168.460619776,698981.017862144,hvg
1080.101022819057,13.93332224,168.354373632,698981.014523904,hvg
1080.6023673359305,14.43608576,167.848349696,698981.014523904,hvg
1081.1033490020782,16.163467264,166.117888,698981.014523904,hvg
1081.6054630484432,16.470401024,165.80790272,698981.014523904,hvg
1082.1063675284386,16.470401024,165.80790272,698980.689231872,hvg
1082.6085347924381,12.614381568,169.668702208,698980.689231872,hvg
1083.1093238517642,12.614381568,169.668694016,698980.689231872,hvg
1083.6100171282887,12.614381568,169.666940928,698980.689231872,hvg
1084.1117507852614,12.614381568,169.666940928,698980.777996288,hvg
1084.6126502808183,3.727884288,178.562588672,698980.777996288,hvg
1085.1134391613305,4.714827776,177.559781376,698980.777996288,hvg
1085.6141681019217,6.353297408,175.915065344,698980.777996288,hvg
1086.1156712323427,9.03204864,173.22913792,698980.94569472,hvg
1086.6174975521863,9.005891584,173.282893824,698980.94569472,hvg
1087.119143364951,8.148004864,174.140715008,698980.94569472,hvg
1087.6210875865072,6.375067648,175.914586112,698980.94569472,hvg
1088.121868794784,3.771342848,178.52340224,698980.936798208,hvg
1088.6229979079217,4.724989952,177.549221888,698980.936798208,hvg
1089.1238299366087,6.157492224,176.101814272,698980.936798208,hvg
1089.624653276056,8.397217792,173.855322112,698980.936798208,hvg
1090.126297019422,8.521781248,173.727748096,698980.881506304,hvg
1090.6303525883704,7.780151296,174.49336832,698980.881506304,hvg
1091.1325802374631,4.89230336,177.40208128,698980.881506304,hvg
1091.6334613915533,3.727884288,178.56694272,698980.881506304,hvg
1092.1341631729156,4.658470912,177.619677184,698980.71138304,hvg
1092.635043606162,6.067494912,176.196886528,698980.71138304,hvg
1093.136100511998,8.382980096,173.872758784,698980.71138304,hvg
1093.637231791392,9.540288512,172.704247808,698980.71138304,hvg
1094.1383942849934,6.905454592,175.339507712,698980.640477184,hvg
1094.6396063808352,6.40192512,175.843127296,698980.640477184,hvg
1095.1406142879277,5.327020032,176.953176064,698980.640477184,hvg
1095.6414119005203,5.327020032,176.951218176,698980.640477184,hvg
1096.1424342598766,4.184850432,178.084233216,698980.341100544,hvg
1096.647033892572,5.281406976,176.98768896,698980.341100544,hvg
1097.1477613653988,6.526009344,175.724904448,698980.341100544,hvg
1097.6487099099904,9.546252288,172.694032384,698980.341100544,hvg
1098.1495227199048,11.956953088,170.278588416,698980.246904832,hvg
1098.6514090113342,13.407592448,168.82427904,698980.246904832,hvg
1099.1526275239885,13.880754176,168.413138944,698980.246904832,hvg
1099.653456673026,11.24145152,171.053387776,698980.246904832,hvg
1100.1544935088605,5.350453248,176.950603776,698980.203978752,hvg
1100.655484981835,3.970699264,178.32400896,698980.203978752,hvg
1101.1563488133252,5.288300544,176.999542784,698980.203978752,hvg
1101.6571952141821,6.405697536,175.863545856,698980.203978752,hvg
1102.1584121827036,8.4358144,173.814775808,698980.200394752,hvg
1102.6597403455526,11.011428352,171.23125248,698980.200394752,hvg
1103.1606497094035,12.779921408,169.487753216,698980.200394752,hvg
1103.6616774722934,15.085146112,167.20799744,698980.200394752,hvg
1104.1631034836173,12.96779264,169.327026176,698980.188413952,hvg
1104.664600417018,7.893016576,174.408036352,698980.188413952,hvg
1105.1654835119843,7.893016576,174.408163328,698980.188413952,hvg
1105.66630756855,8.286748672,174.011027456,698980.188413952,hvg
1106.1677051372826,8.706740224,173.591003136,698979.960315904,hvg
1106.6689960695803,6.578569216,175.722057728,698979.960315904,hvg
1107.1697519924492,6.578569216,175.736045568,698979.960315904,hvg
1107.6705588884652,6.578569216,175.732289536,698979.960315904,hvg
1108.1713406611234,3.747561472,178.549518336,698979.956576256,hvg
1108.6723585389555,4.82664448,177.435856896,698979.956576256,hvg
1109.1732238922268,6.10516992,176.148389888,698979.956576256,hvg
1109.6740962415934,7.452332032,174.793003008,698979.956576256,hvg
1110.1761266067624,10.36230656,171.868073984,698979.86246656,hvg
1110.6775360237807,14.698631168,167.522562048,698979.86246656,hvg
1111.1783198285848,15.654776832,166.5651712,698979.86246656,hvg
1111.6790538597852,17.394593792,164.88871936,698979.86246656,hvg
1112.181082027033,19.695300608,162.584727552,698979.921248256,hvg
1112.6822703126818,20.420595712,161.858097152,698979.921248256,hvg
1113.1841618046165,14.686892032,167.600074752,698979.921248256,hvg
1113.685171322897,10.343440384,171.946033152,698979.921248256,hvg
1114.1870743893087,6.236368896,176.059457536,698979.965218816,hvg
1114.6880703847855,4.387237888,177.908330496,698979.965218816,hvg
1115.189027596265,5.32471808,176.948518912,698979.965218816,hvg
1115.6900314055383,6.3826944,175.903510528,698979.965218816,hvg
1116.1919204238802,8.07364608,174.201286656,698980.014620672,hvg
1116.6930643822998,10.343944192,171.914596352,698980.014620672,hvg
1117.1952775418758,14.124384256,168.127983616,698980.014620672,hvg
1117.696752551943,15.981899776,166.274125824,698980.014620672,hvg
1118.1987749729306,16.323244032,165.932675072,698979.976269824,hvg
1118.700106056407,15.345369088,166.910078976,698979.976269824,hvg
1119.2008603867143,14.198382592,168.060346368,698979.976269824,hvg
1119.7016177978367,14.198382592,168.088870912,698979.976269824,hvg
1120.2033747117966,8.188153856,174.107635712,698979.87145728,hvg
1120.7048223726451,6.179016704,176.119738368,698979.87145728,hvg
1121.205819632858,4.193431552,178.061348864,698979.87145728,hvg
1121.7067993413657,5.076094976,177.165131776,698979.87145728,hvg
1122.2076286617666,6.503964672,175.729606656,698979.751739392,hvg
1122.7086593788117,7.933698048,174.295027712,698979.751739392,hvg
1123.209548952058,10.721595392,171.498369024,698979.751739392,hvg
1123.7105858400464,15.1776256,167.03363072,698979.751739392,hvg
1124.2118345312774,16.419586048,165.85541632,698981.360058368,hvg
1124.7136089988053,17.567346688,164.702568448,698981.360058368,hvg
1125.2150600720197,19.718864896,162.547068928,698981.360058368,hvg
1125.7171283438802,19.935760384,162.311143424,698981.360058368,hvg
1126.2188413329422,18.146934784,164.09591808,698981.413625856,hvg
1126.7209441810846,13.678592,168.59129856,698981.413625856,hvg
1127.222106155008,9.009713152,173.278572544,698981.413625856,hvg
1127.7232583612204,3.947925504,178.29844992,698981.413625856,hvg
1128.2240972612053,4.69686272,177.582313472,698983.078404096,hvg
1128.7250725403428,5.7786368,176.482656256,698983.078404096,hvg
1129.2258324790746,6.98476544,175.253864448,698983.078404096,hvg
1129.726751897484,8.590082048,173.602394112,698983.078404096,hvg
1130.2276811897755,9.752510464,172.4300288,698982.9804032,hvg
1130.7289291732013,11.869970432,170.303565824,698982.9804032,hvg
1131.2303761411458,14.478876672,167.685804032,698982.9804032,hvg
1131.7317170854658,15.618392064,166.538092544,698982.9804032,hvg
1132.2325749453157,18.889043968,163.335749632,698982.23618048,hvg
1132.7339281011373,21.389774848,160.881975296,698982.23618048,hvg
1133.2349117919803,23.49172736,158.776766464,698982.23618048,hvg
1133.7358186990023,23.49172736,158.77453824,698982.23618048,hvg
1134.2365370467305,23.67688704,158.589038592,698981.894238208,hvg
1134.7376897260547,25.563070464,156.69536768,698981.894238208,hvg
1135.2390300445259,24.58294272,157.676572672,698981.894238208,hvg
1135.740298004821,22.387101696,159.876366336,698981.894238208,hvg
1136.241665583104,23.582199808,158.678642688,698981.763260416,hvg
1136.7431452609599,23.626276864,158.630363136,698981.763260416,hvg
1137.2443390022963,20.534370304,161.70555392,698981.763260416,hvg
1137.7454267274588,16.371273728,165.897756672,698981.763260416,hvg
1138.2461769413203,16.371273728,165.911097344,698981.897039872,hvg
1138.7475762702525,8.118562816,174.173954048,698981.897039872,hvg
1139.2486343439668,8.118562816,174.173954048,698981.897039872,hvg
1139.749540925026,4.055052288,178.241036288,698981.897039872,hvg
1140.2504981048405,5.245952,177.03419904,698982.251593728,hvg
1140.7515595443547,6.431727616,175.8618624,698982.251593728,hvg
1141.252356313169,7.711809536,174.562189312,698982.251593728,hvg
1141.7532069087029,8.878624768,173.383540736,698982.251593728,hvg
1142.254096833989,10.113007616,172.137897984,698982.68377088,hvg
1142.7550980560482,11.295092736,170.934378496,698982.68377088,hvg
1143.2559625189751,12.521013248,169.690243072,698982.68377088,hvg
1143.7568522766232,15.460999168,166.737944576,698982.68377088,hvg
1144.2579405158758,19.8984704,162.284613632,698982.735966208,hvg
1144.758950361982,23.617953792,158.637105152,698982.735966208,hvg
1145.261352116242,26.272243712,155.990409216,698982.735966208,hvg
1145.7630179300904,27.421249536,154.83795456,698982.735966208,hvg
1146.2644808050245,28.987785216,153.269354496,698982.771216384,hvg
1146.7659022510052,30.03625472,152.216727552,698982.771216384,hvg
1147.2679463513196,32.06569984,150.183645184,698982.771216384,hvg
1147.7691516652703,33.819869184,148.423839744,698982.771216384,hvg
1148.2699849512428,34.866745344,147.388317696,698982.787846144,hvg
1148.7709980402142,36.24886272,146.001944576,698982.787846144,hvg
1149.2728145811707,33.3222912,148.93027328,698982.787846144,hvg
1149.7740913648158,30.553567232,151.704584192,698982.787846144,hvg
1150.2751685921103,30.553567232,151.704772608,698982.54813184,hvg
1150.7761596031487,22.30779904,159.96207104,698982.54813184,hvg
1151.2780724838376,13.681983488,168.602841088,698982.54813184,hvg
1151.7792622670531,13.681983488,168.600973312,698982.54813184,hvg
1152.2805059067905,13.681983488,168.600973312,698981.464866816,hvg
1152.7818133626133,8.843911168,173.44567296,698981.464866816,hvg
1153.2835033237934,8.843911168,173.456683008,698981.464866816,hvg
1153.7841280288994,4.546678784,177.751789568,698981.464866816,hvg
1154.2848777323961,5.542014976,176.70795264,698981.277888512,hvg
1154.7859941199422,6.741962752,175.495847936,698981.277888512,hvg
1155.2869365755469,8.045699072,174.178934784,698981.277888512,hvg
1155.7877290602773,9.308094464,172.900253696,698981.277888512,hvg
1156.2886518910527,11.329470464,170.863992832,698981.176905728,hvg
1156.7897358778864,13.639651328,168.536690688,698981.176905728,hvg
1157.2909531798214,15.359512576,166.90280448,698981.176905728,hvg
1157.792387764901,16.995069952,165.264064512,698981.176905728,hvg
1158.2937194574624,20.235476992,162.015756288,698981.246521344,hvg
1158.795528743416,24.148328448,158.095110144,698981.246521344,hvg
1159.2969628926367,27.694686208,154.542616576,698981.246521344,hvg
1159.7981445081532,28.468670464,153.763262464,698981.246521344,hvg
1160.2999910078943,27.458732032,154.763280384,698981.394944,hvg
1160.8014515414834,26.85671424,155.375788032,698981.394944,hvg
1161.3025806490332,26.903298048,155.361574912,698981.394944,hvg
1161.8039701562375,25.77451008,156.487282688,698981.394944,hvg
1162.3055289052427,28.545388544,153.711681536,698981.55599872,hvg
1162.8072694689035,28.809437184,153.446576128,698981.55599872,hvg
1163.308679945767,26.40809984,155.862704128,698981.55599872,hvg
1163.8099464401603,26.408226816,155.857055744,698981.55599872,hvg
1164.3109218534082,26.408411136,155.855294464,698981.465440256,hvg
1164.8118902370334,26.408411136,155.857678336,698981.465440256,hvg
1165.3126166649163,17.818615808,164.46216192,698981.465440256,hvg
1165.814207907766,13.385101312,168.89915392,698981.465440256,hvg
1166.3162221424282,8.801746944,173.49011456,698981.621743616,hvg
1166.8178359437734,8.801746944,173.491068928,698981.621743616,hvg
1167.3186564333737,4.1888768,178.105225216,698981.621743616,hvg
1167.8194971568882,5.401837568,176.8674304,698981.621743616,hvg
1168.3206744398922,6.507220992,175.745277952,698981.6129536,hvg
1168.825349535793,7.603027968,174.620909568,698981.6129536,hvg
1169.3262852802873,8.788611072,173.413310464,698981.6129536,hvg
1169.8271032143384,10.857979904,171.425325056,698981.6129536,hvg
1170.328161796555,12.023410688,170.24925696,698981.471256576,hvg
1170.82925696671,14.143340544,168.122331136,698981.471256576,hvg
1171.3306280579418,18.212347904,164.041486336,698981.471256576,hvg
1171.832161469385,21.948243968,160.292098048,698981.471256576,hvg
1172.3341138157994,24.339308544,157.895581696,698981.396774912,hvg
1172.8361641969532,25.538920448,156.693938176,698981.396774912,hvg
1173.3379230871797,24.869060608,157.372878848,698981.396774912,hvg
1173.8397295866162,25.625255936,156.646391808,698981.396774912,hvg
1174.341774057597,27.534045184,154.7341824,698981.951660032,hvg
1174.8441024962813,29.137412096,153.12867328,698981.951660032,hvg
1175.3450102563947,29.82883328,152.436277248,698981.951660032,hvg
1175.8459031246603,27.710222336,154.553217024,698981.951660032,hvg
1176.3467697165906,28.023332864,154.239664128,698984.409612288,hvg
1176.8477759473026,28.968902656,153.292619776,698984.409612288,hvg
1177.3486108854413,21.897007104,160.375865344,698984.409612288,hvg
1177.8493362031877,17.842229248,164.435279872,698984.859684864,hvg
1178.3502220585942,13.77646592,168.508022784,698984.859684864,hvg
1178.85092677176,13.77646592,168.520228864,698984.859684864,hvg
1179.351572714746,13.776523264,168.520228864,698984.859684864,hvg
1179.8523652628064,8.915116032,173.38912768,698984.876597248,hvg
1180.353378744796,8.915116032,173.38912768,698984.876597248,hvg
1180.854565186426,8.915116032,173.387411456,698984.876597248,hvg
1181.3554892800748,4.519043072,177.776943104,698984.876597248,hvg
1181.8564149066806,5.708525568,176.569163776,698985.514545152,hvg
1182.357450729236,6.669111296,175.581384704,698985.514545152,hvg
1182.8581654261798,7.845228544,174.383812608,698985.514545152,hvg
1183.3593225572258,9.471954944,172.745588736,698985.514545152,hvg
1183.8605877887458,10.873708544,171.329429504,698986.195746816,hvg
1184.3643741086125,13.165334528,169.031102464,698986.195746816,hvg
1184.8656449895352,15.60315904,166.583967744,698986.195746816,hvg
1185.3665938414633,17.87836416,164.297924608,698986.195746816,hvg
1185.8674933239818,17.329995776,164.839727104,698986.06751744,hvg
1186.3686780445278,20.111396864,162.149142528,698986.06751744,hvg
1186.8699795845896,22.076366848,160.17805312,698986.06751744,hvg
1187.3709638044238,25.122992128,157.12569344,698986.06751744,hvg
1187.8730017766356,26.260844544,155.983028224,698986.059665408,hvg
1188.374115364626,23.675858944,158.571716608,698986.059665408,hvg
1188.8756892718375,20.775530496,161.485910016,698986.059665408,hvg
1189.3766493983567,21.85744384,160.40194048,698986.059665408,hvg
1189.8774243332446,18.64497152,163.618983936,698986.02217472,hvg
1190.3784724883735,15.165239296,167.104323584,698986.02217472,hvg
1190.8801581971347,17.78761728,164.473049088,698986.02217472,hvg
1191.3811397682875,18.04787712,164.212436992,698986.02217472,hvg
1191.8830179087818,18.04787712,164.212707328,698985.851006976,hvg
1192.3839286081493,13.868826624,168.399355904,698985.851006976,hvg
1192.8856570329517,13.868826624,168.395501568,698985.851006976,hvg
1193.3862572889775,13.868826624,168.395501568,698985.851006976,hvg
1193.888001659885,13.868826624,168.395501568,698985.851006976,hvg
1194.3910150695592,13.868826624,168.406511616,698985.851006976,hvg
1194.8917331118137,3.955654656,178.310848512,698985.851006976,hvg
1195.3926251493394,5.011615744,177.212203008,698985.851006976,hvg
1195.8934729974717,6.227386368,175.986724864,698986.542804992,hvg
1196.3944311980158,7.55884032,174.643634176,698986.542804992,hvg
1196.8952990174294,9.302990848,172.889985024,698986.542804992,hvg
1197.3961671367288,10.401349632,171.766050816,698986.542804992,hvg
1197.8972032088786,12.33166336,169.82675456,698986.611613696,hvg
1198.3983341604471,15.10045696,167.050702848,698986.611613696,hvg
1198.900155292824,17.769091072,164.441501696,698986.611613696,hvg
1199.401145318523,20.875538432,161.399939072,698986.611613696,hvg
1199.9023096244782,21.211734016,161.060941824,698986.05129728,hvg
1200.4039157871157,22.678491136,159.590887424,698986.05129728,hvg
1200.9050154909492,24.672620544,157.591568384,698986.05129728,hvg
1201.4059476088732,25.836412928,156.425310208,698986.05129728,hvg
1201.9076350200921,26.7357184,155.522613248,698985.139806208,hvg
1202.4086669012904,27.509972992,154.747052032,698985.139806208,hvg
1202.9095584861934,29.098663936,153.15286016,698985.139806208,hvg
1203.4103108663112,25.819885568,156.436840448,698985.139806208,hvg
1203.9117734208703,23.003406336,159.256260608,698985.139806208,hvg
1204.413322865963,17.012621312,165.268017152,698985.139806208,hvg
1204.913963969797,17.012621312,165.266767872,698985.139806208,hvg
1205.414937403053,13.327937536,168.957022208,698985.139806208,hvg
1205.9163587093353,13.327937536,168.955559936,698985.6456704,hvg
1206.4171023517847,8.73811968,173.552734208,698985.6456704,hvg
1206.9179144501686,8.73811968,173.55118592,698985.6456704,hvg
1207.418573025614,8.73811968,173.551312896,698985.6456704,hvg
1207.9193013999611,3.774746624,178.521636864,698985.649897472,hvg
1208.4201605208218,4.7997952,177.482829824,698985.649897472,hvg
1208.9210017174482,5.852209152,176.411275264,698985.649897472,hvg
1209.42205314897,6.903242752,175.326646272,698985.649897472,hvg
1209.92310253717,8.31232,173.912076288,698985.64849664,hvg
1210.424130415544,10.553352192,171.651817472,698985.64849664,hvg
1210.9249332211912,11.522781184,170.66604544,698985.64849664,hvg
1211.4258942622691,14.042734592,168.136138752,698985.64849664,hvg
1211.927267704159,16.66256896,165.607317504,698985.542230016,hvg
1212.4288180731237,17.887305728,164.377800704,698985.542230016,hvg
1212.929940348491,18.431205376,163.82631936,698985.542230016,hvg
1213.4309409484267,18.973208576,163.282108416,698985.542230016,hvg
1213.9323363322765,22.75545088,159.49520896,698985.542230016,hvg
1214.4332954883575,22.937305088,159.312818176,698985.542230016,hvg
1214.9338964298368,22.937305088,159.320428544,698985.542230016,hvg
1215.434497980401,22.937305088,159.320428544,698985.542230016,hvg
1215.935054184869,21.237940224,161.02291456,698985.577734144,hvg
1216.4360661134124,18.679549952,163.58531072,698985.577734144,hvg
1216.9378738608211,20.013723648,162.244542464,698985.577734144,hvg
1217.4387062694877,22.05945856,160.195637248,698985.577734144,hvg
1217.9397588502616,22.05945856,160.19533824,698985.5407104,hvg
1218.440714256838,22.05945856,160.19570688,698985.5407104,hvg
1218.9415749255568,22.05945856,160.191664128,698985.5407104,hvg
1219.442799480632,17.696022528,164.562296832,698985.5407104,hvg
1219.9438032452017,13.422362624,168.8430592,698985.55138048,hvg
1220.4468036293983,13.422362624,168.852094976,698985.55138048,hvg
1220.9476115014404,3.7745664,178.51170816,698985.55138048,hvg
1221.448348261416,4.63460352,177.561821184,698985.55138048,hvg
1221.949088640511,5.825613824,176.42395648,698985.573584896,hvg
1222.450160112232,6.889095168,175.343104,698985.573584896,hvg
1222.950972000137,8.105070592,174.103261184,698985.573584896,hvg
1223.4516672138125,9.148928,173.041258496,698985.573584896,hvg
1223.9526303187013,10.414931968,171.758497792,698985.573584896,hvg
1224.453768223524,12.254969856,169.934495744,698985.573584896,hvg
1224.954637547955,14.063521792,168.20154368,698985.573584896,hvg
1225.4554070159793,16.74217472,165.516365824,698985.573584896,hvg
1225.9563726577908,21.218398208,161.045553152,698986.834272256,hvg
1226.4576437957585,26.57974272,155.673952256,698986.834272256,hvg
1226.9583625532687,26.669785088,155.578904576,698986.834272256,hvg
1227.459264639765,27.606601728,154.640973824,698986.834272256,hvg
1227.960447581485,28.300210176,153.94566144,698986.489126912,hvg
1228.461912887171,25.922945024,156.326842368,698986.489126912,hvg
1228.9636083003134,26.77690368,155.470012416,698986.489126912,hvg
1229.4647303204983,31.269289984,150.96973312,698986.489126912,hvg
1229.9658963009715,28.79983616,153.449254912,698986.187976704,hvg
1230.4678886439651,28.7998976,153.449508864,698986.187976704,hvg
1230.9688940327615,25.344847872,156.906237952,698986.187976704,hvg
1231.4695430267602,25.344847872,156.906237952,698986.187976704,hvg
1231.9706591721624,25.344847872,156.906143744,698985.768271872,hvg
1232.472125088796,21.269397504,160.98777088,698985.768271872,hvg
1232.972832588479,8.334270464,173.94415616,698985.768271872,hvg
1233.4737163800746,4.268589056,178.007212032,698985.768271872,hvg
1233.9749348051846,5.438439424,176.816013312,698985.768271872,hvg
1234.4760203622282,6.591700992,175.644307456,698985.768271872,hvg
1234.9767553973943,7.775404032,174.452523008,698985.768271872,hvg
1235.478555245325,8.872349696,173.318561792,698985.768271872,hvg
1235.9809775929898,10.688032768,171.48049408,698985.903587328,hvg
1236.4823203198612,12.104863744,170.053042176,698985.903587328,hvg
1236.9832019191235,14.185660416,167.957962752,698985.903587328,hvg
1237.484384149313,16.94793728,165.316378624,698985.903587328,hvg
1237.985671153292,19.148460032,163.10902784,698985.898704896,hvg
1238.4867450427264,20.617879552,161.631174656,698985.898704896,hvg
1238.9879506770521,24.342581248,157.899526144,698985.898704896,hvg
1239.4888042043895,25.281765376,156.95714304,698985.898704896,hvg
1239.989944268018,27.15439104,155.080216576,698985.900490752,hvg
1240.4942827764899,29.088272384,153.155375104,698985.900490752,hvg
1240.9955265931785,29.340864512,152.900550656,698985.900490752,hvg
1241.4966628849506,26.288570368,155.990269952,698985.900490752,hvg
1241.9976459294558,26.288570368,155.985948672,698985.88295168,hvg
1242.498443344608,27.11875584,155.154006016,698985.88295168,hvg
1242.9991281647235,28.219600896,154.051612672,698985.88295168,hvg
1243.4999385084957,23.331643392,158.945906688,698985.88295168,hvg
1244.001161204651,24.579166208,157.69315328,698985.88295168,hvg
1244.502190982923,24.579166208,157.693145088,698985.88295168,hvg
1245.0039744488895,24.579166208,157.693145088,698985.88295168,hvg
1245.5046205241233,24.579166208,157.70179584,698985.88295168,hvg
1246.0052658431232,24.579166208,157.697765376,698985.907986432,hvg
1246.5071709267795,19.770994688,162.514108416,698985.907986432,hvg
1247.0089388601482,19.770994688,162.51510784,698985.907986432,hvg
1247.5098737534136,10.28425728,171.982307328,698985.907986432,hvg
1248.0106773935258,3.74923264,178.557075456,698985.902415872,hvg
1248.5118503831327,5.034205184,177.253797888,698985.902415872,hvg
1249.0125907063484,5.986816,176.285089792,698985.902415872,hvg
1249.5138191562146,7.032553472,175.175217152,698985.902415872,hvg
1250.015716901049,8.188407808,174.078427136,698985.831878656,hvg
1250.5205556564033,9.911549952,172.36017152,698985.831878656,hvg
1251.021490605548,11.895656448,170.366263296,698985.831878656,hvg
1251.5224493406713,14.6267136,167.626809344,698985.831878656,hvg
1252.0236494187266,17.054089216,165.189070848,698985.487978496,hvg
1252.5248507522047,18.946076672,163.28978432,698985.487978496,hvg
1253.025955112651,22.772330496,159.454265344,698985.487978496,hvg
1253.5273415111005,23.686885376,158.536773632,698985.487978496,hvg
1254.0286274570972,25.4692352,156.76162048,698985.487978496,hvg
1254.530060749501,25.469575168,156.783091712,698985.487978496,hvg
1255.0319111924618,25.469575168,156.780244992,698985.487978496,hvg
1255.5329584535211,22.759940096,159.503118336,698985.487978496,hvg
1256.033625293523,24.757129216,157.498527744,698984.507707392,hvg
1256.5349097121507,20.041961472,162.222034944,698984.507707392,hvg
1257.0355887655169,21.583003648,160.67751936,698984.507707392,hvg
1257.5361928120255,21.583003648,160.677634048,698984.507707392,hvg
1258.0373680163175,21.583003648,160.675311616,698984.531611648,hvg
1258.53852891922,21.583003648,160.67530752,698984.531611648,hvg
1259.0393333453685,21.583003648,160.67530752,698984.531611648,hvg
1259.540330344811,13.03064576,169.239461888,698984.531611648,hvg
1260.0415547061712,8.774803456,173.501292544,698984.6989824,hvg
1260.5427537243813,8.774803456,173.512556544,698984.6989824,hvg
1261.043561609462,4.263673856,178.02237952,698984.6989824,hvg
1261.5444468874484,5.392265216,176.871632896,698984.6989824,hvg
1262.0455186478794,6.5207296,175.720669184,698985.490272256,hvg
1262.5464947521687,7.767011328,174.467002368,698985.490272256,hvg
1263.0478845462203,8.796639232,173.48704256,698985.490272256,hvg
1263.549409372732,10.109878272,172.156731392,698985.490272256,hvg
1264.050261599943,11.682361344,170.571538432,698985.490272256,hvg
1264.5516314841807,13.717266432,168.528142336,698985.490272256,hvg
1265.0525740347803,16.508489728,165.724106752,698985.490272256,hvg
1265.553850620985,19.422507008,162.798358528,698985.490272256,hvg
1266.0547799281776,23.105622016,159.102959616,698985.40955648,hvg
1266.5596199091524,26.617389056,155.597070336,698985.40955648,hvg
1267.0603535585105,27.788337152,154.456981504,698985.40955648,hvg
1267.5614408720285,29.613285376,152.626159616,698985.40955648,hvg
1268.0621121488512,30.617071616,151.61862144,698985.43024128,hvg
1268.5630608163774,30.617071616,151.618670592,698985.43024128,hvg
1269.063766438514,28.973297664,153.265803264,698985.43024128,hvg
1269.5657576639205,31.118155776,151.11401472,698985.43024128,hvg
1270.0671378802508,29.561249792,152.671956992,698985.478234112,hvg
1270.5692729372531,29.561249792,152.671997952,698985.478234112,hvg
1271.0699797719717,27.250757632,154.995068928,698985.478234112,hvg
1271.5713061969727,27.39531776,154.849193984,698985.478234112,hvg
1272.073092026636,27.39531776,154.84551168,698985.496010752,hvg
1272.574037604034,22.91058688,159.338340352,698985.496010752,hvg
1273.0749982632697,13.750816768,168.51304448,698985.496010752,hvg
1273.575832983479,9.041076224,173.228408832,698985.496010752,hvg
1274.0775464214385,9.041076224,173.229166592,698985.496010752,hvg
1274.5795384384692,9.041076224,173.22903552,698985.496010752,hvg
1275.080540355295,4.472254464,177.77430528,698985.496010752,hvg
1275.5813470035791,4.696051712,177.594621952,698985.496010752,hvg
1276.0821856446564,5.699801088,176.574439424,698984.374616064,hvg
1276.586708124727,6.79360512,175.435173888,698984.374616064,hvg
1277.0876024682075,7.900966912,174.319398912,698984.374616064,hvg
1277.5883873663843,9.251074048,172.94897152,698984.374616064,hvg
1278.089394427836,10.471104512,171.714813952,698984.066371584,hvg
1278.590632101521,12.451323904,169.72926976,698984.066371584,hvg
1279.091650404036,15.779237888,166.389559296,698984.066371584,hvg
1279.5926824212074,19.762978816,162.395930624,698984.066371584,hvg
1280.0944068934768,23.532740608,158.70967808,698985.50687744,hvg
1280.595915345475,25.301803008,156.941799424,698985.50687744,hvg
1281.097307689488,26.987999232,155.24769792,698985.50687744,hvg
1281.5981127768755,28.174184448,154.058735616,698985.50687744,hvg
1282.0996913854033,29.17255168,153.069531136,698985.890009088,hvg
1282.6009057760239,30.599114752,151.639523328,698985.890009088,hvg
1283.1017623972148,32.406167552,149.825642496,698985.890009088,hvg
1283.6027063727379,29.961682944,152.274161664,698985.890009088,hvg
1284.1033611372113,31.536402432,150.697213952,698985.890009088,hvg
1284.6044045239687,25.237270528,157.002182656,698985.890009088,hvg
1285.105217691511,22.047035392,160.165871616,698985.890009088,hvg
1285.6059985384345,21.607596032,160.636874752,698985.890009088,hvg
1286.1066555902362,16.198832128,165.46400256,698985.869910016,hvg
1286.608609110117,13.175021568,169.083445248,698985.869910016,hvg
1287.1095652878284,9.697263616,172.552740864,698985.869910016,hvg
1287.6113383881748,8.804204544,173.47024896,698985.869910016,hvg
1288.1120302006602,3.781005312,178.501042176,698985.933344768,hvg
1288.6131382733583,4.785934336,177.482616832,698985.933344768,hvg
1289.114367119968,5.570433024,176.637661184,698985.933344768,hvg
1289.6152097266167,6.809587712,175.386529792,698985.933344768,hvg
1290.1167834885418,8.306139136,173.883203584,698985.872728064,hvg
1290.61788145639,11.30215424,170.877546496,698985.872728064,hvg
1291.1190468985587,13.716291584,168.45545472,698985.872728064,hvg
1291.6211150810122,16.219848704,165.947621376,698985.872728064,hvg
1292.1234733723104,19.18179328,162.978496512,698985.217536,hvg
1292.6276348847896,20.620660736,161.589190656,698985.217536,hvg
1293.128968084231,22.273429504,159.989174272,698985.217536,hvg
1293.6309610772878,18.872446976,163.392032768,698985.217536,hvg
1294.1328480653465,16.774180864,165.493886976,698985.217536,hvg
1294.635136835277,15.424032768,166.845730816,698985.217536,hvg
1295.1358690243214,13.058297856,169.21634816,698985.217536,hvg
1295.6368625052273,10.57083392,171.703816192,698985.217536,hvg
1296.137715069577,11.617898496,170.654969856,698985.491992576,hvg
1296.6391385998577,11.617898496,170.655522816,698985.491992576,hvg
1297.1405377797782,8.463204352,173.801275392,698985.491992576,hvg
1297.6423660796136,8.07616512,174.208262144,698985.491992576,hvg
1298.1431620214134,8.07616512,174.208262144,698985.551282176,hvg
1298.645145362243,8.07616512,174.208753664,698985.551282176,hvg
1299.1461830120534,8.07616512,174.209134592,698985.551282176,hvg
1299.6470678150654,4.46736384,177.794670592,698985.551282176,hvg
1300.1479799132794,5.621743616,176.624766976,698985.535029248,hvg
1300.649082545191,7.447261184,174.78868992,698985.535029248,hvg
1301.1500993240625,9.746825216,172.50420736,698985.535029248,hvg
1301.6515893470496,12.576079872,169.701789696,698985.535029248,hvg
1302.152711380273,14.792671232,167.481339904,698985.326772224,hvg
1302.6571453567594,12.7241216,169.565769728,698985.326772224,hvg
1303.1590246725827,12.541923328,169.748115456,698985.326772224,hvg
1303.6615543365479,11.747508224,170.539573248,698985.326772224,hvg
1304.1636430844665,11.747508224,170.539573248,698985.326772224,hvg
1304.6647976711392,5.91710208,176.379731968,698985.326772224,hvg
1305.1654588133097,3.72789248,178.57077248,698985.326772224,hvg
1305.6660448201,4.889829376,177.383866368,698985.326772224,hvg
1306.166670979932,5.869125632,176.374657024,698985.292222464,hvg
1306.6677631083876,7.727521792,174.51108352,698985.292222464,hvg
1307.1691242251545,11.579154432,170.65183232,698985.292222464,hvg
1307.6704913824797,12.838985728,169.396547584,698985.292222464,hvg
1308.171353528276,15.112036352,167.121031168,698985.293643776,hvg
1308.6729226261377,14.263013376,167.9716352,698985.293643776,hvg
1309.1751467119902,7.173562368,175.069200384,698985.293643776,hvg
1309.6758586093783,5.580619776,176.671260672,698985.293643776,hvg
1310.1766531318426,3.72789248,178.549559296,698985.299816448,hvg
1310.677881496027,4.822626304,177.43515648,698985.299816448,hvg
1311.178739713505,5.757730816,176.482635776,698985.299816448,hvg
1311.6799336895347,9.09656064,173.134282752,698985.299816448,hvg
1312.1816843934357,10.614816768,171.612921856,698985.37261056,hvg
1312.6829987242818,12.536020992,169.682608128,698985.37261056,hvg
1313.1849207170308,8.439005184,173.783465984,698985.37261056,hvg
1313.685674265027,3.72789248,178.503405568,698985.37261056,hvg
1314.1864592712373,4.607066112,177.682702336,698985.37261056,hvg
1314.6874823551625,5.771436032,176.498827264,698985.37261056,hvg
1315.1883511524647,8.422817792,173.834768384,698985.37261056,hvg
1315.6893320605159,10.352541696,171.902783488,698985.37261056,hvg
1316.1903015226126,11.360432128,170.893320192,698985.648074752,hvg
1316.6915187723935,8.235237376,173.977096192,698985.648074752,hvg
1317.1923406720161,3.913555968,178.341974016,698985.648074752,hvg
1317.6930917315185,4.963598336,177.273430016,698985.648074752,hvg
1318.1938630528748,5.974908928,176.249131008,698985.487437824,hvg
1318.6948924083263,8.605294592,173.680939008,698985.487437824,hvg
1319.1961425784975,10.709868544,171.572547584,698985.487437824,hvg
1319.697358975187,11.011006464,171.2666624,698985.487437824,hvg
1320.198711000383,7.444340736,174.83671552,698985.364893696,hvg
1320.7000785972923,6.669369344,175.612940288,698985.364893696,hvg
1321.2015115767717,5.3464064,176.93792256,698985.364893696,hvg
1321.7024714015424,3.72789248,178.556985344,698985.364893696,hvg
1322.2033358737826,4.529344512,177.716543488,698986.5549824,hvg
1322.704501349479,5.744095232,176.48685056,698986.5549824,hvg
1323.2057959455997,7.20707584,175.080562688,698986.5549824,hvg
1323.706979367882,10.391240704,171.884568576,698986.5549824,hvg
1324.2083155214787,13.221638144,169.047924736,698986.5549824,hvg
1324.712374145165,14.843793408,167.434555392,698986.5549824,hvg
1325.213288512081,16.87083008,165.404655616,698986.5549824,hvg
1325.71444173716,13.982711808,168.290582528,698986.5549824,hvg
1326.2304911874235,11.643650048,170.632450048,698986.547163136,hvg
1326.7317903172225,6.21568,176.069603328,698986.547163136,hvg
1327.2328780330718,6.21568,176.069603328,698986.547163136,hvg
1327.7338512074202,6.21568,176.065974272,698986.547163136,hvg
1328.2347721345723,3.931385856,178.347778048,698986.304425984,hvg
1328.7359773349017,5.114134528,177.126326272,698986.304425984,hvg
1329.2368698194623,6.218297344,176.019427328,698986.304425984,hvg
1329.737784679979,8.445886464,173.78408448,698986.304425984,hvg
1330.238609176129,11.02125056,171.198468096,698986.44574208,hvg
1330.740029329434,13.354336256,168.859734016,698986.44574208,hvg
1331.2414592485875,13.309140992,168.903749632,698986.44574208,hvg
1331.7428197469562,13.328101376,168.943423488,698986.44574208,hvg
1332.2441428657621,12.901679104,169.369964544,698987.319054336,hvg
1332.745925085619,10.401091584,171.874664448,698987.319054336,hvg
1333.2471022959799,10.401091584,171.873447936,698987.319054336,hvg
1333.7478309608996,8.442179584,173.83606272,698987.319054336,hvg
1334.2490597367287,6.28180992,176.0,698987.319054336,hvg
1334.7526223734021,3.748511744,178.546532352,698987.319054336,hvg
1335.2534916847944,4.956430336,177.322340352,698987.319054336,hvg
1335.7543798852712,5.904478208,176.348352512,698987.319054336,hvg
1336.255085742101,8.628924416,173.645381632,698987.47879424,hvg
1336.7560511045158,10.360127488,171.905712128,698987.47879424,hvg
1337.2576274368912,13.805826048,168.454967296,698987.47879424,hvg
1337.758546013385,13.834858496,168.424230912,698987.47879424,hvg
1338.2593542244285,10.912751616,171.348230144,698988.182073344,hvg
1338.7608393412083,10.959835136,171.297026048,698988.182073344,hvg
1339.2618928719312,9.331884032,172.928200704,698988.182073344,hvg
1339.7632636260241,5.694451712,176.571129856,698988.182073344,hvg
1340.2640608567744,4.66016256,177.626333184,698988.868599808,hvg
1340.7653185613453,5.756346368,176.513077248,698988.868599808,hvg
1341.2661413438618,7.54835456,174.707945472,698988.868599808,hvg
1341.7671704869717,9.98232064,172.260798464,698988.868599808,hvg
1342.2683775015175,13.166772224,169.071251456,698988.878180352,hvg
1342.769936060533,14.218080256,168.014094336,698988.878180352,hvg
1343.2718464192003,15.943335936,166.2864384,698988.878180352,hvg
1343.7730966638774,11.527852032,170.708860928,698988.878180352,hvg
1344.286024864763,5.330538496,176.62349312,698988.878180352,hvg
1344.7870628759265,4.274941952,178.01201664,698988.878180352,hvg
1345.2879322003573,5.521481728,176.754515968,698988.878180352,hvg
1345.788798071444,6.61080064,175.655030784,698988.878180352,hvg
1346.2900483254343,8.872984576,173.37188352,698988.975976448,hvg
1346.7913293447345,12.685590528,169.55322368,698988.975976448,hvg
1347.2932914365083,14.189457408,168.047546368,698988.975976448,hvg
1347.7941947262734,16.15366144,166.076796928,698988.975976448,hvg
1348.2956767510623,17.525497856,164.703490048,698988.971794432,hvg
1348.7975136339664,13.120229376,169.110810624,698988.971794432,hvg
1349.2991774007678,11.94493952,170.321969152,698988.971794432,hvg
1349.8007564209402,6.389067776,175.883522048,698988.971794432,hvg
1350.3023583889008,6.389067776,175.897014272,698989.041434624,hvg
1350.8040463496,6.389067776,175.89563392,698989.041434624,hvg
1351.3054690714926,6.389067776,175.895760896,698989.041434624,hvg
1351.8065207209438,3.840598016,178.440196096,698989.041434624,hvg
1352.307569425553,5.003378688,177.252876288,698989.140549632,hvg
1352.8088223934174,6.142103552,176.095113216,698989.140549632,hvg
1353.3098494652659,7.550898176,174.735347712,698989.140549632,hvg
1353.8107333555818,10.033020928,172.238278656,698989.140549632,hvg
1354.3114696685225,13.19860224,169.061707776,698989.125402624,hvg
1354.8131282720715,15.915966464,166.342877184,698989.125402624,hvg
1355.3141120709479,16.69556224,165.573390336,698989.125402624,hvg
1355.8160937745124,18.092064768,164.173996032,698989.125402624,hvg
1356.3174143880606,14.244786176,168.022949888,698989.113073664,hvg
1356.8182501960546,12.522397696,169.74456832,698989.113073664,hvg
1357.3200182970613,12.522397696,169.74456832,698989.113073664,hvg
1357.821065992117,6.053974016,176.223571968,698989.113073664,hvg
1358.32214079611,4.170579968,178.100813824,698989.10488576,hvg
1358.8234185129404,5.127872512,177.125822464,698989.10488576,hvg
1359.32422215119,6.584619008,175.652548608,698989.10488576,hvg
1359.825057901442,9.006669824,173.230460928,698989.10488576,hvg
1360.3267017509788,11.334590464,170.897113088,698989.067706368,hvg
1360.8288183547556,10.965835776,171.262500864,698989.067706368,hvg
1361.3300359733403,8.826855424,173.404143616,698989.067706368,hvg
1361.830896731466,7.405232128,174.895845376,698989.067706368,hvg
1362.3328349404037,7.405232128,174.895845376,698990.464712704,hvg
1362.8349488098174,7.405350912,174.8913152,698990.464712704,hvg
1363.3360060695559,3.88179968,178.418290688,698990.464712704,hvg
1363.837086385116,5.168295936,177.113391104,698990.464712704,hvg
1364.3381610494107,5.841137664,176.42582016,698990.50868736,hvg
1364.8392952363938,6.734102528,175.506956288,698990.50868736,hvg
1365.3411035146564,9.408589824,172.817608704,698990.50868736,hvg
1365.8423849344254,11.537969152,170.693832704,698990.50868736,hvg
1366.3436702918261,14.976622592,167.3109504,698990.487658496,hvg
1366.845514798537,16.098164736,166.182977536,698990.487658496,hvg
1367.346815334633,15.523540992,166.757097472,698990.487658496,hvg
1367.848500739783,11.958718464,170.32507392,698990.480408576,hvg
1368.34981626831,12.301955072,169.981587456,698990.480408576,hvg
1368.8507429566234,11.038441472,171.245826048,698990.480408576,hvg
1369.351402034983,9.472249856,172.699967488,698990.480408576,hvg
1369.853037768975,8.848392192,173.446221824,698990.478446592,hvg
1370.3540793024004,6.332264448,175.9665152,698990.478446592,hvg
1370.855086132884,3.72789248,178.574184448,698990.478446592,hvg
1371.3559783250093,4.664901632,177.603190784,698990.478446592,hvg
1371.8568115718663,5.610192896,176.649965568,698990.013280256,hvg
1372.357797447592,6.98990592,175.257612288,698990.013280256,hvg
1372.8586621247232,10.02698752,172.210548736,698990.013280256,hvg
1373.3597617298365,11.287539712,170.944806912,698990.013280256,hvg
1373.8606565464288,12.839305216,169.387794432,698990.013280256,hvg
1374.3628312330693,13.401726976,168.824139776,698990.013280256,hvg
1374.8636825252324,14.31320576,167.984910336,698990.013280256,hvg
1375.3647728525102,12.684693504,169.616797696,698990.013280256,hvg
1375.8655466418713,6.07209472,176.166428672,698989.42066688,hvg
1376.3665403351188,3.72789248,178.586095616,698989.42066688,hvg
1376.8673033285886,4.704968704,177.585053696,698989.42066688,hvg
1377.3680245168507,6.29665792,175.982579712,698989.42066688,hvg
1377.8688650988042,8.104886272,174.162046976,698989.506121728,hvg
1378.3703023958951,10.276630528,171.987206144,698989.506121728,hvg
1378.871151715517,9.474555904,172.82074624,698989.506121728,hvg
1379.3727492131293,5.716361216,176.581685248,698989.506121728,hvg
1379.8735449444503,4.125528064,178.144198656,698989.758476288,hvg
1380.3778599891812,5.406961664,176.869236736,698989.758476288,hvg
1380.8787932246923,8.449855488,173.82115328,698989.758476288,hvg
1381.3801596295089,10.576621568,171.688738816,698989.758476288,hvg
1381.8810946848243,10.500481024,171.75973888,698989.867003904,hvg
1382.3824139758945,4.72393728,177.542967296,698989.867003904,hvg
1382.883159296587,4.334477312,177.922637824,698989.867003904,hvg
1383.3840411528945,5.950693376,176.32028672,698989.867003904,hvg
1383.8849973324686,8.248029184,174.016999424,698989.867003904,hvg
1384.3869816903025,8.902750208,173.35922688,698989.867003904,hvg
1384.8878367710859,3.72789248,178.541719552,698989.867003904,hvg
1385.388542605564,4.720975872,177.536425984,698989.867003904,hvg
1385.889186937362,6.217641984,176.025104384,698990.13752832,hvg
1386.390099985525,8.618799104,173.611388928,698990.13752832,hvg
1386.891201812774,9.247584256,172.983934976,698990.13752832,hvg
1387.3925309479237,7.780880384,174.404968448,698990.13752832,hvg
1387.8932850174606,3.961597952,178.330914816,698990.306951168,hvg
1388.3942775167525,5.087858688,177.186684928,698990.306951168,hvg
1388.8952796403319,7.33851648,174.930153472,698990.306951168,hvg
1389.3967156726867,9.392365568,172.873367552,698990.306951168,hvg
1389.8976804520935,5.965676544,176.297222144,698990.668460032,hvg
1390.3986906129867,4.171173888,178.077437952,698990.668460032,hvg
1390.8996534850448,5.324464128,176.921612288,698990.668460032,hvg
1391.4005970265716,6.836883456,175.460900864,698990.668460032,hvg
1391.901716278866,9.572462592,172.712308736,698990.552080384,hvg
1392.403042929247,11.77030656,170.50806272,698990.552080384,hvg
1392.9040656480938,14.08714752,168.190021632,698990.552080384,hvg
1393.4049267601222,11.759603712,170.520666112,698990.552080384,hvg
1393.9058766365051,7.403352064,174.8759552,698990.552080384,hvg
1394.407005785033,7.521112064,174.758260736,698990.552080384,hvg
1394.9077429547906,7.521112064,174.758735872,698990.552080384,hvg
1395.4084378574044,5.71336704,176.580292608,698990.552080384,hvg
1395.909615797922,4.486856704,177.796046848,698990.667784192,hvg
1396.410580188036,5.6213504,176.635469824,698990.667784192,hvg
1396.9136323332787,8.07346176,174.169444352,698990.667784192,hvg
1397.4146169386804,10.033242112,172.201435136,698990.667784192,hvg
1397.9156557321548,12.135309312,170.093477888,698990.652309504,hvg
1398.4167635831982,11.069427712,171.161260032,698990.652309504,hvg
1398.917673824355,6.861299712,175.371841536,698990.652309504,hvg
1399.4186097290367,7.491497984,174.740795392,698990.652309504,hvg
1399.919479040429,7.491497984,174.805307392,698990.649442304,hvg
1400.4202882535756,5.68059904,176.630902784,698990.649442304,hvg
1400.9210169799626,4.224192512,178.062102528,698990.649442304,hvg
1401.421946451068,5.437288448,176.835514368,698990.649442304,hvg
1401.923325251788,7.46643456,174.79753728,698992.073248768,hvg
1402.4250179808587,10.461364224,171.795705856,698992.073248768,hvg
1402.9261030163616,12.755869696,169.497174016,698992.073248768,hvg
1403.427086263895,13.145280512,169.106726912,698992.073248768,hvg
1403.9280830007046,6.4550912,175.826919424,698992.073248768,hvg
1404.4291282966733,4.06700032,178.228600832,698992.073248768,hvg
1404.9299690686166,5.125758976,177.137958912,698992.073248768,hvg
1405.4308876413852,7.36167936,174.889570304,698992.073248768,hvg
1405.9319308400154,9.708433408,172.535054336,698992.316444672,hvg
1406.4331365600228,12.027039744,170.21100032,698992.316444672,hvg
1406.9342620465904,12.631474176,169.603551232,698992.316444672,hvg
1407.435286540538,4.778340352,177.464639488,698992.316444672,hvg
1407.9361714608967,4.371808256,177.930162176,698992.233172992,hvg
1408.4387777373195,5.340393472,176.948686848,698992.233172992,hvg
1408.939659524709,6.60473856,175.66439424,698992.233172992,hvg
1409.4406923335046,10.09639424,172.160712704,698992.233172992,hvg
1409.9417630191892,11.061448704,171.206918144,698992.256561152,hvg
1410.444015385583,12.471840768,169.7942528,698992.256561152,hvg
1410.9461406208575,12.471840768,169.793982464,698992.256561152,hvg
1411.4471215344965,3.72789248,178.5259008,698992.256561152,hvg
1411.9481769688427,4.981141504,177.287049216,698992.347492352,hvg
1412.4494025409222,6.368075776,175.892246528,698992.347492352,hvg
1412.9502867292613,9.427136512,172.819750912,698992.347492352,hvg
1413.451343268156,11.922927616,170.31811072,698992.347492352,hvg
1413.9524378124624,12.906471424,169.333895168,698992.347492352,hvg
1414.4536510203034,14.065086464,168.173223936,698992.347492352,hvg
1414.9547002241015,7.813009408,174.429474816,698992.347492352,hvg
1415.4555645603687,3.72789248,178.515689472,698992.347492352,hvg
1415.956452935934,4.976009216,177.32616192,698992.4527104,hvg
1416.4575407523662,5.913915392,176.37410816,698992.4527104,hvg
1416.9584638923407,7.2399872,175.031271424,698992.4527104,hvg
1417.4593436252326,10.422472704,171.840671744,698992.4527104,hvg
1417.9603733755648,13.305147392,168.953131008,698992.478240768,hvg
1418.461402092129,14.647353344,167.607857152,698992.478240768,hvg
1418.9625514615327,16.3418112,165.90815232,698992.478240768,hvg
1419.46355872415,13.722783744,168.529833984,698992.478240768,hvg
1419.9646076317877,9.012748288,173.27607808,698992.482250752,hvg
1420.4656702075154,5.539823616,176.751194112,698992.482250752,hvg
1420.966328350827,4.49282048,177.788850176,698992.482250752,hvg
1421.4671145696193,5.578768384,176.681107456,698992.482250752,hvg
1421.9682898893952,8.001568768,174.259613696,698992.29032448,hvg
1422.469993736595,10.6000384,171.65049856,698992.29032448,hvg
1422.9712132122368,12.258955264,169.986981888,698992.29032448,hvg
1423.4720784965903,9.847119872,172.400693248,698992.29032448,hvg
1423.973117545247,7.614017536,174.666043392,698992.29032448,hvg
1424.4741512648761,5.601869824,176.679981056,698992.29032448,hvg
1424.9751559123397,5.601869824,176.68009984,698992.29032448,hvg
1425.4760168809444,5.602082816,176.678801408,698992.29032448,hvg
1425.9767962284386,4.052410368,178.22765056,698992.39141376,hvg
1426.4782157186419,5.140344832,177.110904832,698992.39141376,hvg
1426.9790612254292,6.680612864,175.570456576,698992.39141376,hvg
1427.4801633693278,9.276735488,172.966977536,698992.39141376,hvg
1427.9810362327844,11.669090304,170.605162496,698992.387592192,hvg
1428.482212845236,12.999950336,169.293287424,698992.387592192,hvg
1428.9836201574653,8.399171584,173.89776896,698992.387592192,hvg
1429.4847806524485,3.883081728,178.392174592,698992.387592192,hvg
1429.985562670976,4.790116352,177.50366208,698992.348090368,hvg
1430.4863182399422,5.659582464,176.616398848,698992.348090368,hvg
1430.9868940524757,6.945820672,175.31240448,698992.348090368,hvg
1431.4877457134426,10.697601024,171.55383296,698992.348090368,hvg
1431.988552523777,12.078501888,170.21292544,698992.281165824,hvg
1432.4896749444306,13.716209664,168.573677568,698992.281165824,hvg
1432.9907457288355,10.23348736,172.058005504,698992.281165824,hvg
1433.4915594570339,3.751346176,178.545639424,698992.281165824,hvg
1433.9925845600665,4.843716608,177.436512256,698992.281165824,hvg
1434.49371657148,5.988704256,176.271241216,698992.281165824,hvg
1434.9946747291833,8.397418496,173.85678848,698992.281165824,hvg
1435.4955392871052,9.63127296,172.61879296,698992.281165824,hvg
1435.9971947073936,6.794305536,175.4559488,698992.284831744,hvg
1436.4984001088887,6.641139712,175.642226688,698992.284831744,hvg
1436.9995075464249,6.641139712,175.64076032,698992.284831744,hvg
1437.5003144815564,3.72789248,178.559791104,698992.284831744,hvg
1438.0011166781187,4.573917184,177.700016128,698992.273801216,hvg
1438.5054176487029,5.453467648,176.812773376,698992.273801216,hvg
1439.0065932758152,7.912435712,174.351900672,698992.273801216,hvg
1439.507558343932,9.396150272,172.86520832,698992.273801216,hvg
1440.008425168693,3.7584896,178.498920448,698992.27232256,hvg
1440.5096146650612,5.105577984,177.19443456,698992.27232256,hvg
1441.0106188170612,7.284092928,175.010566144,698992.27232256,hvg
1441.5114261806011,9.113956352,173.17111808,698992.27232256,hvg
1442.0126378368586,5.24136448,177.046433792,698992.341221376,hvg
1442.51373725757,4.129603584,178.160128,698992.341221376,hvg
1443.0145694799721,5.670694912,176.60688384,698992.341221376,hvg
1443.516053788364,7.968894976,174.29557248,698992.341221376,hvg
1444.017016524449,8.613720064,173.648248832,698992.341221376,hvg
1444.518457248807,4.439457792,177.857957888,698992.341221376,hvg
1445.0193289369345,4.435456,177.856937984,698992.341221376,hvg
1445.5201881695539,5.51323648,176.760844288,698992.341221376,hvg
1446.0220150575042,7.98838784,174.279000064,698993.698504704,hvg
1446.5230875331908,8.693776384,173.570379776,698993.698504704,hvg
1447.0238442495465,3.72789248,178.52975104,698993.698504704,hvg
1447.5248600598425,4.870938624,177.363554304,698993.698504704,hvg
1448.0258700363338,6.170120192,176.053067776,698993.696743424,hvg
1448.5305262207985,7.659118592,174.630109184,698993.696743424,hvg
1449.0314252767712,10.24325632,172.030066688,698993.696743424,hvg
1449.5329429283738,12.065001472,170.193727488,698993.696743424,hvg
1450.0343212001026,13.549391872,168.70047744,698993.636626432,hvg
1450.5356885492802,14.958014464,167.289245696,698993.636626432,hvg
1451.036496853456,14.936416256,167.311015936,698993.636626432,hvg
1451.5378768015653,13.571866624,168.673234944,698993.636626432,hvg
1452.0385439880192,11.88247552,170.364719104,698993.476796416,hvg
1452.5395111124963,6.043152384,176.251785216,698993.476796416,hvg
1453.0401530321687,6.043152384,176.25307136,698993.476796416,hvg
1453.540923718363,3.72789248,178.56534528,698993.476796416,hvg
1454.0417329128832,4.99347456,177.292046336,698993.476796416,hvg
1454.542723717168,7.167229952,175.105949696,698993.476796416,hvg
1455.043603276834,9.006403584,173.248114688,698993.476796416,hvg
1455.5456571243703,11.554459648,170.686324736,698993.476796416,hvg
1456.0464699361473,8.946651136,173.297516544,698992.07698432,hvg
1456.5476258080453,5.22000384,177.054814208,698992.07698432,hvg
1457.0483204070479,5.22000384,177.054814208,698992.07698432,hvg
1457.5495443679392,5.22000384,177.054941184,698992.07698432,hvg
1458.050294496119,4.60220416,177.683902464,698991.39749888,hvg
1458.5513495728374,5.950263296,176.318410752,698991.39749888,hvg
1459.0522682648152,8.749047808,173.509525504,698991.39749888,hvg
1459.5535694714636,11.029356544,171.223064576,698991.39749888,hvg
1460.054507708177,12.636901376,169.61445888,698991.645298688,hvg
1460.555819991976,11.19008768,171.096899584,698991.645298688,hvg
1461.0566084142774,6.640234496,175.639535616,698991.645298688,hvg
1461.5574828088284,3.72789248,178.564861952,698991.645298688,hvg
1462.05835570395,4.778409984,177.498021888,698993.003442176,hvg
1462.5593384802341,5.530918912,176.733339648,698993.003442176,hvg
1463.0601820480078,6.885548032,175.348604928,698993.003442176,hvg
1463.5610669832677,9.189675008,173.03730176,698993.003442176,hvg
1464.0628130864352,12.430278656,169.789227008,698993.003442176,hvg
1464.564038977027,14.949920768,167.324934144,698993.003442176,hvg
1465.0681126285344,11.74792192,170.530635776,698993.003442176,hvg
1465.5692810695618,12.318691328,169.9593216,698993.003442176,hvg
1466.0707783009857,14.292717568,167.983591424,698992.978747392,hvg
1466.5718223005533,12.643229696,169.63008512,698992.978747392,hvg
1467.0726502984762,10.770960384,171.468435456,698992.978747392,hvg
1467.5732803810388,10.642866176,171.643858944,698992.978747392,hvg
1468.0739840641618,4.134793216,178.15355392,698992.947666944,hvg
1468.574929798022,5.108350976,177.166729216,698992.947666944,hvg
1469.0758051462471,6.066085888,176.186871808,698992.947666944,hvg
1469.5766388569027,7.00872704,175.223349248,698992.947666944,hvg
1470.0775523688644,9.588031488,172.629336064,698992.909959168,hvg
1470.5787011999637,12.25111552,169.957617664,698992.909959168,hvg
1471.0797589365393,15.042502656,167.160041472,698992.909959168,hvg
1471.5806607455015,16.824901632,165.373034496,698992.909959168,hvg
1472.0814802479,17.35098368,164.845826048,698992.776921088,hvg
1472.5944689288735,13.871112192,168.38600704,698992.776921088,hvg
1473.095639090985,12.767637504,169.491632128,698992.776921088,hvg
1473.5966629125178,10.799230976,171.477999616,698992.776921088,hvg
1474.0974887833,10.799230976,171.477999616,698992.776921088,hvg
1474.598455812782,6.30142976,175.979114496,698992.776921088,hvg
1475.0991738606244,3.755589632,178.528124928,698992.776921088,hvg
1475.5998097527772,4.913979392,177.35901184,698992.776921088,hvg
1476.1006360407919,5.640265728,176.613535744,698992.805126144,hvg
1476.6016648970544,7.243501568,175.05835008,698992.805126144,hvg
1477.1031439900398,10.460782592,171.82869504,698992.805126144,hvg
1477.6045483611524,12.495630336,169.787518976,698992.805126144,hvg
1478.105411235243,13.204013056,169.077305344,698992.803414016,hvg
1478.6091664806008,13.787348992,168.502472704,698992.803414016,hvg
1479.1109037585557,10.091802624,172.202217472,698992.803414016,hvg
1479.6126177553087,5.533667328,176.764862464,698992.803414016,hvg
1480.1139212697744,5.533806592,176.764862464,698992.548204544,hvg
1480.6148526836187,4.491677696,177.800617984,698992.548204544,hvg
1481.1154890041798,5.335670784,176.932282368,698992.548204544,hvg
1481.6163616627455,6.5169408,175.732813824,698992.548204544,hvg
1482.1172291226685,10.206093312,172.034674688,698991.498113024,hvg
1482.6185164693743,11.704266752,170.532040704,698991.498113024,hvg
1483.1192890293896,14.2874624,167.954128896,698991.498113024,hvg
1483.621088605374,14.640259072,167.600156672,698991.498113024,hvg
1484.123321276158,6.654742528,175.5941888,698991.498113024,hvg
1484.624602118507,3.852193792,178.4293376,698991.498113024,hvg
1485.1254267338663,4.998836224,177.244729344,698991.498113024,hvg
1485.6262930650264,6.3177728,175.916986368,698991.498113024,hvg
1486.1275878865272,8.41371648,173.809106944,698991.565729792,hvg
1486.6288532093167,11.584937984,170.62672384,698991.565729792,hvg
1487.1299224887043,13.208223744,168.983789568,698991.565729792,hvg
1487.6307492200285,14.405894144,167.743438848,698991.565729792,hvg
1488.1318499781191,13.35939072,168.828735488,698991.888371712,hvg
1488.6330262124538,10.853937152,171.443367936,698991.888371712,hvg
1489.1339827403426,8.140066816,174.160949248,698991.888371712,hvg
1489.634720256552,8.140066816,174.160289792,698991.888371712,hvg
1490.1356656719,5.9439104,176.359878656,698991.916097536,hvg
1490.636659314856,3.966058496,178.309050368,698991.916097536,hvg
1491.1374309398234,4.646428672,177.652277248,698991.916097536,hvg
1491.6383672300726,5.637976064,176.64933888,698991.916097536,hvg
1492.1392288412899,7.798378496,174.47559168,698991.898812416,hvg
1492.6405003201216,10.244030464,172.022505472,698991.898812416,hvg
1493.1425250452012,12.844576768,169.418502144,698991.898812416,hvg
1493.6433929130435,12.844576768,169.41533184,698991.898812416,hvg
1494.1441449038684,3.804565504,178.466709504,698991.898812416,hvg
1494.6485809870064,4.868722688,177.385295872,698991.898812416,hvg
1495.149689424783,5.979713536,176.261431296,698991.898812416,hvg
1495.6508282274008,8.808808448,173.42261248,698991.898812416,hvg
1496.1520154960454,10.902065152,171.322867712,698991.011852288,hvg
1496.6537314783782,12.69231616,169.586397184,698991.011852288,hvg
1497.1546655707061,12.909490176,169.368584192,698991.011852288,hvg
1497.6557147204876,9.268842496,173.014528,698991.011852288,hvg
1498.1574830412865,5.437313024,176.812085248,698991.159320576,hvg
1498.6584326121956,4.529106944,177.74565376,698991.159320576,hvg
1499.1590598784387,5.492768768,176.75890688,698991.159320576,hvg
1499.6613521520048,7.626473472,174.620315648,698991.159320576,hvg
1500.1625959370285,8.76507136,173.47858432,698991.124086784,hvg
1500.6638702880591,10.136379392,172.13169664,698991.124086784,hvg
1501.1650450080633,9.794097152,172.473229312,698991.124086784,hvg
1501.6661934088916,10.78720512,171.479519232,698991.124086784,hvg
1502.1672610379755,11.856637952,170.408198144,698992.006119424,hvg
1502.668324958533,11.963052032,170.296889344,698992.006119424,hvg
1503.1697380244732,10.901671936,171.359563776,698992.006119424,hvg
1503.6705792322755,8.745332736,173.519040512,698992.006119424,hvg
1504.171324716881,6.582939648,175.697784832,698992.006119424,hvg
1504.6723013482988,6.582939648,175.694651392,698992.006119424,hvg
1505.1729032639414,6.582939648,175.694651392,698992.006119424,hvg
1505.6736189965159,4.478304256,177.79562496,698992.006119424,hvg
1506.1744062714279,5.206577152,177.040584704,698992.377274368,hvg
1506.6753133367747,6.637043712,175.595823104,698992.377274368,hvg
1507.1759316604584,9.78229248,172.439781376,698992.377274368,hvg
1507.6769359074533,11.45843712,170.762330112,698992.377274368,hvg
1508.1781384050846,12.608811008,169.609641984,698992.393822208,hvg
1508.6795045249164,13.436055552,168.838664192,698992.393822208,hvg
1509.180627308786,7.00903424,175.233409024,698992.393822208,hvg
1509.6815887726843,5.207314432,177.080745984,698992.393822208,hvg
1510.1826817207038,4.582322176,177.706487808,698992.371982336,hvg
1510.6839368492365,5.629894656,176.638386176,698992.371982336,hvg
1511.1846644729376,7.123890176,175.127580672,698992.371982336,hvg
1511.685444880277,10.21503488,172.028715008,698992.371982336,hvg
1512.18705483526,11.87862528,170.3627776,698992.223838208,hvg
1512.6881555523723,14.07004672,168.195100672,698992.223838208,hvg
1513.1897230241448,13.194121216,169.072254976,698992.223838208,hvg
1513.6912212800235,6.226894848,176.032272384,698992.223838208,hvg
1514.1922124642879,3.73680128,178.549018624,698992.223838208,hvg
1514.693396275863,4.7102976,177.561677824,698992.223838208,hvg
1515.194281572476,5.037109248,177.224077312,698992.223838208,hvg
1515.6951055973768,5.687472128,176.562798592,698992.223838208,hvg
1516.195976672694,7.88074496,174.36504064,698992.237162496,hvg
1516.697526955977,9.44242688,172.827160576,698992.237162496,hvg
1517.19927248545,10.153611264,172.113309696,698992.237162496,hvg
1517.7004838939756,9.937887232,172.327460864,698992.237162496,hvg
1518.201608389616,7.246430208,175.021559808,698992.147873792,hvg
1518.7027150131762,7.246430208,175.01878272,698992.147873792,hvg
1519.119222773239,3.461632,178.808614912,698992.147873792,hvg
1519.127051383257,3.461636096,178.808614912,698992.147873792,renormalize
1519.2034957241267,3.37287168,178.898931712,698992.147873792,renormalize
1519.7045625653118,3.394772992,178.886131712,698992.147873792,renormalize
1520.2054306287318,3.394953216,178.87680512,698991.635501056,renormalize
1520.706571340561,3.409768448,178.88055296,698991.635501056,renormalize
1521.2076394800097,3.414450176,178.867171328,698991.635501056,renormalize
1521.7088925968856,3.458961408,178.812022784,698991.635501056,renormalize
1522.21025288105,3.375521792,178.884911104,698990.77376,renormalize
1522.7114140167832,3.375648768,178.872446976,698990.77376,renormalize
1523.2123089600354,3.375648768,178.861879296,698990.77376,renormalize
1523.713288957253,3.398889472,178.827276288,698990.77376,renormalize
1524.214436819777,3.495419904,178.718089216,698990.77376,renormalize
1524.7182770054787,3.419111424,178.857783296,698990.77376,renormalize
1525.2189953718334,3.41911552,178.89189888,698990.77376,renormalize
1525.719909377396,3.41911552,178.879172608,698990.77376,renormalize
1526.2205837089568,3.41911552,178.86967808,698991.103664128,renormalize
1526.721584416926,3.41911552,178.858692608,698991.103664128,renormalize
1527.222607601434,3.41911552,178.851774464,698991.103664128,renormalize
1527.7233960460871,3.421212672,178.83602944,698991.103664128,renormalize
1528.2243195287883,3.421212672,178.826571776,698991.208189952,renormalize
1528.725494004786,3.421212672,178.884583424,698991.208189952,renormalize
1529.226310312748,3.421212672,178.874519552,698991.208189952,renormalize
1529.7271786145866,3.421212672,178.871017472,698991.208189952,renormalize
1530.2281283773482,3.421212672,178.862411776,698991.11704576,renormalize
1530.7292678318918,3.421212672,178.849460224,698991.11704576,renormalize
1531.230078767985,3.421212672,178.83731968,698991.11704576,renormalize
1531.7310685291886,3.421212672,178.824851456,698991.11704576,renormalize
1532.2319517284632,3.421212672,178.814226432,698991.589302272,renormalize
1532.7331543453038,3.421212672,178.869653504,698991.589302272,renormalize
1533.2339108083397,3.421212672,178.860253184,698991.589302272,renormalize
1533.734811803326,3.423309824,178.845237248,698991.589302272,renormalize
1534.2360289134085,3.423309824,178.836799488,698991.589302272,renormalize
1534.7374157123268,3.423309824,178.833870848,698991.589302272,renormalize
1535.2382971774787,3.423309824,178.821173248,698991.589302272,renormalize
1535.7390244286507,3.423309824,178.809995264,698991.589302272,renormalize
1536.2397710569203,3.423309824,178.799501312,698993.176682496,renormalize
1536.7410077694803,3.42331392,178.886602752,698993.176682496,renormalize
1537.2418890874833,3.42331392,178.877104128,698993.176682496,renormalize
1537.742778448388,3.42331392,178.865328128,698993.176682496,renormalize
1538.2438239511102,3.37944576,178.895347712,698993.163808768,renormalize
1538.7447879612446,3.379572736,178.885414912,698993.163808768,renormalize
1539.2456617541611,3.379847168,178.873995264,698993.163808768,renormalize
1539.7467525862157,3.379847168,178.864484352,698993.163808768,renormalize
1540.2477675750852,3.384213504,178.850189312,698993.14241536,renormalize
1540.7520397044718,3.39912704,178.89746944,698993.14241536,renormalize
1541.2531327288598,3.399315456,178.896912384,698993.14241536,renormalize
1541.754334276542,3.399315456,178.881716224,698993.14241536,renormalize
1542.2552128899843,3.399315456,178.870759424,698993.260167168,renormalize
1542.7562497332692,3.399315456,178.863116288,698993.260167168,renormalize
1543.2571594566107,3.399315456,178.84997632,698993.260167168,renormalize
1543.7584640458226,3.399315456,178.83482112,698993.260167168,renormalize
1544.259344426915,3.399315456,178.82331136,698993.260167168,renormalize
1544.760730797425,3.399315456,178.86605312,698993.260167168,renormalize
1545.26173472777,3.399315456,178.908008448,698993.260167168,renormalize
1545.76276380755,3.399315456,178.891456512,698993.260167168,renormalize
1546.263678079471,3.401412608,178.879217664,698992.123695104,renormalize
1546.764760646969,3.401412608,178.869469184,698992.123695104,renormalize
1547.2657554931939,3.401412608,178.857619456,698992.123695104,renormalize
1547.7665404602885,3.401412608,178.843652096,698992.123695104,renormalize
1548.2674946784973,3.401412608,178.833330176,698991.744643072,renormalize
1548.7684249319136,3.401412608,178.891046912,698991.744643072,renormalize
1549.269262060523,3.401412608,178.881150976,698991.744643072,renormalize
1549.770162127912,3.407282176,178.858246144,698991.744643072,renormalize
1550.2710168398917,3.407282176,178.846818304,698992.00487424,renormalize
1550.7755346987396,3.407282176,178.850996224,698992.00487424,renormalize
1551.2768217884004,3.407282176,178.839949312,698992.00487424,renormalize
1551.777786348015,3.407282176,178.828500992,698992.00487424,renormalize
1552.2786565609276,3.409379328,178.811932672,698991.829372928,renormalize
1552.779806111008,3.409379328,178.897227776,698991.829372928,renormalize
1553.280846387148,3.386138624,178.912002048,698991.829372928,renormalize
1553.781850989908,3.405549568,178.883526656,698991.829372928,renormalize
1554.2826465051621,3.836215296,178.436886528,698991.829372928,renormalize
1554.7836470808834,3.507154944,178.760708096,698991.829372928,renormalize
1555.2844902146608,3.425685504,178.831269888,698991.829372928,renormalize
1555.785228997469,3.686895616,178.551484416,698991.829372928,renormalize
1556.2868306208402,3.95649024,178.270142464,698992.318042112,renormalize
1556.7887313570827,3.506044928,178.803884032,698992.318042112,renormalize
1557.2893784753978,3.386167296,178.920636416,698992.318042112,renormalize
1557.790271287784,3.496484864,178.795073536,698992.318042112,renormalize
1558.2913249246776,3.863998464,178.41334272,698992.24236032,renormalize
1558.7928162552416,3.386167296,178.875224064,698992.24236032,renormalize
1559.2937893681228,3.386167296,178.86287872,698992.24236032,renormalize
1559.7944076433778,3.741794304,178.488541184,698992.24236032,renormalize
1560.2951477877796,3.956846592,178.264641536,698992.342532096,renormalize
1560.7990007065237,3.386167296,178.898423808,698992.342532096,renormalize
1561.2999140545726,3.601383424,178.668638208,698992.342532096,renormalize
1561.8009475059807,3.8496256,178.405859328,698992.342532096,renormalize
1562.3018659483641,3.386167296,178.858323968,698992.310939648,renormalize
1562.8029435183853,3.476574208,178.756247552,698992.310939648,renormalize
1563.303693184629,3.834597376,178.383110144,698992.310939648,renormalize
1563.8048262894154,3.871870976,178.33207808,698992.310939648,renormalize
1564.3073785882443,3.388264448,178.812092416,698992.310939648,renormalize
1564.8084126003087,3.388264448,178.891075584,698992.310939648,renormalize
1565.3092965651304,3.468005376,178.803908608,698992.310939648,renormalize
1565.811501821503,3.84313344,178.414485504,698992.310939648,renormalize
1566.312284193933,3.473465344,178.778017792,698992.325595136,renormalize
1566.813574673608,3.427598336,178.814160896,698992.325595136,renormalize
1567.314652763307,3.393196032,178.83604992,698992.325595136,renormalize
1567.8155267778784,3.825270784,178.390679552,698992.325595136,renormalize
1568.3164013568312,3.943641088,178.28050944,698992.320638976,renormalize
1568.8175568506122,3.388264448,178.904387584,698992.320638976,renormalize
1569.318756558001,3.439865856,178.842386432,698992.320638976,renormalize
1569.8200910687447,3.8378496,178.42614272,698992.320638976,renormalize
1570.3214944973588,3.8392832,178.410156032,698992.136818688,renormalize
1570.822673784569,3.388264448,178.848268288,698992.136818688,renormalize
1571.3235852718353,3.458740224,178.763538432,698992.136818688,renormalize
1571.824374416843,3.643359232,178.564968448,698992.136818688,renormalize
1572.3251172732562,3.742969856,178.52862464,698991.178727424,renormalize
1572.8265912402421,3.869028352,178.432638976,698991.178727424,renormalize
1573.3275412190706,3.388264448,178.898128896,698991.178727424,renormalize
1573.8285000286996,3.388264448,178.89007616,698991.178727424,renormalize
1574.3293752018362,3.547820032,178.714853376,698991.178727424,renormalize
1574.8304702602327,3.866914816,178.386808832,698991.178727424,renormalize
1575.3328063488007,3.751510016,178.40338944,698991.178727424,renormalize
1575.8340552821755,3.427852288,178.79996416,698991.178727424,renormalize
1576.3349179066718,3.388264448,178.902208512,698990.782140416,renormalize
1576.835769360885,3.626369024,178.647728128,698990.782140416,renormalize
1577.3365247547626,3.868372992,178.394189824,698990.782140416,renormalize
1577.8373459931463,3.717152768,178.53202432,698990.782140416,renormalize
1578.3381692226976,3.430473728,178.810179584,698990.881140736,renormalize
1578.839108441025,3.41000192,178.815250432,698990.881140736,renormalize
1579.340113753453,3.445264384,178.772488192,698990.881140736,renormalize
1579.8412881400436,3.82711808,178.377080832,698990.881140736,renormalize
1580.3419268932194,3.760611328,178.521706496,698990.996639744,renormalize
1580.8427375480533,3.3903616,178.888425472,698990.996639744,renormalize
1581.3437513262033,3.487244288,178.775035904,698990.996639744,renormalize
1581.844632986933,3.369488384,178.885328896,698990.996639744,renormalize
1582.3457800652832,3.405283328,178.852175872,698992.747466752,renormalize
1582.8472192771733,3.404709888,178.841223168,698992.747466752,renormalize
1583.3481296319515,3.41346304,178.822938624,698992.747466752,renormalize
1583.84893024154,3.381346304,178.84475392,698992.747466752,renormalize
1584.3499082922935,3.40883456,178.875666432,698992.747466752,renormalize
1584.8507014531642,3.409432576,178.8623872,698992.747466752,renormalize
1585.351822219789,3.411529728,178.85052928,698992.747466752,renormalize
1585.8526904974133,3.41362688,178.84256256,698992.781135872,renormalize
1586.3536077458411,3.41362688,178.836164608,698992.781135872,renormalize
1586.854515189305,3.41362688,178.825842688,698992.781135872,renormalize
1587.3554688524455,3.413630976,178.817712128,698992.781135872,renormalize
1587.856531308964,3.413635072,178.825404416,698992.678981632,renormalize
1588.357650090009,3.413635072,178.882801664,698992.678981632,renormalize
1588.858327275142,3.413639168,178.871730176,698992.678981632,renormalize
1589.3590583205223,3.413639168,178.86509056,698992.678981632,renormalize
1589.859886975959,3.413639168,178.858123264,698992.678981632,renormalize
1590.3607471231371,3.41573632,178.851147776,698992.678981632,renormalize
1590.8614234142005,3.41573632,178.838708224,698992.678981632,renormalize
1591.3622688446194,3.415740416,178.83041792,698992.678981632,renormalize
1591.8630208447576,3.417837568,178.828939264,698992.383102976,renormalize
1592.3638085201383,3.417837568,178.888577024,698992.383102976,renormalize
1592.864493817091,3.417837568,178.873909248,698992.383102976,renormalize
1593.36533312127,3.39040256,178.893438976,698992.383102976,renormalize
1593.8661049772054,3.39040256,178.88243712,698992.41005056,renormalize
1594.3670805078,3.448659968,178.813845504,698992.41005056,renormalize
1594.8679569885135,3.719725056,178.531606528,698992.41005056,renormalize
1595.368706209585,3.409461248,178.837889024,698992.41005056,renormalize
1595.8695010878146,3.409461248,178.82580992,698992.339492864,renormalize
1596.3705919608474,3.4115584,178.877263872,698992.339492864,renormalize
1596.8713240772486,3.41280768,178.863796224,698992.339492864,renormalize
1597.3722264450043,3.418013696,178.861744128,698992.339492864,renormalize
1597.873190579936,3.454418944,178.81276416,698992.428896256,renormalize
1598.3740270081908,3.396231168,178.86588928,698992.428896256,renormalize
1598.8747967518866,3.419475968,178.83209728,698992.428896256,renormalize
1599.3756661880761,3.440979968,178.80111104,698992.428896256,renormalize
1599.8764371946454,3.4629632,178.768408576,698992.485302272,renormalize
1600.3773290291429,3.463196672,178.826309632,698992.485302272,renormalize
1600.8780132047832,3.4481152,178.827476992,698992.485302272,renormalize
1601.3787182718515,3.420942336,178.845446144,698992.485302272,renormalize
1601.8796861991286,3.408818176,178.85587456,698992.092635136,renormalize
1602.3806853126734,3.498319872,178.756788224,698992.092635136,renormalize
1602.8815205972642,3.450290176,178.793398272,698992.092635136,renormalize
1603.38232502155,3.450298368,178.782756864,698992.092635136,renormalize
1603.8833810482174,3.499638784,178.773573632,698991.971520512,renormalize
1604.384215021506,3.442311168,178.86971904,698991.971520512,renormalize
1604.8847552668303,3.442311168,178.857713664,698991.971520512,renormalize
1605.3855502735823,3.400597504,178.888839168,698991.971520512,renormalize
1605.8864943441004,3.397881856,178.878558208,698991.707623424,renormalize
1606.3875582646579,3.528634368,178.737455104,698991.707623424,renormalize
1606.8884800560772,3.45710592,178.802999296,698991.707623424,renormalize
1607.3893546219915,3.397947392,178.854412288,698991.707623424,renormalize
1607.890263132751,3.3982464,178.910343168,698991.860465664,renormalize
1608.3913027253002,3.424837632,178.875133952,698991.860465664,renormalize
1608.8921255022287,3.39818496,178.88997376,698991.860465664,renormalize
1609.3928561136127,3.513327616,178.762665984,698991.860465664,renormalize
1609.8936055526137,3.62162176,178.597617664,698991.989731328,renormalize
1610.39510182105,3.684786176,178.567380992,698991.989731328,renormalize
1610.8959349393845,3.398332416,178.842238976,698991.989731328,renormalize
1611.3967774938792,3.435769856,178.794491904,698991.989731328,renormalize
1611.8976527564228,3.506159616,178.782425088,698992.122503168,renormalize
1612.401668164879,3.498446848,178.796032,698992.122503168,renormalize
1612.9024648442864,3.762991104,178.512928768,698992.122503168,renormalize
1613.4034681823105,3.400425472,178.867601408,698992.122503168,renormalize
1613.9043475687504,3.45624576,178.803142656,698992.127680512,renormalize
1614.405488859862,3.465416704,178.780844032,698992.127680512,renormalize
1614.906861672178,3.532525568,178.703179776,698992.127680512,renormalize
1615.4079307168722,3.918741504,178.300153856,698992.127680512,renormalize
1615.9087558891624,3.787382784,178.491461632,698991.70496512,renormalize
1616.4097117185593,3.42116352,178.850525184,698991.70496512,renormalize
1616.9105646908283,3.616976896,178.638802944,698991.70496512,renormalize
1617.4114343188703,4.045287424,178.199556096,698991.70496512,renormalize
1617.9122751001269,3.818463232,178.361368576,698990.732787712,renormalize
1618.4137450531125,3.717361664,178.511335424,698990.732787712,renormalize
1618.9150992371142,3.876605952,178.3430144,698990.732787712,renormalize
1619.416005903855,3.607638016,178.59897344,698990.732787712,renormalize
1619.916981432587,3.451838464,178.8480512,698990.783709184,renormalize
1620.4182239212096,3.400351744,178.889330688,698990.783709184,renormalize
1620.9199990015477,3.44987648,178.828648448,698990.783709184,renormalize
1621.4209950845689,3.507167232,178.758139904,698990.783709184,renormalize
1621.9221751652658,3.497771008,178.761805824,698990.57854464,renormalize
1622.4242104440928,3.811536896,178.43222528,698990.57854464,renormalize
1622.9256697632372,3.400015872,178.83867136,698990.57854464,renormalize
1623.4265701361,3.518889984,178.70856192,698990.57854464,renormalize
1623.927418237552,4.00519168,178.286358528,698990.18893312,renormalize
1624.4285050593317,3.893772288,178.387808256,698990.18893312,renormalize
1624.92960116826,4.099780608,178.072440832,698990.18893312,renormalize
1625.4305651597679,3.400237056,178.854821888,698990.18893312,renormalize
1625.93171213381,3.44164352,178.804027392,698991.914037248,renormalize
1626.4333678465337,3.684712448,178.55115264,698991.914037248,renormalize
1626.934431321919,3.990003712,178.236481536,698991.914037248,renormalize
1627.4352243933827,3.667898368,178.556973056,698991.914037248,renormalize
1627.93630172126,3.529412608,178.780307456,698992.637661184,renormalize
1628.4374071974307,3.446198272,178.852605952,698992.637661184,renormalize
1628.938231319189,3.405361152,178.884247552,698992.637661184,renormalize
1629.4390493668616,3.60615936,178.669830144,698992.637661184,renormalize
1629.940560420975,4.002783232,178.25882112,698992.637902848,renormalize
1630.4425937123597,3.839275008,178.411364352,698992.637902848,renormalize
1630.9434543773532,3.402182656,178.840817664,698992.637902848,renormalize
1631.4444100055844,3.40252672,178.830737408,698992.637902848,renormalize
1631.9452792331576,3.433713664,178.85294592,698992.640835584,renormalize
1632.4463557749987,3.615674368,178.656067584,698992.640835584,renormalize
1632.9474068805575,3.447058432,178.817503232,698992.640835584,renormalize
1633.4482130277902,3.453427712,178.812882944,698992.640835584,renormalize
1633.9491753652692,3.453427712,178.802880512,698992.678248448,renormalize
1634.4504674822092,3.526623232,178.719305728,698992.678248448,renormalize
1634.9514249842614,3.589439488,178.646368256,698992.678248448,renormalize
1635.4524838291109,3.441549312,178.787475456,698992.678248448,renormalize
1635.953533668071,3.402539008,178.878582784,698992.679735296,renormalize
1636.4546309895813,3.507130368,178.762010624,698992.679735296,renormalize
1636.9555225335062,3.402371072,178.856034304,698992.679735296,renormalize
1637.4564583934844,3.402539008,178.848550912,698992.679735296,renormalize
1637.957614114508,3.450544128,178.794442752,698992.760877056,renormalize
1638.4590880889446,3.4023424,178.832699392,698992.760877056,renormalize
1638.9599785152823,3.466674176,178.762883072,698992.760877056,renormalize
1639.4609991535544,3.40455424,178.816618496,698992.760877056,renormalize
1639.9624297134578,3.722256384,178.518601728,698992.759304192,renormalize
1640.4636210538447,3.509628928,178.799337472,698992.759304192,renormalize
1640.9645231422037,3.45643008,178.841636864,698992.759304192,renormalize
1641.4654882922769,3.559727104,178.728763392,698992.759304192,renormalize
1641.9665492884815,3.467718656,178.811277312,698992.683372544,renormalize
1642.467632414773,3.840544768,178.42286592,698992.683372544,renormalize
1642.968537852168,3.774480384,178.487681024,698992.683372544,renormalize
1643.4696467202157,3.791310848,178.459246592,698992.683372544,renormalize
1643.970580348745,3.404496896,178.906095616,698992.762892288,renormalize
1644.472738565877,3.4277376,178.876407808,698992.762892288,renormalize
1644.9735990110785,3.55672064,178.734866432,698992.762892288,renormalize
1645.4745583888143,3.945603072,178.334650368,698992.762892288,renormalize
1645.976281201467,3.48739584,178.77772288,698992.761454592,renormalize
1646.477624900639,3.404562432,178.855067648,698992.761454592,renormalize
1646.978506077081,3.576840192,178.664206336,698992.761454592,renormalize
1647.479641744867,3.6857856,178.550534144,698992.761454592,renormalize
1647.9810718614608,3.613302784,178.679660544,698992.36999168,renormalize
1648.4825049135834,3.582349312,178.696982528,698992.36999168,renormalize
1648.9835580270737,3.856769024,178.412883968,698992.36999168,renormalize
1649.4844270534813,3.433762816,178.826391552,698992.36999168,renormalize
1649.9857171643525,3.969273856,178.290843648,698992.001384448,renormalize
1650.4873123522848,3.516829696,178.726006784,698992.001384448,renormalize
1650.988303631544,3.45079808,178.78226944,698992.001384448,renormalize
1651.4892253503203,3.483373568,178.734706688,698992.001384448,renormalize
1651.9903095327318,3.607846912,178.702462976,698991.525351424,renormalize
1652.4914359785616,3.434172416,178.867318784,698991.525351424,renormalize
1652.9923981837928,3.406966784,178.880299008,698991.525351424,renormalize
1653.4932641647756,3.406823424,178.871025664,698991.525351424,renormalize
1653.9954813867807,3.406753792,178.874658816,698991.285334016,renormalize
1654.4967253375798,3.406639104,178.862661632,698991.285334016,renormalize
1654.998052077368,3.518963712,178.738343936,698991.285334016,renormalize
1655.4991519078612,3.42601728,178.816356352,698991.285334016,renormalize
1655.9999871701002,3.663732736,178.637520896,698991.378337792,renormalize
1656.5011406838894,3.50334976,178.791235584,698991.378337792,renormalize
1657.002101013437,3.40697088,178.87197184,698991.378337792,renormalize
1657.5030194167048,3.40697088,178.858225664,698991.378337792,renormalize
1658.004089044407,3.40697088,178.849292288,698991.556489216,renormalize
1658.505561960861,3.471908864,178.774974464,698991.556489216,renormalize
1659.0065918415785,3.835650048,178.39142912,698991.556489216,renormalize
1659.507695812732,3.8242304,178.396082176,698991.556489216,renormalize
1660.0085477437824,3.40692992,178.882449408,698991.439958016,renormalize
1660.5096071325243,3.406798848,178.871320576,698991.439958016,renormalize
1661.0104703027755,3.469901824,178.796023808,698991.439958016,renormalize
1661.5112524647266,3.467616256,178.786799616,698991.439958016,renormalize
1662.0124207567424,3.40697088,178.839232512,698991.79902976,renormalize
1662.514577427879,3.40697088,178.828849152,698991.79902976,renormalize
1663.015729604289,3.42841344,178.79093248,698991.79902976,renormalize
1663.5166489966214,3.56978688,178.641575936,698991.79902976,renormalize
1664.017578933388,3.45100288,178.852970496,698992.350564352,renormalize
1664.5187761243433,3.63362304,178.660888576,698992.350564352,renormalize
1665.0204457882792,3.498409984,178.779631616,698992.350564352,renormalize
1665.5217423327267,3.79486208,178.471329792,698992.350564352,renormalize
1666.0229632146657,3.922333696,178.345623552,698992.433614848,renormalize
1666.5245855897665,3.508936704,178.745647104,698992.433614848,renormalize
1667.0255366247147,3.409068032,178.835001344,698992.433614848,renormalize
1667.5264737010002,3.408969728,178.83027456,698992.433614848,renormalize
1668.027481297031,3.4342912,178.859220992,698994.7341824,renormalize
1668.5287848319858,3.4911232,178.791866368,698994.7341824,renormalize
1669.0296841505915,3.912060928,178.3539712,698994.7341824,renormalize
1669.5305675454438,3.4530304,178.813652992,698994.7341824,renormalize
1670.0316855572164,3.408830464,178.844041216,698995.283898368,renormalize
1670.5336206927896,3.491872768,178.755362816,698995.283898368,renormalize
1671.0344024933875,3.485683712,178.74024448,698995.283898368,renormalize
1671.5353407617658,3.956686848,178.261757952,698995.283898368,renormalize
1672.0364478360862,3.66721024,178.640969728,698995.268046848,renormalize
1672.5380492974073,3.749154816,178.550034432,698995.268046848,renormalize
1673.0389650277793,3.51895552,178.763870208,698995.268046848,renormalize
1673.5405731927603,3.409068032,178.864427008,698995.268046848,renormalize
1674.0414259713143,3.409072128,178.853158912,698996.901023744,renormalize
1674.5427956413478,3.460407296,178.789244928,698996.901023744,renormalize
1675.0436681061983,3.503382528,178.746925056,698996.901023744,renormalize
1675.544671665877,3.753570304,178.482991104,698996.901023744,renormalize
1676.04559067823,3.50568448,178.791907328,698996.8968704,renormalize
1676.546592483297,3.438370816,178.849234944,698996.8968704,renormalize
1677.0478368569165,3.465207808,178.805948416,698996.8968704,renormalize
1677.5489216130227,3.463327744,178.79554048,698996.8968704,renormalize
1678.0497880280018,3.54471936,178.70430208,698996.527607808,renormalize
1678.5510809402913,3.472433152,178.765725696,698996.527607808,renormalize
1679.052005192265,3.508211712,178.71884288,698996.527607808,renormalize
1679.5528671443462,3.72785152,178.489012224,698996.527607808,renormalize
1680.0536337085068,3.410956288,178.902040576,698996.29080576,renormalize
1680.554666152224,3.41082112,178.887405568,698996.29080576,renormalize
1681.0556250363588,3.41116928,178.875674624,698996.29080576,renormalize
1681.5565069168806,3.41116928,178.868543488,698996.29080576,renormalize
1682.0574003849179,3.410796544,178.8576768,698995.77759744,renormalize
1682.5585997384042,3.603968,178.650656768,698995.77759744,renormalize
1683.0604050569236,3.978842112,178.26076672,698995.77759744,renormalize
1683.561548402533,3.41086208,178.822098944,698995.77759744,renormalize
1684.0625226479024,3.50488576,178.7866112,698995.5414016,renormalize
1684.5637053009123,3.51178752,178.768191488,698995.5414016,renormalize
1685.0645542629063,3.41088256,178.856599552,698995.5414016,renormalize
1685.5652577504516,3.411091456,178.853154816,698995.5414016,renormalize
1686.0665936730802,3.410976768,178.857570304,698995.478401024,renormalize
1686.5681041758507,3.464708096,178.791809024,698995.478401024,renormalize
1687.0695120561868,3.588804608,178.661830656,698995.478401024,renormalize
1687.5704004559666,3.52256,178.71409152,698995.478401024,renormalize
1688.07109516114,3.411132416,178.882453504,698995.716210688,renormalize
1688.5719448141754,3.411165184,178.87072256,698995.716210688,renormalize
1689.072789825499,3.437617152,178.833395712,698995.716210688,renormalize
1689.5736848413944,3.454562304,178.810249216,698995.716210688,renormalize
1690.0746269281954,3.52610304,178.738704384,698995.636117504,renormalize
1690.5757261961699,3.455205376,178.799456256,698995.636117504,renormalize
1691.0765278805047,3.412639744,178.8306432,698995.636117504,renormalize
1691.5772266518325,3.4131968,178.82263552,698995.636117504,renormalize
1692.0778714772314,3.41282816,178.877292544,698995.587002368,renormalize
1692.5789899080992,3.413270528,178.867818496,698995.587002368,renormalize
1693.0797799509019,3.41536768,178.855743488,698995.587002368,renormalize
1693.5805799979717,3.440889856,178.8214272,698995.587002368,renormalize
1694.081411236897,3.413270528,178.835427328,698995.58725632,renormalize
1694.5824574530125,3.417464832,178.8230656,698995.58725632,renormalize
1695.0833868719637,3.41280768,178.817916928,698995.58725632,renormalize
1695.584328301251,3.455913984,178.765115392,698995.58725632,renormalize
1696.0851303301752,3.455913984,178.868207616,698995.654074368,renormalize
1696.5861224010587,3.456016384,178.854035456,698995.654074368,renormalize
1697.0870849005878,3.458113536,178.842898432,698995.654074368,renormalize
1697.5879376847297,3.458113536,178.833907712,698995.654074368,renormalize
1698.0886456053704,3.458113536,178.82345472,698995.650859008,renormalize
1698.5896317046136,3.458113536,178.814480384,698995.650859008,renormalize
1699.0904221571982,3.458113536,178.806657024,698995.650859008,renormalize
1699.5915646720678,3.458113536,178.799271936,698995.650859008,renormalize
1700.0923298355192,3.458113536,178.86334976,698995.649507328,renormalize
1700.5931996330619,3.458113536,178.855514112,698995.649507328,renormalize
1701.0940529331565,3.458113536,178.8452864,698995.649507328,renormalize
1701.594849968329,3.458113536,178.837590016,698995.649507328,renormalize
1702.095805838704,3.460210688,178.826514432,698995.646828544,renormalize
1702.5967484805733,3.460210688,178.812137472,698995.646828544,renormalize
1703.0977141801268,3.460210688,178.801381376,698995.646828544,renormalize
1703.5985147543252,3.460210688,178.792681472,698995.646828544,renormalize
1704.09937392734,3.460210688,178.847711232,698995.649728512,renormalize
1704.6004930194467,3.419557888,178.875256832,698995.649728512,renormalize
1705.101360309869,3.419734016,178.863558656,698995.649728512,renormalize
1705.602332353592,3.443519488,178.841337856,698995.649728512,renormalize
1706.1036096122116,3.44561664,178.82822656,698995.673444352,renormalize
1706.6048138160259,3.417452544,178.843910144,698995.673444352,renormalize
1707.105680393055,3.46402816,178.787627008,698995.673444352,renormalize
1707.6065712776035,3.41938176,178.82046464,698995.673444352,renormalize
1708.1074902061373,3.440562176,178.85509632,698995.5439616,renormalize
1708.6086703687906,3.440738304,178.8463104,698995.5439616,renormalize
1709.1096867602319,3.418898432,178.861940736,698995.5439616,renormalize
1709.610846793279,3.419557888,178.854039552,698995.5439616,renormalize
1710.1120215002447,3.419561984,178.8440576,698995.130978304,renormalize
1710.6137848645449,3.421659136,178.834444288,698995.130978304,renormalize
1711.1148444842547,3.523887104,178.728620032,698995.130978304,renormalize
1711.6157011687756,3.4194432,178.823675904,698995.130978304,renormalize
1712.1165294535458,3.419561984,178.877407232,698993.982267392,renormalize
1712.6176718063653,3.421663232,178.866315264,698993.982267392,renormalize
1713.1190119814128,3.421691904,178.85872128,698993.982267392,renormalize
1713.6200226172805,3.421691904,178.847895552,698993.982267392,renormalize
1714.1211880929768,3.423961088,178.839011328,698993.665667072,renormalize
1714.6222861167043,3.423961088,178.825592832,698993.665667072,renormalize
1715.123115632683,3.423961088,178.819764224,698993.665667072,renormalize
1715.624349605292,3.423961088,178.807476224,698993.665667072,renormalize
1716.1251526549459,3.423961088,178.89570816,698993.784193024,renormalize
1716.6263748388737,3.423961088,178.896310272,698993.784193024,renormalize
1717.127310898155,3.423961088,178.887176192,698993.784193024,renormalize
1717.62817247957,3.423961088,178.877472768,698993.784193024,renormalize
1718.129020275548,3.423961088,178.86756864,698994.432118784,renormalize
1718.6301173605025,3.423961088,178.857570304,698994.432118784,renormalize
1719.1311409510672,3.495571456,178.773860352,698994.432118784,renormalize
1719.6320629324764,3.421437952,178.838867968,698994.432118784,renormalize
1720.1329211760312,3.46159104,178.848878592,698994.42542592,renormalize
1720.6342831533402,3.461791744,178.837794816,698994.42542592,renormalize
1721.1351308692247,3.423789056,178.867421184,698994.42542592,renormalize
1721.6365011055022,3.442724864,178.836979712,698994.42542592,renormalize
1722.1377245243639,3.444903936,178.834337792,698996.059373568,renormalize
1722.6391113530844,3.423522816,178.84153856,698996.059373568,renormalize
1723.1406863331795,3.423789056,178.831355904,698996.059373568,renormalize
1723.6420598737895,3.443892224,178.801389568,698996.059373568,renormalize
1724.1430489327759,3.493789696,178.803838976,698995.935199232,renormalize
1724.644175356254,3.42347776,178.859573248,698995.935199232,renormalize
1725.1451998613775,3.506151424,178.765459456,698995.935199232,renormalize
1725.6461869254708,3.477721088,178.784944128,698995.935199232,renormalize
1726.147176945582,3.4779136,178.789289984,698995.95603968,renormalize
1726.6484122481197,3.480010752,178.776363008,698995.95603968,renormalize
1727.1494180317968,3.480010752,178.766462976,698995.95603968,renormalize
1727.6502799484879,3.450404864,178.73498112,698995.95603968,renormalize
1728.151049124077,3.569922048,178.751741952,698996.037562368,renormalize
1728.6522276159376,3.589332992,178.72039936,698996.037562368,renormalize
1729.153314895928,3.425447936,178.87367168,698996.037562368,renormalize
1729.6543485093862,3.425886208,178.865405952,698996.037562368,renormalize
1730.155408360064,3.42798336,178.853285888,698996.059467776,renormalize
1730.6565273962915,3.428155392,178.840526848,698996.059467776,renormalize
1731.1572284605354,3.464880128,178.791313408,698996.059467776,renormalize
1731.6581227853894,3.464904704,178.779242496,698996.059467776,renormalize
1732.15959761478,3.467001856,178.844762112,698996.021161984,renormalize
1732.660648399964,3.469103104,178.83052032,698996.021161984,renormalize
1733.1613449323922,3.469103104,178.822688768,698996.021161984,renormalize
1733.66209304519,3.469103104,178.814513152,698996.021161984,renormalize
1734.1629925686866,3.469103104,178.806902784,698996.018819072,renormalize
1734.6640183255076,3.469103104,178.7943936,698996.018819072,renormalize
1735.164989316836,3.469103104,178.784382976,698996.018819072,renormalize
1735.6657218560576,3.469103104,178.805522432,698996.018819072,renormalize
1736.1670016478747,3.469103104,178.844684288,698995.666653184,renormalize
1736.6683981139213,3.469103104,178.833874944,698995.666653184,renormalize
1737.1694950684905,3.471200256,178.82167296,698995.666653184,renormalize
1737.6704619340599,3.471200256,178.813915136,698995.666653184,renormalize
1738.171224988997,3.471200256,178.80387584,698994.818256896,renormalize
1738.6723154839128,3.471200256,178.789945344,698994.818256896,renormalize
1739.1731842048466,3.471200256,178.781687808,698994.818256896,renormalize
1739.673959204927,3.471200256,178.834894848,698994.818256896,renormalize
1740.174998888746,3.471200256,178.834235392,698994.861113344,renormalize
1740.6763291489333,3.473297408,178.825756672,698994.861113344,renormalize
1741.17722023651,3.473297408,178.815684608,698994.861113344,renormalize
1741.6778917927295,3.473297408,178.805100544,698994.861113344,renormalize
1742.1786686442792,3.473297408,178.795606016,698995.50345216,renormalize
1742.67970463261,3.473297408,178.786443264,698995.50345216,renormalize
1743.1805255692452,3.473297408,178.78022144,698995.50345216,renormalize
1743.6815347690135,3.473297408,178.831200256,698995.50345216,renormalize
1744.1825547218323,3.473297408,178.822025216,698995.684032512,renormalize
1744.6839597932994,3.473297408,178.812751872,698995.684032512,renormalize
1745.1883797943592,3.479588864,178.808102912,698995.684032512,renormalize
1745.6890269834548,3.436376064,178.839085056,698995.684032512,renormalize
1746.1898111011833,3.436171264,178.83066368,698995.828666368,renormalize
1746.6915779449046,3.474296832,178.781937664,698995.828666368,renormalize
1747.1924166399986,3.433918464,178.810441728,698995.828666368,renormalize
1747.6931026484817,3.433918464,178.865594368,698995.828666368,renormalize
1748.1937249284238,3.433918464,178.85927424,698995.872305152,renormalize
1748.6946754530072,3.433918464,178.85063168,698995.872305152,renormalize
1749.1956912782043,3.434278912,178.841489408,698995.872305152,renormalize
1749.6965358611196,3.434278912,178.827124736,698995.872305152,renormalize
1750.197696339339,3.434278912,178.81956352,698995.955789824,renormalize
1750.702014701441,3.438473216,178.82097664,698995.955789824,renormalize
1751.2029994744807,3.438473216,178.812510208,698995.955789824,renormalize
1751.7042097188532,3.438473216,178.864611328,698995.955789824,renormalize
1752.2054356075823,3.438473216,178.856976384,698995.9457792,renormalize
1752.7071611583233,3.438645248,178.843992064,698995.9457792,renormalize
1753.2080443371087,3.438645248,178.833416192,698995.9457792,renormalize
1753.7091005127877,3.438645248,178.823626752,698995.9457792,renormalize
1754.209950281307,3.438645248,178.811588608,698995.944902656,renormalize
1754.7113011553884,3.438645248,178.8012544,698995.944902656,renormalize
1755.2121930085123,3.438645248,178.793644032,698995.944902656,renormalize
1755.7131814211607,3.4407424,178.858422272,698995.944902656,renormalize
1756.2142623588443,3.4407424,178.85018112,698995.94358784,renormalize
1756.7154212407768,3.4407424,178.837630976,698995.94358784,renormalize
1757.2163158562034,3.4407424,178.828918784,698995.94358784,renormalize
1757.7171339578927,3.4407424,178.817417216,698995.94358784,renormalize
1758.2181508392096,3.4407424,178.810671104,698994.716950528,renormalize
1758.7193812094629,3.4407424,178.799828992,698994.716950528,renormalize
1759.2201309613883,3.4407424,178.802323456,698994.716950528,renormalize
1759.7210844289511,3.460603904,178.820534272,698994.716950528,renormalize
1760.2220670208335,3.493859328,178.780540928,698994.119970816,renormalize
1760.726533094421,3.493863424,178.786095104,698994.119970816,renormalize
1761.2274760287255,3.497160704,178.772484096,698994.119970816,renormalize
1761.728674115613,3.4973696,178.75972096,698994.119970816,renormalize
1762.2295218370855,3.4973696,178.749149184,698993.812774912,renormalize
1762.7306394279003,3.4973696,178.740678656,698993.812774912,renormalize
1763.231446389109,3.4973696,178.781278208,698993.812774912,renormalize
1763.7322203852236,3.4973696,178.819039232,698993.812774912,renormalize
1764.233313979581,3.4973696,178.808991744,698994.084716544,renormalize
1764.7345548328012,3.4973696,178.800820224,698994.084716544,renormalize
1765.2354148048908,3.4973696,178.801106944,698994.084716544,renormalize
1765.7361857704818,3.4973696,178.7900928,698994.084716544,renormalize
1766.2371247205883,3.4973696,178.780258304,698994.380816384,renormalize
1766.7383148986846,3.499466752,178.770026496,698994.380816384,renormalize
1767.2391741164029,3.499466752,178.826395648,698994.380816384,renormalize
1767.7402623388916,3.499466752,178.82032128,698994.380816384,renormalize
1768.2414181046188,3.499466752,178.809618432,698994.725793792,renormalize
1768.7424590364099,3.499466752,178.799013888,698994.725793792,renormalize
1769.2431801036,3.499466752,178.78706176,698994.725793792,renormalize
1769.7438763976097,3.499466752,178.779000832,698994.725793792,renormalize
1770.244941772893,3.499466752,178.768416768,698994.727272448,renormalize
1770.7498970255256,3.499466752,178.768064512,698994.727272448,renormalize
1771.2512112464756,3.499466752,178.827460608,698994.727272448,renormalize
1771.752488385886,3.501563904,178.812665856,698994.727272448,renormalize
1772.2533982172608,3.501563904,178.800910336,698996.365144064,renormalize
1772.754649270326,3.501563904,178.794020864,698996.365144064,renormalize
1773.255504988134,3.501563904,178.7840512,698996.365144064,renormalize
1773.7561425883323,3.501563904,178.772512768,698996.365144064,renormalize
1774.256976377219,3.501563904,178.76097024,698996.352253952,renormalize
1774.7581315040588,3.503661056,178.750685184,698996.352253952,renormalize
1775.2589767836034,3.503661056,178.809696256,698996.352253952,renormalize
1775.759815853089,3.503661056,178.796818432,698996.352253952,renormalize
1776.2606108561158,3.503661056,178.786680832,698996.348649472,renormalize
1776.76498558186,3.503661056,178.793951232,698996.348649472,renormalize
1777.2658995520324,3.503661056,178.786299904,698996.348649472,renormalize
1777.7666474953294,3.503661056,178.77397504,698996.348649472,renormalize
1778.2673406172544,3.505758208,178.7618304,698996.284059648,renormalize
1778.7682522758842,3.505758208,178.770706432,698996.284059648,renormalize
1779.269108613953,3.505758208,178.80854528,698996.284059648,renormalize
1779.7701502628624,3.505758208,178.795261952,698996.284059648,renormalize
1780.2714561000466,3.451232256,178.84782592,698996.254625792,renormalize
1780.772672208026,3.44895488,178.83752448,698996.254625792,renormalize
1781.2735830619931,3.599589376,178.673463296,698996.254625792,renormalize
1781.774643080309,3.45122816,178.815266816,698996.254625792,renormalize
1782.2755369674414,3.45122816,178.804137984,698996.397248512,renormalize
1782.7765580639243,3.45122816,178.860056576,698996.397248512,renormalize
1783.277317572385,3.45122816,178.852745216,698996.397248512,renormalize
1783.7780657168478,3.453325312,178.839461888,698996.397248512,renormalize
1784.2788342572749,3.453325312,178.830209024,698996.11949056,renormalize
1784.7800311148167,3.453325312,178.827706368,698996.11949056,renormalize
1785.2808980550617,3.453325312,178.817921024,698996.11949056,renormalize
1785.7819879520684,3.453325312,178.8032,698996.11949056,renormalize
1786.2831628918648,3.453325312,178.791292928,698996.153655296,renormalize
1786.784316238016,3.453325312,178.842640384,698996.153655296,renormalize
1787.2850631773472,3.453325312,178.83746304,698996.153655296,renormalize
1787.785809604451,3.48950528,178.788544512,698996.153655296,renormalize
1788.2870221547782,3.4804736,178.78822912,698996.361662464,renormalize
1788.7885514292866,3.473272832,178.782941184,698996.361662464,renormalize
1789.2896474786103,3.452915712,178.78953984,698996.361662464,renormalize
1789.7908547185361,3.556745216,178.678841344,698996.361662464,renormalize
1790.2929018493742,3.537334272,178.685136896,698996.360159232,renormalize
1790.796844407916,3.515375616,178.805796864,698996.360159232,renormalize
1791.2976782880723,3.452727296,178.856583168,698996.360159232,renormalize
1791.7987273614854,3.49876224,178.802630656,698996.360159232,renormalize
1792.2995263095945,3.45315328,178.83676672,698996.302036992,renormalize
1792.8006918448955,3.455250432,178.821009408,698996.302036992,renormalize
1793.3020883128047,3.455422464,178.812141568,698996.302036992,renormalize
1793.8033121749759,3.455422464,178.802634752,698996.302036992,renormalize
1794.3040449563414,3.455422464,178.79599104,698996.326600704,renormalize
1794.8051645047963,3.455422464,178.842341376,698996.326600704,renormalize
1795.3063495755196,3.457519616,178.831740928,698996.326600704,renormalize
1795.8074986655265,3.511271424,178.766508032,698996.326600704,renormalize
1796.3085367158055,3.455250432,178.826919936,698996.340187136,renormalize
1796.8094446361065,3.455250432,178.81856,698996.340187136,renormalize
1797.3102081865072,3.455250432,178.80397824,698996.340187136,renormalize
1797.8109754882753,3.455250432,178.792390656,698996.340187136,renormalize
1798.3118736054748,3.455250432,178.804588544,698996.388368384,renormalize
1798.8129412047565,3.455250432,178.835017728,698996.388368384,renormalize
1799.3136922344565,3.455250432,178.823503872,698996.388368384,renormalize
1799.8147725760937,3.455250432,178.826166272,698996.388368384,renormalize
1800.3158644922078,3.455250432,178.814509056,698996.847104,renormalize
1800.8174046520144,3.459444736,178.797203456,698996.847104,renormalize
1801.3186914417893,3.456753664,178.788872192,698996.847104,renormalize
1801.8197522964329,3.480580096,178.754392064,698996.847104,renormalize
1802.3208105210215,3.480588288,178.811994112,698996.735602688,renormalize
1802.8221847694367,3.480588288,178.830954496,698996.735602688,renormalize
1803.3231030944735,3.480588288,178.821935104,698996.735602688,renormalize
1803.824109211564,3.480588288,178.812145664,698996.735602688,renormalize
1804.3250948246568,3.484782592,178.797535232,698996.649959424,renormalize
1804.8263568542898,3.484786688,178.787618816,698996.649959424,renormalize
1805.327528225258,3.484786688,178.793590784,698996.649959424,renormalize
1805.8287216480821,3.484786688,178.783322112,698996.649959424,renormalize
1806.329639589414,3.48688384,178.834624512,698996.679991296,renormalize
1806.8307389151305,3.48688384,178.830446592,698996.679991296,renormalize
1807.3318170383573,3.57011456,178.735542272,698996.679991296,renormalize
1807.8331849053502,3.529158656,178.767704064,698996.679991296,renormalize
1808.334351953119,3.458904064,178.82540032,698996.930039808,renormalize
1808.835831552744,3.459198976,178.814386176,698996.930039808,renormalize
1809.3369090817869,3.464839168,178.799845376,698996.930039808,renormalize
1809.8379895538092,3.464839168,178.791878656,698996.930039808,renormalize
1810.3388591706753,3.464945664,178.860425216,698996.816633856,renormalize
1810.8398904558271,3.464945664,178.850418688,698996.816633856,renormalize
1811.3413935843855,3.464945664,178.842718208,698996.816633856,renormalize
1811.8427348081023,3.467042816,178.831204352,698996.816633856,renormalize
1812.344101300463,3.467042816,178.822602752,698996.608249856,renormalize
1812.8452676087618,3.467042816,178.80817664,698996.608249856,renormalize
1813.346280451864,3.467042816,178.797379584,698996.608249856,renormalize
1813.8471758253872,3.467042816,178.790076416,698997.26487552,renormalize
1814.3482117448002,3.467042816,178.846851072,698997.26487552,renormalize
1814.8492080215365,3.467042816,178.833440768,698997.26487552,renormalize
1815.3500630483031,3.467042816,178.822864896,698997.26487552,renormalize
1815.8509312085807,3.482062848,178.807545856,698997.63974144,renormalize
1816.3523474782705,3.482062848,178.800996352,698997.63974144,renormalize
1816.8532092813402,3.461316608,178.809839616,698997.63974144,renormalize
1817.3540851585567,3.492675584,178.770108416,698997.63974144,renormalize
1817.6363375838846,3.492675584,178.766217216,698997.63974144,renormalize
1817.6371518559754,3.492675584,178.766217216,698997.63974144,pca
1817.8553874082863,3.49272064,178.76389888,698998.023163904,pca
1818.3564472887665,3.68685056,178.61292032,698998.023163904,pca
1818.8574433773756,3.8880256,178.395082752,698998.023163904,pca
1819.3579813372344,4.008660992,178.27231744,698998.023163904,pca
1819.859228324145,4.008820736,178.267652096,698997.971349504,pca
1820.3630548212677,4.008820736,178.27487744,698997.971349504,pca
1820.8641452100128,4.01301504,178.265202688,698997.971349504,pca
1821.3656867239624,4.01301504,178.263375872,698997.971349504,pca
1821.8667636942118,4.013510656,178.275803136,698997.969362944,pca
1822.3680796455592,4.013531136,178.287665152,698997.969362944,pca
1822.869877981022,4.013531136,178.278834176,698997.969362944,pca
1823.3714358620346,4.074348544,178.21612032,698997.969362944,pca
1823.8724530544132,4.074348544,178.214936576,698998.237110272,pca
1824.373891465366,4.074348544,178.210783232,698998.237110272,pca
1824.8754898160696,4.074348544,178.204811264,698998.237110272,pca
1825.3771685957909,4.074348544,178.20151808,698998.237110272,pca
1825.8783213440329,4.074348544,178.243006464,698998.285529088,pca
1826.3797662481666,4.114194432,178.200711168,698998.285529088,pca
1826.8822269365191,4.273577984,178.033680384,698998.285529088,pca
1827.38396669738,4.273577984,178.032218112,698998.285529088,pca
1827.884955585003,4.273577984,178.027945984,699003.001085952,pca
1828.3866533525288,4.273577984,178.02379264,699003.001085952,pca
1828.887786000967,4.273577984,178.017017856,699003.001085952,pca
1829.3895792011172,4.273577984,178.016280576,699003.001085952,pca
1829.8909112419933,4.273577984,178.037764096,699003.001085952,pca
1830.3930753897876,4.273577984,178.038398976,699003.001085952,pca
1830.8946809060872,4.273577984,178.035826688,699003.001085952,pca
1831.3960674535483,4.273577984,178.04439552,699003.001085952,pca
1831.8974260427058,4.273577984,178.039574528,699012.178644992,pca
1832.3985226638615,4.273577984,178.0354048,699012.178644992,pca
1832.8994050249457,4.273577984,178.031050752,699012.178644992,pca
1833.4007842782885,4.273577984,178.028724224,699012.178644992,pca
1833.9020009599626,4.273577984,178.022895616,699012.207419392,pca
1834.4054075367749,4.336623616,177.967050752,699012.207419392,pca
1834.9071201886982,4.336623616,177.961455616,699012.207419392,pca
1835.4090877845883,4.336623616,177.958342656,699012.207419392,pca
1835.9107300117612,4.336623616,177.954189312,699012.296482816,pca
1836.4119529128075,4.336623616,177.950035968,699012.296482816,pca
1836.9137455448508,4.336623616,177.941291008,699012.296482816,pca
1837.4149364773184,4.336623616,177.939963904,699012.296482816,pca
1837.9158729612827,4.336623616,177.969303552,699012.293382144,pca
1838.417573865503,4.336623616,177.967161344,699012.293382144,pca
1838.9185430128127,4.336623616,177.960132608,699012.293382144,pca
1839.4196958206594,4.336623616,177.955733504,699012.293382144,pca
1839.9206117764115,4.336623616,177.96370432,699012.293382144,pca
1840.4216784667224,4.336623616,177.959518208,699012.293382144,pca
1840.922689260915,4.336623616,177.95270656,699012.293382144,pca
1841.4236535169184,4.336623616,177.950461952,699012.293382144,pca
1841.92462987639,4.336623616,177.973796864,699012.236939264,pca
1842.4258981086314,4.336623616,177.973252096,699012.236939264,pca
1842.9270913805813,4.336623616,177.967775744,699012.236939264,pca
1843.4281161930412,4.336623616,177.963999232,699012.236939264,pca
1843.9293078128248,4.336623616,177.95928064,699012.16690176,pca
1844.4334926400334,4.336623616,177.968234496,699012.16690176,pca
1844.9345024190843,4.336623616,177.9646464,699012.16690176,pca
1845.4355138074607,4.336623616,177.961648128,699012.16690176,pca
1845.9365218635648,4.336623616,177.988632576,699012.125249536,pca
1846.4375649616122,4.336623616,177.986289664,699012.125249536,pca
1846.938445886597,4.336623616,177.980928,699012.125249536,pca
1847.439320890233,4.336623616,177.976758272,699012.125249536,pca
1847.9402264598757,4.336623616,177.972731904,699011.913220096,pca
1848.4413992930204,4.336623616,177.970249728,699011.913220096,pca
1848.942430332303,4.336623616,177.963352064,699011.913220096,pca
1849.4434043560177,4.336623616,177.96096,699011.913220096,pca
1849.9444318450987,4.336623616,177.967259648,699011.913220096,pca
1850.4456943124533,4.336623616,177.962483712,699011.913220096,pca
1850.9463941678405,4.336627712,177.95674112,699011.913220096,pca
1851.447470061481,4.336627712,177.954361344,699011.913220096,pca
1851.9481599163264,4.336627712,177.948155904,699011.701538816,pca
1852.449297234416,4.336627712,177.94828288,699011.701538816,pca
1852.950567388907,4.336627712,177.941180416,699011.701538816,pca
1853.4515048973262,4.336627712,177.939972096,699011.701538816,pca
1853.9528776090592,4.336627712,177.965268992,699011.655098368,pca
1854.4543265849352,4.336627712,177.962176512,699011.655098368,pca
1854.9554850999266,4.336627712,177.955999744,699011.655098368,pca
1855.4564145226032,4.336627712,177.96845568,699011.655098368,pca
1855.9574181884527,4.336627712,177.960165376,699011.560226816,pca
1856.4587774015963,4.336627712,177.955864576,699011.560226816,pca
1856.9596461560577,4.336627712,177.955733504,699011.560226816,pca
1857.460390591994,4.336627712,177.966780416,699011.560226816,pca
1857.961444169283,4.336627712,177.980551168,699010.570571776,pca
1858.4626028612256,4.336627712,177.974611968,699010.570571776,pca
1858.963666299358,4.336627712,177.970655232,699010.570571776,pca
1859.4646138250828,4.336627712,177.967030272,699010.570571776,pca
1859.9654325842857,4.336627712,177.961312256,699010.161057792,pca
1860.4695838280022,4.336627712,177.970003968,699010.161057792,pca
1860.9706661272794,4.336627712,177.968177152,699010.161057792,pca
1861.471726378426,4.336627712,177.964580864,699010.161057792,pca
1861.9728313200176,4.336627712,177.956859904,699010.624712704,pca
1862.474000936374,4.336627712,177.953460224,699010.624712704,pca
1862.9750955440104,4.336627712,177.947717632,699010.624712704,pca
1863.4762198980898,4.336627712,177.945821184,699010.624712704,pca
1863.9770603682846,4.336627712,177.940844544,699011.017388032,pca
1864.4783197175711,4.336627712,177.936269312,699011.017388032,pca
1864.97944884561,4.336627712,177.932337152,699011.017388032,pca
1865.4805128648877,4.336627712,177.968513024,699011.017388032,pca
1865.9815609119833,4.336627712,177.965723648,699010.80000512,pca
1866.4830383565277,4.336627712,177.966084096,699010.80000512,pca
1866.984194740653,4.336627712,177.960701952,699010.80000512,pca
1867.4853104446083,4.336627712,177.956548608,699010.80000512,pca
1867.986438171938,4.336627712,177.954189312,699011.406688256,pca
1868.48750256747,4.336627712,177.950654464,699011.406688256,pca
1868.988644696772,4.336627712,177.94246656,699011.406688256,pca
1869.4895470645279,4.336627712,177.97267456,699011.406688256,pca
1869.9910441078246,4.336627712,177.967890432,699011.406688256,pca
1870.4951778128743,4.336627712,177.976827904,699011.406688256,pca
1870.9961207024753,4.336627712,177.974243328,699011.406688256,pca
1871.4969618041068,4.336627712,177.968582656,699011.406688256,pca
1871.9981872998178,4.336627712,177.966514176,699011.659210752,pca
1872.5003803204745,4.336627712,177.966444544,699011.659210752,pca
1873.0016897451133,4.336627712,177.962504192,699011.659210752,pca
1873.5028948746622,4.336627712,177.989251072,699011.659210752,pca
1874.0037689171731,4.336627712,177.98711296,699011.721740288,pca
1874.50599649176,4.336627712,177.981988864,699011.721740288,pca
1875.0071033649147,4.336627712,177.976332288,699011.721740288,pca
1875.507912196219,4.336627712,177.973235712,699011.721740288,pca
1876.0088238567114,4.336627712,177.968807936,699011.7052416,pca
1876.510046388954,4.336627712,177.965846528,699011.7052416,pca
1877.0117815751582,4.336627712,177.972174848,699011.7052416,pca
1877.513404801488,4.336627712,177.963606016,699011.7052416,pca
1878.0148199331015,4.336627712,177.960710144,699011.57978112,pca
1878.5163148958236,4.336627712,177.955188736,699011.57978112,pca
1879.0181705132127,4.336627712,177.949089792,699011.57978112,pca
1879.519903657958,4.336627712,177.946210304,699011.57978112,pca
1880.0217861570418,4.336627712,177.940369408,699011.57978112,pca
1880.5230497531593,4.336627712,177.938284544,699011.57978112,pca
1881.0249747782946,4.336627712,177.933193216,699011.57978112,pca
1881.526201106608,4.336627712,177.964097536,699011.57978112,pca
1882.0270502828062,4.336627712,177.969463296,699011.262599168,pca
1882.5293160490692,4.336627712,177.96675584,699011.262599168,pca
1883.0306388810277,4.336627712,177.96317184,699011.262599168,pca
1883.5314242523164,4.336627712,177.958772736,699011.262599168,pca
1884.0325331613421,4.336627712,177.951744,699011.24483072,pca
1884.533621000126,4.336627712,177.947869184,699011.24483072,pca
1885.0344102848321,4.336627712,177.94598912,699011.24483072,pca
1885.5355931613594,4.336627712,177.974943744,699011.24483072,pca
1886.0363957993686,4.336627712,177.967587328,699011.298463744,pca
1886.5380319524556,4.336627712,177.965244416,699011.298463744,pca
1887.039089076221,4.336627712,177.973911552,699011.298463744,pca
1887.5402828585356,4.336627712,177.9698688,699011.298463744,pca
1888.042013907805,4.336627712,177.96329472,699011.335069696,pca
1888.5433919765055,4.336627712,177.958756352,699011.335069696,pca
1889.0442818831652,4.336627712,177.954512896,699011.335069696,pca
1889.5458189807832,4.336627712,177.985794048,699011.335069696,pca
1890.0471126772463,4.336627712,177.977888768,699011.335069696,pca
1890.548417268321,4.336627712,177.972240384,699011.335069696,pca
1891.0503725484014,4.336627712,177.969180672,699011.335069696,pca
1891.5511469319463,4.336627712,177.96562944,699011.335069696,pca
1892.0529562346637,4.336627712,177.961476096,699011.2021504,pca
1892.5571368765086,4.336627712,177.969729536,699011.2021504,pca
1893.0591180752963,4.336627712,177.967403008,699011.2021504,pca
1893.5599888321012,4.336627712,177.961304064,699011.2021504,pca
1894.061172740534,4.336627712,177.957937152,699010.933878784,pca
1894.562225194648,4.336627712,177.954086912,699010.933878784,pca
1895.0636741518974,4.336627712,177.951760384,699010.933878784,pca
1895.5645300932229,4.336627712,177.945432064,699010.933878784,pca
1896.0663770027459,4.336627712,177.941262336,699010.924969984,pca
1896.5674493275583,4.336627712,177.936625664,699010.924969984,pca
1897.0683440770954,4.336627712,177.932140544,699010.924969984,pca
1897.5692192371935,4.336627712,177.9682304,699010.924969984,pca
1898.0709193386137,4.336627712,177.966862336,699010.483523584,pca
1898.5720426887274,4.336627712,177.963692032,699010.483523584,pca
1899.0729383509606,4.336627712,177.958854656,699010.483523584,pca
1899.5737942010164,4.336627712,177.952387072,699010.483523584,pca
1900.0756292901933,4.336627712,177.94953216,699010.483523584,pca
1900.576675157994,4.336627712,177.945862144,699010.483523584,pca
1901.077694091946,4.336627712,177.940160512,699010.483523584,pca
1901.5787566564977,4.336627712,177.971212288,699010.483523584,pca
1902.079754192382,4.336627712,177.96704256,699010.096861184,pca
1902.5837195757776,4.336627712,177.97769216,699010.096861184,pca
1903.084776962176,4.336627712,177.974448128,699010.096861184,pca
1903.5856794528663,4.336627712,177.963184128,699010.096861184,pca
1904.0874302051961,4.336627712,177.961029632,699009.991376896,pca
1904.5886526443064,4.336627712,177.954930688,699009.991376896,pca
1905.090680649504,4.336627712,177.953632256,699009.991376896,pca
1905.5916013959795,4.336627712,177.978896384,699009.991376896,pca
1906.0925544388592,4.336627712,177.977344,699010.074804224,pca
1906.5936427284032,4.336627712,177.97189632,699010.074804224,pca
1907.094402892515,4.336627712,177.978609664,699010.074804224,pca
1907.5954704284668,4.336627712,177.976266752,699010.074804224,pca
1908.097194423899,4.336627712,177.97388288,699009.961680896,pca
1908.598387684673,4.336627712,177.965436928,699009.961680896,pca
1909.099139848724,4.336627712,177.96093952,699009.961680896,pca
1909.6000540722162,4.336627712,177.955135488,699009.961680896,pca
1910.1020916216075,4.336627712,177.95328,699009.961680896,pca
1910.6033267807215,4.336627712,177.94721792,699009.961680896,pca
1911.1040704734623,4.336627712,177.945673728,699009.961680896,pca
1911.6050080358982,4.336627712,177.9392512,699009.961680896,pca
1912.107067707926,4.336627712,177.936842752,699009.743212544,pca
1912.6109431684017,4.336627712,177.944072192,699009.743212544,pca
1913.1116506848484,4.336627712,177.942368256,699009.743212544,pca
1913.6126192882657,4.336627712,177.966526464,699009.743212544,pca
1914.1136345434934,4.336627712,177.962274816,699009.504468992,pca
1914.6146851759404,4.336627712,177.958559744,699009.504468992,pca
1915.1155256126076,4.336627712,177.957298176,699009.504468992,pca
1915.6165088582784,4.336627712,177.949671424,699009.504468992,pca
1916.1185409482569,4.336627712,177.947516928,699009.369812992,pca
1916.6197598800063,4.336627712,177.940754432,699009.369812992,pca
1917.121775848791,4.336627712,177.936355328,699009.369812992,pca
1917.6226487401873,4.336627712,177.97126144,699009.369812992,pca
1918.123494161293,4.336627712,177.97169152,699009.037041664,pca
1918.6245971973985,4.336627712,177.967906816,699009.037041664,pca
1919.1253315731883,4.336627712,177.96456448,699009.037041664,pca
1919.62622044608,4.336627712,177.958936576,699009.037041664,pca
1920.1276616118848,4.336627712,177.955708928,699009.037041664,pca
1920.6288167238235,4.336627712,177.950035968,699009.037041664,pca
1921.1297162827104,4.336627712,177.960759296,699009.037041664,pca
1921.6306706760079,4.336627712,177.976786944,699009.037041664,pca
1922.1316275764257,4.336627712,177.972187136,699008.685453312,pca
1922.63574802503,4.336627712,177.98074368,699008.685453312,pca
1923.1365161724389,4.336627712,177.976803328,699008.685453312,pca
1923.637453481555,4.336627712,177.970036736,699008.685453312,pca
1924.1385632771999,4.336627712,177.965867008,699008.4422656,pca
1924.6396909486502,4.336627712,177.963769856,699008.4422656,pca
1925.1405899245292,4.336627712,177.960124416,699008.4422656,pca
1925.6416239850223,4.336627712,177.952022528,699008.4422656,pca
1926.1424762550741,4.336627712,177.949110272,699008.354668544,pca
1926.6436917372048,4.336627712,177.947062272,699008.354668544,pca
1927.1446306966245,4.336627712,177.942536192,699008.354668544,pca
1927.646424004808,4.336627712,177.934794752,699008.354668544,pca
1928.1477522440255,4.336627712,177.932435456,699008.132120576,pca
1928.6519922968,4.336627712,177.9405824,699008.132120576,pca
1929.1530621610582,4.336627712,177.967235072,699008.132120576,pca
1929.6550900042057,4.336627712,177.964716032,699008.132120576,pca
1930.1564998645335,4.336627712,177.96282368,699008.132120576,pca
1930.6578146964312,4.336627712,177.957240832,699008.132120576,pca
1931.1587613858283,4.336627712,177.953456128,699008.132120576,pca
1931.659725053236,4.336627712,177.9487744,699008.132120576,pca
1932.1607680395246,4.336627712,177.945329664,699007.639658496,pca
1932.6618073675781,4.336627712,177.939562496,699007.639658496,pca
1933.162871669978,4.336627712,177.981145088,699007.639658496,pca
1933.6639576479793,4.336627712,177.976143872,699007.639658496,pca
1934.1655625924468,4.336627712,177.971646464,699007.265247232,pca
1934.6668330840766,4.336627712,177.967316992,699007.265247232,pca
1935.167818684131,4.336627712,177.963945984,699007.265247232,pca
1935.668883441016,4.336627712,177.955610624,699007.265247232,pca
1936.170860035345,4.336627712,177.953882112,699007.186583552,pca
1936.6722793411463,4.336627712,177.950814208,699007.186583552,pca
1937.1731256842613,4.336627712,177.980678144,699007.186583552,pca
1937.674268040806,4.336627712,177.972191232,699007.186583552,pca
1938.1754697281867,4.336627712,177.971437568,699006.452297728,pca
1938.6800322439522,4.336627712,177.982595072,699006.452297728,pca
1939.1810526438057,4.336627712,177.97832704,699006.452297728,pca
1939.6824838519096,4.336627712,177.971634176,699006.452297728,pca
1940.1843765415251,4.470530048,177.832542208,699006.452297728,pca
1940.6853624973446,4.669759488,177.631399936,699006.452297728,pca
1941.1863216813654,4.845920256,177.452531712,699006.452297728,pca
1941.6883305702358,4.9742848,177.31733504,699006.452297728,pca
1942.1897503733635,5.02687744,177.262850048,699005.869068288,pca
1942.6911484133452,5.02687744,177.265635328,699005.869068288,pca
1943.1920105479658,5.023133696,177.265307648,699005.869068288,pca
1943.6935712061822,5.023133696,177.260507136,699005.869068288,pca
1944.194671118632,5.023133696,177.262276608,699005.417705472,pca
1944.6965173371136,5.023133696,177.25558784,699005.417705472,pca
1945.1985452398658,5.023133696,177.253695488,699005.417705472,pca
1945.6996363215148,5.023133696,177.285226496,699005.417705472,pca
1946.2005546279252,5.023133696,177.280790528,699005.42531584,pca
1946.7043937612325,5.023133696,177.28751616,699005.42531584,pca
1947.2059020251036,5.023133696,177.285689344,699005.42531584,pca
1947.7070195879787,5.023133696,177.278685184,699005.42531584,pca
1948.2083809766918,5.023133696,177.276342272,699005.357010944,pca
1948.709577748552,5.023133696,177.268617216,699005.357010944,pca
1949.2103980109096,5.023133696,177.268617216,699005.357010944,pca
1949.7115756552666,5.023133696,177.260752896,699005.357010944,pca
1950.212989449501,5.023133696,177.258409984,699005.357010944,pca
1950.716528236866,5.023133696,177.263255552,699005.357010944,pca
1951.2177040167153,5.023133696,177.265401856,699005.357010944,pca
1951.7188924886286,5.023133696,177.261187072,699005.357010944,pca
1952.220360249281,5.023133696,177.25884416,699004.742660096,pca
1952.7221141643822,5.023133696,177.253203968,699004.742660096,pca
1953.2234575916082,5.023133696,177.251536896,699004.742660096,pca
1953.7246436960995,5.023133696,177.275097088,699004.742660096,pca
1954.2261665742844,5.023133696,177.27260672,699004.20866048,pca
1954.727419115603,5.023133696,177.266548736,699004.20866048,pca
1955.2290174849331,5.023133696,177.264123904,699004.20866048,pca
1955.730197019875,5.023133696,177.26949376,699004.20866048,pca
1956.231296095997,5.027328,177.263017984,699003.795320832,pca
1956.7321777679026,5.029425152,177.257353216,699003.795320832,pca
1957.2332155890763,5.029425152,177.254961152,699003.795320832,pca
1957.7346478402615,5.029425152,177.28151552,699003.795320832,pca
1958.2360926046968,5.029425152,177.27981568,699003.188043776,pca
1958.7376401014626,5.029425152,177.273184256,699003.188043776,pca
1959.2393753156066,5.029425152,177.271885824,699003.188043776,pca
1959.7403389569372,5.029425152,177.265004544,699003.188043776,pca
1960.2420539651066,5.029425152,177.265004544,699003.188043776,pca
1960.7436710707843,5.029425152,177.259126784,699003.188043776,pca
1961.2454214133322,5.029425152,177.270423552,699003.188043776,pca
1961.7468614224344,5.029425152,177.26203904,699003.188043776,pca
1962.2479973249137,5.029425152,177.259696128,699003.375665152,pca
1962.7496061529964,5.029425152,177.25601792,699003.375665152,pca
1963.2504465337843,5.029425152,177.253801984,699003.375665152,pca
1963.7517660930753,5.029425152,177.251426304,699003.375665152,pca
1964.252587383613,5.029425152,177.249533952,699002.973442048,pca
1964.7536368127912,5.029425152,177.245171712,699002.973442048,pca
1965.2550189085305,5.029425152,177.243262976,699002.973442048,pca
1965.7559177204967,5.029425152,177.284493312,699002.973442048,pca
1966.2573764063418,5.029425152,177.282666496,699003.529773056,pca
1966.7593456469476,5.029425152,177.273372672,699003.529773056,pca
1967.2606488242745,5.029425152,177.27102976,699003.529773056,pca
1967.7617749534547,5.029425152,177.26900224,699003.529773056,pca
1968.2628367841244,5.029425152,177.264816128,699002.627018752,pca
1968.7639124765992,5.029425152,177.25638656,699002.627018752,pca
1969.2649197168648,5.029425152,177.254559744,699002.627018752,pca
1969.765667969361,5.029425152,177.26742528,699002.627018752,pca
1970.2675775177777,5.029425152,177.283026944,699002.627018752,pca
1970.7687316890806,5.029425152,177.275396096,699002.627018752,pca
1971.269577248022,5.029425152,177.27356928,699002.627018752,pca
1971.770343773067,5.029425152,177.282433024,699002.627018752,pca
1972.272363755852,5.029425152,177.277005824,699001.990049792,pca
1972.7742601353675,5.029425152,177.274548224,699001.990049792,pca
1973.2753309812397,5.029425152,177.270378496,699001.990049792,pca
1973.776153627783,5.029425152,177.266470912,699001.990049792,pca
1974.278128163889,5.029425152,177.262301184,699001.704833024,pca
1974.7804681397974,5.029425152,177.259982848,699001.704833024,pca
1975.2823299933225,5.029425152,177.256849408,699001.704833024,pca
1975.7839678507298,5.029425152,177.250779136,699001.704833024,pca
1976.285718465224,5.029425152,177.264246784,699001.482776576,pca
1976.7870686408132,5.029425152,177.259163648,699001.482776576,pca
1977.287912350148,5.029425152,177.254846464,699001.482776576,pca
1977.7886499334127,5.029425152,177.2531712,699001.482776576,pca
1978.2893921025097,5.029425152,177.281449984,699000.544489472,pca
1978.791563944891,5.029425152,177.275793408,699000.544489472,pca
1979.2927427589893,5.029425152,177.271427072,699000.544489472,pca
1979.7946932278574,5.029425152,177.269710848,699000.544489472,pca
1980.296118505299,5.029425152,177.265229824,699000.544489472,pca
1980.7979385573417,5.029425152,177.259270144,699000.544489472,pca
1981.2998333089054,5.029425152,177.254920192,699000.544489472,pca
1981.8006811458617,5.029425152,177.26601216,699000.544489472,pca
1982.3017766494304,5.029425152,177.261821952,698999.077093376,pca
1982.8028664831072,5.029425152,177.257910272,698999.077093376,pca
1983.3036598972976,5.029425152,177.254043648,698999.077093376,pca
1983.8050809763372,5.029425152,177.24973056,698999.077093376,pca
1984.3063056375831,5.029425152,177.249226752,698998.772125696,pca
1984.8073479495943,5.029425152,177.244237824,698998.772125696,pca
1985.3083279710263,5.029425152,177.2407808,698998.772125696,pca
1985.8090939931571,5.029425152,177.240477696,698998.772125696,pca
1986.3108760323375,5.029425152,177.263992832,698998.867894272,pca
1986.8162159770727,5.029425152,177.273921536,698998.867894272,pca
1987.3173715732992,5.029425152,177.273085952,698998.867894272,pca
1987.8182765413076,5.029425152,177.26611456,698998.867894272,pca
1988.3203115854412,5.029425152,177.26427136,698998.83710464,pca
1988.8214710950851,5.029425152,177.257582592,698998.83710464,pca
1989.3223241530359,5.029425152,177.25577216,698998.83710464,pca
1989.8233319148421,5.029425152,177.25353984,698998.83710464,pca
1990.3243714962155,5.029425152,177.28182272,698998.83710464,pca
1990.8255481924862,5.029425152,177.277652992,698998.83710464,pca
1991.3267333004624,5.029425152,177.27531008,698998.83710464,pca
1991.8274930920452,5.029425152,177.27768576,698998.83710464,pca
1992.3284985926002,5.029425152,177.276084224,698998.41488896,pca
1992.8296576850116,5.029425152,177.27193088,698998.41488896,pca
1993.3314840868115,5.029425152,177.270091776,698998.41488896,pca
1993.8321393840015,5.029425152,177.267146752,698998.41488896,pca
1994.333086328581,5.029425152,177.262895104,698998.024122368,pca
1994.8347531817853,5.029425152,177.25827072,698998.024122368,pca
1995.3357931561768,5.029425152,177.254117376,698998.024122368,pca
1995.8364660907537,5.029425152,177.254121472,698998.024122368,pca
1996.3372060135007,5.029425152,177.249857536,698997.841453056,pca
1996.8416795358062,5.029425152,177.259196416,698997.841453056,pca
1997.3425604123622,5.029425152,177.254617088,698997.841453056,pca
1997.8434387929738,5.029425152,177.271525376,698997.841453056,pca
1998.3443660922348,5.029425152,177.283641344,698997.238726656,pca
1998.8456566613168,5.029425152,177.276305408,698997.238726656,pca
1999.3464242443442,5.029425152,177.271062528,698997.238726656,pca
1999.8472952786833,5.029425152,177.26910464,698997.238726656,pca
2000.3485017884523,5.029425152,177.261326336,698997.238726656,pca
2000.849651068449,5.029425152,177.259429888,698997.238726656,pca
2001.3503179010004,5.029425152,177.268342784,698997.238726656,pca
2001.8510325290263,5.029425152,177.260752896,698997.08504064,pca
2002.3520078919828,5.029425152,177.256542208,698997.08504064,pca
2002.852980973199,5.029425152,177.262006272,698997.08504064,pca
2003.353844191879,5.029425152,177.25784064,698997.08504064,pca
2003.8546617813408,5.029425152,177.25196288,698997.073948672,pca
2004.3563854806125,5.029425152,177.248305152,698997.073948672,pca
2004.8580835927278,5.029425152,177.24657664,698997.073948672,pca
2005.359007684514,5.029425152,177.240088576,698997.073948672,pca
2005.8604274559766,5.029425152,177.23817984,698997.472882688,pca
2006.3644705358893,5.029425152,177.279205376,698997.472882688,pca
2006.8657304644585,5.029425152,177.274359808,698997.472882688,pca
2007.366578841582,5.029425152,177.27010816,698997.472882688,pca
2007.8679071273655,5.029425152,177.265606656,698997.956763648,pca
2008.3696933891624,5.029425152,177.263906816,698997.956763648,pca
2008.8713807370514,5.029425152,177.259532288,698997.956763648,pca
2009.372459417209,5.029425152,177.255313408,698997.956763648,pca
2009.8736824803054,5.029425152,177.249779712,698998.034321408,pca
2010.375516925007,5.029425152,177.280376832,698998.034321408,pca
2010.8773687519133,5.029425152,177.27709184,698998.034321408,pca
2011.378599325195,5.029425152,177.27524864,698998.034321408,pca
2011.8802147824317,5.029425152,177.282605056,698998.10791424,pca
2012.3818804770708,5.029425152,177.281429504,698998.10791424,pca
2012.8826603479683,5.029425152,177.274318848,698998.10791424,pca
2013.3839963357896,5.029425152,177.272492032,698998.10791424,pca
2013.8855192400515,5.029425152,177.268584448,698997.97180416,pca
2014.3870023731142,5.029425152,177.264185344,698997.97180416,pca
2014.8890532981604,5.029425152,177.261514752,698997.97180416,pca
2015.3909924123436,5.029425152,177.257148416,698997.97180416,pca
2015.8929312173277,5.029425152,177.250578432,698997.883850752,pca
2016.3966522123665,5.029425152,177.265938432,698997.883850752,pca
2016.8977797161788,5.029425152,177.259896832,698997.883850752,pca
2017.3986072167754,5.029425152,177.25800448,698997.883850752,pca
2017.8995512351394,5.029425152,177.253687296,698998.017159168,pca
2018.4006017409265,5.029425152,177.280765952,698998.017159168,pca
2018.90158781223,5.029425152,177.28004096,698998.017159168,pca
2019.4024820346385,5.029425152,177.277714432,698998.017159168,pca
2019.9044495113194,5.029425152,177.270603776,698997.746405376,pca
2020.405457250774,5.029425152,177.2674048,698997.746405376,pca
2020.9069674033672,5.029425152,177.263620096,698997.746405376,pca
2021.4090182967484,5.029425152,177.26179328,698997.746405376,pca
2021.9100783783942,5.029425152,177.26846976,698997.79678208,pca
2022.411698481068,5.029425152,177.266642944,698997.79678208,pca
2022.9126939680427,5.029425152,177.255825408,698997.79678208,pca
2023.4141355473548,5.029425152,177.253953536,698997.79678208,pca
2023.915852220729,5.029425152,177.25339648,698998.144086016,pca
2024.4169324729592,5.029425152,177.251979264,698998.144086016,pca
2024.9184766411781,5.029425152,177.248186368,698998.144086016,pca
2025.4192978795618,5.029425152,177.245810688,698998.144086016,pca
2025.920977184549,5.029425152,177.243754496,698997.851357184,pca
2026.4233013801277,5.029425152,177.239420928,698997.851357184,pca
2026.9246597364545,5.029425152,177.27844352,698997.851357184,pca
2027.425561208278,5.029425152,177.274351616,698997.851357184,pca
2027.926741110161,5.029425152,177.26957568,698997.424418816,pca
2028.4280863851309,5.029425152,177.265676288,698997.424418816,pca
2028.9294351730496,5.029425152,177.262850048,698997.424418816,pca
2029.4303780365735,5.029425152,177.259679744,698997.424418816,pca
2029.9314255043864,5.029425152,177.257320448,698997.19118848,pca
2030.432474212721,5.029425152,177.246543872,698997.19118848,pca
2030.9338111821562,5.029425152,177.273683968,698997.19118848,pca
2031.4347363840789,5.029425152,177.273925632,698997.19118848,pca
2031.9360681083053,5.029425152,177.270194176,698997.215342592,pca
2032.440538642928,5.029425152,177.279942656,698997.215342592,pca
2032.941786840558,5.029425152,177.275592704,698997.215342592,pca
2033.4427550546825,5.029425152,177.27143936,698997.215342592,pca
2033.9435836803168,5.029425152,177.26779392,698997.053620224,pca
2034.444681501016,5.029425152,177.263116288,698997.053620224,pca
2034.9456425812095,5.029425152,177.2571648,698997.053620224,pca
2035.4466094784439,5.029425152,177.255206912,698997.053620224,pca
2035.9475023653358,5.029425152,177.250889728,698996.92771328,pca
2036.4486288689077,5.029425152,177.248866304,698996.92771328,pca
2036.9496753886342,5.029425152,177.245872128,698996.92771328,pca
2037.4506158735603,5.029425152,177.253576704,698996.92771328,pca
2037.9517729002982,5.029425152,177.251168256,698996.733018112,pca
2038.4529671948403,5.029425152,177.246326784,698996.733018112,pca
2038.9539993852377,5.029425152,177.2449792,698996.733018112,pca
2039.4550486803055,5.029425152,177.273217024,698996.733018112,pca
2039.956075642258,5.029425152,177.265283072,698996.62698496,pca
2040.4573454838246,5.029425152,177.26294016,698996.62698496,pca
2040.9583610370755,5.029425152,177.261072384,698996.62698496,pca
2041.4593976549804,5.029425152,177.256820736,698996.62698496,pca
2041.9604191686958,5.029425152,177.249906688,698996.377571328,pca
2042.4645959809422,5.029425152,177.261187072,698996.377571328,pca
2042.9656190015376,5.029425152,177.254858752,698996.377571328,pca
2043.4666735921055,5.029425152,177.281994752,698996.377571328,pca
2043.9676951337606,5.029425152,177.278926848,698995.964256256,pca
2044.4687275215983,5.029425152,177.27807488,698995.964256256,pca
2044.969719717279,5.029425152,177.27358976,698995.964256256,pca
2045.4706333242357,5.029425152,177.269645312,698995.964256256,pca
2045.9716761037707,5.029425152,177.264963584,698995.964256256,pca
2046.4728766847402,5.029425152,177.265250304,698995.964256256,pca
2046.97392205894,5.029425152,177.257213952,698995.964256256,pca
2047.4747081398964,5.029425152,177.26584832,698995.964256256,pca
2047.9757586047053,5.029425152,177.261666304,698995.459559424,pca
2048.476772721857,5.029425152,177.25734912,698995.459559424,pca
2048.9776114039123,5.029425152,177.250766848,698995.459559424,pca
2049.47867952846,5.029425152,177.253855232,698995.459559424,pca
2049.979712648317,5.029425152,177.250963456,698995.459559424,pca
2050.4809491019696,5.029425152,177.247145984,698995.459559424,pca
2050.982048301026,5.029425152,177.242857472,698995.459559424,pca
2051.482833828777,5.029425152,177.26285824,698995.459559424,pca
2051.9838875178248,5.029425152,177.268584448,698995.341901824,pca
2052.4849569015205,5.029425152,177.264386048,698995.341901824,pca
2052.9858637042344,5.029425152,177.262792704,698995.341901824,pca
2053.486934378743,5.029425152,177.273442304,698995.341901824,pca
2053.9879940208048,5.029425152,177.265250304,698995.375321088,pca
2054.4893675409257,5.029425152,177.263423488,698995.375321088,pca
2054.9905157499015,5.029425152,177.260220416,698995.375321088,pca
2055.4914983846247,5.029425152,177.256034304,698995.375321088,pca
2055.992283327505,5.029425152,177.251749888,698995.210256384,pca
2056.493329340592,5.029425152,177.248718848,698995.210256384,pca
2056.994420964271,5.029425152,177.246388224,698995.210256384,pca
2057.4955293443054,5.029425152,177.2422144,698995.210256384,pca
2057.9966104254127,5.029425152,177.2517376,698994.82845184,pca
2058.497535796836,5.029425152,177.24725248,698994.82845184,pca
2058.998127412051,5.029425152,177.243529216,698994.82845184,pca
2059.499009884894,5.029425152,177.239212032,698994.82845184,pca
2059.9999605920166,5.029425152,177.23557888,698994.82845184,pca
2060.5010116714984,5.029425152,177.26124032,698994.82845184,pca
2061.002147724852,5.029425152,177.261580288,698994.82845184,pca
2061.5034618601203,5.029425152,177.261580288,698994.82845184,pca
2062.004371965304,5.029425152,177.25677568,698994.537406464,pca
2062.5055694766343,5.029425152,177.263325184,698994.537406464,pca
2063.0064306799322,5.029425152,177.259307008,698994.537406464,pca
2063.5073452964425,5.029425152,177.254944768,698994.537406464,pca
2064.0079432092607,5.029425152,177.252601856,698994.57093632,pca
2064.508950021118,5.029425152,177.28344064,698994.57093632,pca
2065.0102742593735,5.029425152,177.275752448,698994.57093632,pca
2065.511436669156,5.029425152,177.275011072,698994.57093632,pca
2066.0122852399945,5.029425152,177.26926848,698994.5090048,pca
2066.513451816514,5.029425152,177.26765056,698994.5090048,pca
2067.0145711731166,5.029425152,177.260937216,698994.5090048,pca
2067.515718707815,5.029425152,177.258594304,698994.5090048,pca
2068.016795374453,5.029425152,177.26461952,698994.154053632,pca
2068.5179473329335,5.029425152,177.262276608,698994.154053632,pca
2069.0191931743175,5.029425152,177.258958848,698994.154053632,pca
2069.5203954372555,5.029425152,177.254805504,698994.154053632,pca
2070.0215520188212,5.029425152,177.250607104,698994.154053632,pca
2070.5230023488402,5.029425152,177.247985664,698994.154053632,pca
2071.0240354482085,5.029425152,177.241243648,698994.154053632,pca
2071.5250824000686,5.029425152,177.23707392,698994.154053632,pca
2072.026047743857,5.029425152,177.237827584,698993.819295744,pca
2072.5272720456123,5.029425152,177.233629184,698993.819295744,pca
2073.0284684188664,5.029425152,177.230053376,698993.819295744,pca
2073.529684703797,5.029425152,177.270923264,698993.819295744,pca
2074.030844025314,5.029425152,177.267761152,698993.849495552,pca
2074.5322667416185,5.029425152,177.263742976,698993.849495552,pca
2075.0334678813815,5.029425152,177.259470848,698993.849495552,pca
2075.534582344815,5.029425152,177.25374464,698993.849495552,pca
2076.0357744265348,5.029425152,177.250861056,698993.781178368,pca
2076.536967333406,5.029425152,177.24530688,698993.781178368,pca
2077.0381778087467,5.029425152,177.243615232,698993.781178368,pca
2077.5394287575036,5.029425152,177.274445824,698993.781178368,pca
2078.040609015152,4.973133824,177.321549824,698993.511415808,pca
2078.5460588727146,4.973133824,177.3330432,698993.511415808,pca
2079.0469620525837,4.973133824,177.32816896,698993.511415808,pca
2079.5479865707457,4.973133824,177.325613056,698993.511415808,pca
2080.0488548614085,4.973133824,177.31774464,698993.511415808,pca
2080.5502834599465,4.973133824,177.315483648,698993.511415808,pca
2081.05114550516,4.973133824,177.31004416,698993.511415808,pca
2081.551946964115,4.973133824,177.304526848,698993.511415808,pca
2082.0527970045805,4.973133824,177.335717888,698994.403971072,pca
2082.5544846765697,4.973133824,177.327136768,698994.403971072,pca
2083.055383661762,4.975230976,177.321562112,698994.403971072,pca
2083.5562239810824,4.975230976,177.31981312,698994.403971072,pca
2084.0574313048273,4.975235072,177.326702592,698994.451648512,pca
2084.558712363243,4.975235072,177.31954688,698994.451648512,pca
2085.0595645215362,4.975235072,177.315336192,698994.451648512,pca
2085.5604284480214,4.975235072,177.312735232,698994.451648512,pca
2086.061330448836,4.975235072,177.310343168,698994.134892544,pca
2086.5635536070913,4.975235072,177.301762048,698994.134892544,pca
2087.064387265593,4.975235072,177.298857984,698994.134892544,pca
2087.56537688151,4.975235072,177.29478656,698994.134892544,pca
2088.066304543987,4.975235072,177.304895488,698992.310566912,pca
2088.5673386603594,4.977332224,177.2960768,698992.310566912,pca
2089.06822700426,4.977332224,177.293979648,698992.310566912,pca
2089.5700091533363,4.977332224,177.293692928,698992.310566912,pca
2090.0709603205323,4.977332224,177.324044288,698992.310566912,pca
2090.5720776878297,4.977332224,177.318014976,698992.310566912,pca
2091.0730554014444,4.977332224,177.313746944,698992.310566912,pca
2091.5739402454346,4.977332224,177.308545024,698992.310566912,pca
2092.0747076421976,4.977332224,177.303810048,698992.661020672,pca
2092.575761716813,4.977332224,177.299918848,698992.661020672,pca
2093.0766759123653,4.977332224,177.306804224,698992.661020672,pca
2093.5775866732,4.977332224,177.302319104,698992.661020672,pca
2094.078522818163,4.979429376,177.295630336,698992.690208768,pca
2094.580118654296,4.979429376,177.322053632,698992.690208768,pca
2095.0813797041774,4.979429376,177.318285312,698992.690208768,pca
2095.5828834325075,4.979429376,177.314500608,698992.690208768,pca
2096.0835433844477,4.979429376,177.312432128,698992.637435904,pca
2096.584460200742,4.979429376,177.304612864,698992.637435904,pca
2097.0864528492093,4.979429376,177.30158592,698992.637435904,pca
2097.587732968852,4.979429376,177.30054144,698992.637435904,pca
2098.089366508648,4.979429376,177.307234304,698992.485302272,pca
2098.5904366895556,4.979429376,177.334075392,698992.485302272,pca
2099.091422105208,4.979429376,177.32921344,698992.485302272,pca
2099.5923284366727,4.979429376,177.324548096,698992.485302272,pca
2100.0933066643775,4.979429376,177.322205184,698992.485302272,pca
2100.5947150010616,4.979429376,177.31756032,698992.485302272,pca
2101.0959090851247,4.979429376,177.313390592,698992.485302272,pca
2101.596524367109,4.979429376,177.309028352,698992.485302272,pca
2102.0972252488136,4.979429376,177.304326144,698990.664728576,pca
2102.5983616840094,4.979429376,177.299587072,698990.664728576,pca
2103.0994024798274,4.981526528,177.31080192,698990.664728576,pca
2103.600279919803,4.981526528,177.306370048,698990.664728576,pca
2104.1017274446785,4.981526528,177.303552,698988.560859136,pca
2104.6027989853173,4.981526528,177.302974464,698988.560859136,pca
2105.1035855412483,4.981526528,177.298579456,698988.560859136,pca
2105.6044778600335,4.981526528,177.294168064,698988.560859136,pca
2106.1053628157824,4.981526528,177.289867264,698988.875780096,pca
2106.606298200786,4.981526528,177.315340288,698988.875780096,pca
2107.107316132635,4.981526528,177.314701312,698988.875780096,pca
2107.6082657482475,4.981526528,177.311731712,698988.875780096,pca
2108.1091376803815,4.981526528,177.307533312,698987.757944832,pca
2108.612805508077,4.981526528,177.314320384,698987.757944832,pca
2109.114126905799,4.981526528,177.31110912,698987.757944832,pca
2109.6151388324797,4.981526528,177.30576384,698987.757944832,pca
2110.116106474772,4.981526528,177.30269184,698987.757944832,pca
2110.6173194609582,4.981526528,177.299111936,698987.757944832,pca
2111.118188690394,4.981526528,177.3241344,698987.757944832,pca
2111.6191811095923,4.981526528,177.322012672,698987.757944832,pca
2112.120159380138,4.981526528,177.319477248,698986.214694912,pca
2112.6213022563607,4.981526528,177.313308672,698986.214694912,pca
2113.122783416882,4.981526528,177.310916608,698986.214694912,pca
2113.623518280685,4.981526528,177.317888,698986.214694912,pca
2114.1246233060956,4.98362368,177.312731136,698988.635508736,pca
2114.6260171607137,4.98362368,177.308717056,698988.635508736,pca
2115.127316718921,4.98362368,177.305202688,698988.635508736,pca
2115.628347920254,4.98362368,177.297354752,698988.635508736,pca
2116.1292731445283,4.98362368,177.293103104,698988.74042368,pca
2116.630321044475,4.98362368,177.293062144,698988.74042368,pca
2117.1311456728727,4.98362368,177.292439552,698988.74042368,pca
2117.633291244507,4.98362368,177.289539584,698988.74042368,pca
2118.134360773489,4.98362368,177.291759616,698986.254790656,pca
2118.635563304648,4.98362368,177.290571776,698986.254790656,pca
2119.1366769280285,4.98362368,177.28690176,698986.254790656,pca
2119.6382058318704,4.98362368,177.317617664,698986.254790656,pca
2120.1401683259755,4.98362368,177.309405184,698986.254790656,pca
2120.6413417886943,4.98362368,177.30680832,698986.254790656,pca
2121.1427934039384,4.98362368,177.304518656,698986.254790656,pca
2121.6439962964505,4.98362368,177.300611072,698986.254790656,pca
2122.1449526287615,4.98362368,177.293266944,698984.406786048,pca
2122.646217526868,4.98362368,177.290805248,698984.406786048,pca
2123.1474329158664,4.98362368,177.285566464,698984.406786048,pca
2123.64871971868,4.98362368,177.317388288,698984.406786048,pca
2124.149834319949,4.98362368,177.3171712,698986.607562752,pca
2124.651048772037,4.98362368,177.314934784,698986.607562752,pca
2125.1518976688385,4.98362368,177.313329152,698986.607562752,pca
2125.652932660654,4.98362368,177.310928896,698986.607562752,pca
2126.1537562254816,4.98362368,177.304600576,698986.471620608,pca
2126.6549685373902,4.98362368,177.302495232,698986.471620608,pca
2127.1561092175543,4.985720832,177.295065088,698986.471620608,pca
2127.6571845244616,4.985720832,177.291350016,698986.471620608,pca
2128.1584351472557,4.985720832,177.323466752,698982.526345216,pca
2128.6626177430153,4.985720832,177.329709056,698982.526345216,pca
2129.163554970175,4.985720832,177.327382528,698982.526345216,pca
2129.664658276364,4.985720832,177.323716608,698982.526345216,pca
2130.1655609197915,4.985720832,177.320271872,698982.526345216,pca
2130.6668474320322,4.985720832,177.314226176,698982.526345216,pca
2131.167809408158,4.985720832,177.310056448,698982.526345216,pca
2131.6689242348075,4.985720832,177.30613248,698982.526345216,pca
2132.1705071404576,4.985720832,177.302700032,698981.917065216,pca
2132.6720244754106,4.985720832,177.29632256,698981.917065216,pca
2133.173476288095,4.985720832,177.295024128,698981.917065216,pca
2133.6746048368514,4.985720832,177.299423232,698981.917065216,pca
2134.175962910056,4.985720832,177.305157632,698984.485527552,pca
2134.6782285366207,4.985720832,177.298313216,698984.485527552,pca
2135.1793913170695,4.985720832,177.295048704,698984.485527552,pca
2135.6802898533642,4.985720832,177.289371648,698984.485527552,pca
2136.1809638310224,4.985720832,177.319149568,698984.188268544,pca
2136.6822805926204,4.985720832,177.315459072,698984.188268544,pca
2137.1832297910005,4.985720832,177.31119104,698984.188268544,pca
2137.6846808288246,4.985720832,177.306775552,698984.188268544,pca
2138.1856305580586,4.985720832,177.315074048,698979.772854272,pca
2138.6866475865245,4.985720832,177.308594176,698979.772854272,pca
2139.188037607819,4.985720832,177.307295744,698979.772854272,pca
2139.6888925246894,4.987817984,177.299079168,698979.772854272,pca
2140.1903503760695,4.987817984,177.294761984,698979.772854272,pca
2140.692007182166,4.987817984,177.3247488,698979.772854272,pca
2141.1935340259224,4.987817984,177.317081088,698979.772854272,pca
2141.694968076423,4.987817984,177.314738176,698979.772854272,pca
2142.1969811320305,4.987817984,177.312600064,698978.41475584,pca
2142.6980688758194,4.987817984,177.30711552,698978.41475584,pca
2143.19899732247,4.987817984,177.315065856,698978.41475584,pca
2143.7000963278115,4.987817984,177.311363072,698978.41475584,pca
2144.201362038031,4.987817984,177.310199808,698980.885241856,pca
2144.702688060701,4.987817984,177.301938176,698980.885241856,pca
2145.2039193212986,4.987817984,177.297793024,698980.885241856,pca
2145.705036278814,4.987817984,177.29519616,698980.885241856,pca
2146.2060468327254,4.987817984,177.296367616,698980.688171008,pca
2146.707447135821,4.987817984,177.294327808,698980.688171008,pca
2147.2087161745876,4.987817984,177.285402624,698980.688171008,pca
2147.7097413912416,4.987817984,177.28309248,698980.688171008,pca
2148.2106947693974,4.987817984,177.279381504,698976.668164096,pca
2148.7145954333246,4.987817984,177.312280576,698976.668164096,pca
2149.215550675988,4.987817984,177.312178176,698976.668164096,pca
2149.7166726570576,4.987817984,177.312104448,698976.668164096,pca
2150.21772653237,4.987817984,177.30924544,698976.668164096,pca
2150.7187787368894,4.987817984,177.305022464,698976.668164096,pca
2151.219781083986,4.987817984,177.30086912,698976.668164096,pca
2151.720891200006,4.987817984,177.296654336,698976.668164096,pca
2152.222160104662,4.987817984,177.293213696,698974.505140224,pca
2152.7236039880663,4.987817984,177.2870656,698974.505140224,pca
2153.2244286779314,4.987817984,177.315602432,698974.505140224,pca
2153.7256268840283,4.989915136,177.320148992,698974.505140224,pca
2154.2266754526645,4.989915136,177.315979264,698977.085952,pca
2154.727669900283,4.989915136,177.311526912,698977.085952,pca
2155.2288101688027,4.989915136,177.310806016,698977.085952,pca
2155.7298956252635,4.989915136,177.302355968,698977.085952,pca
2156.2308550029993,4.989915136,177.299451904,698977.285931008,pca
2156.7321273088455,4.989915136,177.295310848,698977.285931008,pca
2157.233403293416,4.989915136,177.292967936,698977.285931008,pca
2157.734269041568,4.989915136,177.286643712,698977.285931008,pca
2158.236218014732,4.989915136,177.284583424,698976.977084416,pca
2158.7401044052094,4.989915136,177.292824576,698976.977084416,pca
2159.2412727214396,4.989915136,177.296633856,698976.977084416,pca
2159.743313787505,4.989915136,177.290530816,698976.977084416,pca
2160.2455906365067,4.989915136,177.28616448,698976.977084416,pca
2160.747696461156,4.989915136,177.281753088,698976.977084416,pca
2161.248604277149,4.989915136,177.303928832,698976.977084416,pca
2161.750547878444,4.989915136,177.30695168,698976.977084416,pca
2162.2517873141915,4.989915136,177.30525184,698976.294907904,pca
2162.7540655247867,4.989915136,177.300963328,698976.294907904,pca
2163.2554968483746,4.989915136,177.296695296,698976.294907904,pca
2163.7573212143034,4.989915136,177.303658496,698976.294907904,pca
2164.259197637439,4.989915136,177.299718144,698976.111714304,pca
2164.761122893542,4.989915136,177.295785984,698976.111714304,pca
2165.2631852384657,4.989915136,177.291452416,698976.111714304,pca
2165.764504665509,4.989915136,177.31411968,698976.111714304,pca
2166.266502896324,4.989915136,177.314349056,698975.939813376,pca
2166.767857341096,4.989915136,177.312260096,698975.939813376,pca
2167.2688127402216,4.989915136,177.310060544,698975.939813376,pca
2167.77010448277,4.989915136,177.304162304,698975.939813376,pca
2168.270996997133,4.989915136,177.31311616,698975.002484736,pca
2168.7725362963974,4.989915136,177.3111296,698975.002484736,pca
2169.273397028446,4.989915136,177.307004928,698975.002484736,pca
2169.7744596265256,4.989915136,177.302953984,698975.002484736,pca
2170.276059208438,4.989915136,177.300627456,698974.256287744,pca
2170.7773472908884,4.989915136,177.297231872,698974.256287744,pca
2171.2782808300108,4.989915136,177.293078528,698974.256287744,pca
2171.779084265232,4.989915136,177.292541952,698974.256287744,pca
2172.2807593867183,4.989915136,177.288790016,698973.328515072,pca
2172.781836140901,4.989915136,177.282289664,698973.328515072,pca
2173.2838018294424,4.989915136,177.2798976,698973.328515072,pca
2173.7846865747124,4.992012288,177.274150912,698973.328515072,pca
2174.2893711328506,4.992012288,177.31678208,698970.48901632,pca
2174.7909528333694,4.992012288,177.310339072,698970.48901632,pca
2175.292996449396,4.992012288,177.306169344,698970.48901632,pca
2175.7938667200506,4.992012288,177.30127872,698970.48901632,pca
2176.2954632528126,4.992012288,177.299451904,698970.035367936,pca
2176.797493543476,4.992012288,177.293410304,698970.035367936,pca
2177.2984181847423,4.992012288,177.291649024,698970.035367936,pca
2177.799298584461,4.992012288,177.293021184,698970.035367936,pca
2178.300661407411,4.992012288,177.300246528,698968.285515776,pca
2178.8022695910186,4.992012288,177.294553088,698968.285515776,pca
2179.30319391191,4.992012288,177.290100736,698968.285515776,pca
2179.8040754478425,4.992012288,177.286074368,698968.285515776,pca
2180.305157219991,4.992012288,177.283874816,698968.032780288,pca
2180.806140208617,4.992012288,177.2782592,698968.032780288,pca
2181.3071583360434,4.992012288,177.276325888,698968.032780288,pca
2181.8084497973323,4.992012288,177.272328192,698968.032780288,pca
2182.3092122282833,4.992012288,177.272070144,698967.256150016,pca
2182.810416880995,4.992012288,177.295519744,698967.256150016,pca
2183.311280367896,4.992012288,177.29189888,698967.256150016,pca
2183.813321582973,4.992012288,177.289928704,698967.256150016,pca
2184.3153569325805,4.992012288,177.28647168,698966.448410624,pca
2184.8205476868898,4.992012288,177.293254656,698966.448410624,pca
2185.3225595615804,4.992012288,177.289347072,698966.448410624,pca
2185.8239211644977,4.992012288,177.284718592,698966.448410624,pca
2186.325186189264,4.992012288,177.282834432,698966.234652672,pca
2186.8262758199126,4.992012288,177.309753344,698966.234652672,pca
2187.328312428668,4.992012288,177.308864512,698966.234652672,pca
2187.8303482085466,4.992012288,177.304694784,698966.234652672,pca
2188.3314057849348,4.992012288,177.302867968,698964.91024384,pca
2188.835473213345,4.992012288,177.307230208,698964.91024384,pca
2189.3367187250406,4.992012288,177.305931776,698964.91024384,pca
2189.837548824027,5.000400896,177.289691136,698964.91024384,pca
2190.3388598840684,5.159784448,177.128226816,698964.725383168,pca
2190.8403013851494,5.168173056,177.145913344,698964.725383168,pca
2191.34115431644,5.168173056,177.145372672,698964.725383168,pca
2191.8431836366653,5.168173056,177.140977664,698964.725383168,pca
2192.345212092623,5.168173056,177.136914432,698965.041713152,pca
2192.8463105876,5.168173056,177.135005696,698965.041713152,pca
2193.3471634890884,5.168173056,177.132679168,698965.041713152,pca
2193.8487308938056,5.168173056,177.1375616,698967.329685504,pca
2194.350230064243,5.168173056,177.13543168,698967.329685504,pca
2194.8513235691935,5.168173056,177.13557504,698967.329685504,pca
2195.3529132846743,5.168173056,177.131249664,698967.329685504,pca
2195.8537852093577,5.168173056,177.122881536,698967.329685504,pca
2196.3552782479674,5.168173056,177.121583104,698967.329685504,pca
2196.856717169285,5.168173056,177.116848128,698967.329685504,pca
2197.35835515894,5.168173056,177.116454912,698967.329685504,pca
2197.8596531245857,5.168173056,177.112403968,698966.649356288,pca
2198.3609039802104,5.168173056,177.121923072,698966.649356288,pca
2198.862377325073,5.168173056,177.119195136,698966.649356288,pca
2199.363675288856,5.168173056,177.147949056,698966.649356288,pca
2199.8647612091154,5.168173056,177.144107008,698966.4884736,pca
2200.36667162925,5.168173056,177.13985536,698966.4884736,pca
2200.8682009037584,5.168173056,177.1353088,698966.4884736,pca
2201.3695137482136,5.168173056,177.130991616,698966.4884736,pca
2201.870831552893,5.170270208,177.124937728,698965.989543936,pca
2202.371844543144,5.170270208,177.122545664,698965.989543936,pca
2202.8729410562664,5.170270208,177.118887936,698965.989543936,pca
2203.3736767526716,5.170270208,177.125597184,698965.989543936,pca
2203.875224709511,5.170270208,177.119219712,698964.515745792,pca
2204.3766420446336,5.170270208,177.114918912,698964.515745792,pca
2204.87814845331,5.170270208,177.112383488,698964.515745792,pca
2205.3797611631453,5.170270208,177.112383488,698964.515745792,pca
2205.880640676245,5.170270208,177.102036992,698964.515745792,pca
2206.38208864443,5.170270208,177.100128256,698964.515745792,pca
2206.882889924571,5.170270208,177.098125312,698964.515745792,pca
2207.3836799990386,5.170270208,177.093808128,698964.515745792,pca
2207.885223273188,5.170270208,177.112813568,698964.083593216,pca
2208.3863132614642,5.170270208,177.11282176,698964.083593216,pca
2208.888214709237,5.170270208,177.123741696,698964.083593216,pca
2209.389283940196,5.170270208,177.123745792,698964.083593216,pca
2209.8907960802317,5.170270208,177.119236096,698963.982557184,pca
2210.391838040203,5.170270208,177.11740928,698963.982557184,pca
2210.8935144227,5.170270208,177.110618112,698963.982557184,pca
2211.394380291924,5.170270208,177.106661376,698963.982557184,pca
2211.8958188910037,5.170270208,177.138286592,698963.83393792,pca
2212.3970395438373,5.170270208,177.1346944,698963.83393792,pca
2212.898123372346,5.170270208,177.128091648,698963.83393792,pca
2213.3988171648234,5.170270208,177.123938304,698963.83393792,pca
2213.899855848402,5.170270208,177.13246208,698963.433091072,pca
2214.400876402855,5.170270208,177.130635264,698963.433091072,pca
2214.902136065066,5.170270208,177.126416384,698963.433091072,pca
2215.4029922634363,5.170270208,177.122172928,698963.433091072,pca
2215.9051831439137,5.170270208,177.116123136,698963.433091072,pca
2216.40755584836,5.170270208,177.114312704,698963.433091072,pca
2216.9106647595763,5.170270208,177.107857408,698963.433091072,pca
2217.4123727045953,5.170270208,177.10589952,698963.433091072,pca
2217.912987144664,5.170270208,177.101910016,698962.500972544,pca
2218.413795761764,5.170270208,177.105002496,698962.500972544,pca
2218.915520610288,5.170270208,177.11616,698962.500972544,pca
2219.416504468769,5.170270208,177.112326144,698962.500972544,pca
2219.9178262762725,5.170270208,177.108099072,698962.377416704,pca
2220.419572720304,5.170270208,177.13506304,698962.377416704,pca
2220.920427152887,5.170270208,177.132642304,698962.377416704,pca
2221.422434406355,5.170270208,177.131393024,698962.377416704,pca
2221.924421908334,5.170270208,177.12644096,698962.216230912,pca
2222.425611352548,5.170270208,177.122603008,698962.216230912,pca
2222.9262892659754,5.170270208,177.118130176,698962.216230912,pca
2223.4269787613302,5.170270208,177.113980928,698962.216230912,pca
2223.9278863612562,5.170270208,177.10977024,698961.350017024,pca
2224.4318702649325,5.170270208,177.118969856,698961.350017024,pca
2224.932782849297,5.170270208,177.112600576,698961.350017024,pca
2225.4337728619576,5.170270208,177.108717568,698961.350017024,pca
2225.934693068266,5.170270208,177.107181568,698961.350017024,pca
2226.4358519855887,5.170270208,177.108779008,698961.350017024,pca
2226.9367659483105,5.170270208,177.100333056,698961.350017024,pca
2227.4376856889576,5.170270208,177.098412032,698961.350017024,pca
2227.9385412074625,5.170270208,177.093984256,698960.207269888,pca
2228.4398793894798,5.170270208,177.092091904,698960.207269888,pca
2228.9407940153033,5.17236736,177.127346176,698960.207269888,pca
2229.4422064293176,5.17236736,177.125019648,698960.207269888,pca
2229.943176580593,5.17236736,177.121542144,698960.239992832,pca
2230.4454530775547,5.17236736,177.119715328,698960.239992832,pca
2230.946411252022,5.17236736,177.112981504,698960.239992832,pca
2231.4477918278426,5.17236736,177.111154688,698960.239992832,pca
2231.948732247576,5.17236736,177.10440448,698959.957512192,pca
2232.449740117416,5.17236736,177.10440448,698959.957512192,pca
2232.9506970383227,5.17236736,177.13129472,698959.957512192,pca
2233.45170195587,5.17236736,177.14018304,698959.957512192,pca
2233.9527025558054,5.17236736,177.134231552,698958.750019584,pca
2234.4549218397588,5.17236736,177.130061824,698958.750019584,pca
2234.955897644162,5.17236736,177.12838656,698958.750019584,pca
2235.457577450201,5.17236736,177.124233216,698958.750019584,pca
2235.95858277753,5.17236736,177.119834112,698958.750019584,pca
2236.459642365575,5.17236736,177.115766784,698958.750019584,pca
2236.960551964119,5.17236736,177.114628096,698958.750019584,pca
2237.461631152779,5.17236736,177.110409216,698958.750019584,pca
2237.962630232796,5.17236736,177.103376384,698958.545907712,pca
2238.467556476593,5.17236736,177.11044608,698958.545907712,pca
2238.96902352944,5.17236736,177.108348928,698958.545907712,pca
2239.4709117095917,5.17236736,177.111437312,698958.545907712,pca
2239.9729110915214,5.19282688,177.083015168,698958.35041792,pca
2240.474888011813,5.201457152,177.074552832,698958.35041792,pca
2240.976746056229,5.201457152,177.070702592,698958.35041792,pca
2241.4780334234238,5.201457152,177.102360576,698958.35041792,pca
2241.980098590255,5.201457152,177.095983104,698958.188527616,pca
2242.481543680653,5.201457152,177.093636096,698958.188527616,pca
2242.9831059649587,5.201457152,177.089589248,698958.188527616,pca
2243.484028359875,5.201457152,177.085616128,698958.188527616,pca
2243.9853130094707,5.201457152,177.081311232,698956.973367296,pca
2244.486443305388,5.201457152,177.079906304,698956.973367296,pca
2244.987520856783,5.201457152,177.073160192,698956.973367296,pca
2245.4885548092425,5.201457152,177.114288128,698956.973367296,pca
2245.989392058924,5.201457152,177.109131264,698956.53586944,pca
2246.490650301799,5.201457152,177.109000192,698956.53586944,pca
2246.9918590094894,5.201457152,177.1029504,698956.53586944,pca
2247.492830913514,5.201457152,177.098633216,698956.53586944,pca
2247.9936657566577,5.201457152,177.095921664,698956.159270912,pca
2248.4947139900178,5.201457152,177.091383296,698956.159270912,pca
2248.99577547051,5.201457152,177.086636032,698956.159270912,pca
2249.4967657458037,5.201457152,177.084317696,698956.159270912,pca
2249.9976217579097,5.201457152,177.081348096,698955.918143488,pca
2250.4986328929663,5.201457152,177.076854784,698955.918143488,pca
2250.9994678869843,5.201457152,177.072345088,698955.918143488,pca
2251.500784775242,5.201457152,177.084616704,698955.918143488,pca
2252.0020693894476,5.201457152,177.080680448,698954.892701696,pca
2252.503192976117,5.201457152,177.078657024,698954.892701696,pca
2253.0042679701,5.201457152,177.072132096,698954.892701696,pca
2253.5060223769397,5.201457152,177.070252032,698954.892701696,pca
2254.006733527407,5.201457152,177.092087808,698953.339785216,pca
2254.507667582482,5.201457152,177.096851456,698953.339785216,pca
2255.0086011048406,5.201457152,177.09309952,698953.339785216,pca
2255.5099340025336,5.201457152,177.08896256,698953.339785216,pca
2256.010780936107,5.203554304,177.080762368,698953.34060032,pca
2256.5146747529507,5.203554304,177.0899456,698953.34060032,pca
2257.015656147152,5.203554304,177.08406784,698953.34060032,pca
2257.5169396214187,5.203554304,177.082241024,698953.34060032,pca
2258.018377892673,5.203554304,177.077620736,698953.06868736,pca
2258.5198184102774,5.203554304,177.106837504,698953.06868736,pca
2259.0206650793552,5.203554304,177.110351872,698953.06868736,pca
2259.5216976851225,5.203554304,177.108525056,698953.06868736,pca
2260.0234901923686,5.203554304,177.102196736,698952.884609024,pca
2260.52482823655,5.203554304,177.09828096,698952.884609024,pca
2261.0256663374603,5.203554304,177.091555328,698952.884609024,pca
2261.526553425938,5.203554304,177.089048576,698952.884609024,pca
2262.0281397160143,5.203554304,177.086988288,698952.187662336,pca
2262.5296350196004,5.203554304,177.085063168,698952.187662336,pca
2263.030385520309,5.205651456,177.078771712,698952.187662336,pca
2263.531864233315,5.205651456,177.074126848,698952.187662336,pca
2264.0328186098486,5.205651456,177.083928576,698950.716141568,pca
2264.533908944577,5.205651456,177.079545856,698950.716141568,pca
2265.0355608798563,5.205651456,177.079894016,698950.716141568,pca
2265.53705904074,5.205651456,177.075351552,698950.716141568,pca
2266.03855163604,5.205651456,177.073799168,698950.70687232,pca
2266.5404296331108,5.205651456,177.071955968,698950.70687232,pca
2267.0412883441895,5.205651456,177.100341248,698950.70687232,pca
2267.543215893209,5.205651456,177.100210176,698950.70687232,pca
2268.044051712379,5.205651456,177.095307264,698949.834059776,pca
2268.545223109424,5.205651456,177.090973696,698949.834059776,pca
2269.0460925158113,5.205651456,177.097986048,698949.834059776,pca
2269.5471884682775,5.205651456,177.094766592,698949.834059776,pca
2270.048058785498,5.205651456,177.087483904,698949.802778624,pca
2270.5498651079834,5.205651456,177.08562432,698949.802778624,pca
2271.0507190730423,5.205651456,177.083232256,698949.802778624,pca
2271.5521001182497,5.205651456,177.079934976,698949.802778624,pca
2272.0529866479337,5.205651456,177.073414144,698949.476532224,pca
2272.5543040838093,5.205651456,177.069195264,698949.476532224,pca
2273.055169856176,5.205651456,177.06733568,698949.476532224,pca
2273.5560049731284,5.205651456,177.064050688,698949.476532224,pca
2274.0568889155984,5.205651456,177.060605952,698949.04850432,pca
2274.561073316261,5.205651456,177.072295936,698949.04850432,pca
2275.0619841255248,5.205651456,177.069920256,698949.04850432,pca
2275.5628440082073,5.205651456,177.095503872,698949.04850432,pca
2276.063748460263,5.205651456,177.093177344,698948.692303872,pca
2276.5648471359164,5.205651456,177.091305472,698948.692303872,pca
2277.0657497160137,5.205651456,177.087848448,698948.692303872,pca
2277.566842697561,5.205651456,177.081278464,698948.692303872,pca
2278.0677557382733,5.205651456,177.0768384,698947.797229568,pca
2278.56887941435,5.205651456,177.081491456,698947.797229568,pca
2279.0697814729065,5.205651456,177.081622528,698947.797229568,pca
2279.5705554317683,5.205651456,177.087234048,698947.797229568,pca
2280.0714839641005,5.205651456,177.102319616,698947.421917184,pca
2280.5725464764982,5.205651456,177.098510336,698947.421917184,pca
2281.073473298922,5.207748608,177.092759552,698947.421917184,pca
2281.5746440719813,5.207748608,177.089347584,698947.421917184,pca
2282.075585620478,5.207748608,177.086922752,698946.72769024,pca
2282.5776015892625,5.207748608,177.080901632,698946.72769024,pca
2283.078555556014,5.207748608,177.076977664,698946.72769024,pca
2283.5795034524053,5.207748608,177.075884032,698946.72769024,pca
2284.080488219857,5.207748608,177.082150912,698945.557753856,pca
2284.5817283168435,5.207748608,177.076211712,698945.557753856,pca
2285.0826775748283,5.207748608,177.071812608,698945.557753856,pca
2285.5835975706577,5.207748608,177.072054272,698945.557753856,pca
2286.084563648328,5.207748608,177.072754688,698945.381183488,pca
2286.5861913710833,5.207748608,177.066426368,698945.381183488,pca
2287.087176911533,5.207748608,177.062125568,698945.381183488,pca
2287.5880324169993,5.207748608,177.060036608,698945.381183488,pca
2288.0887903477997,5.207748608,177.078013952,698944.921329664,pca
2288.589643023908,5.207748608,177.082683392,698944.921329664,pca
2289.090605325997,5.207748608,177.078611968,698944.921329664,pca
2289.5915683750063,5.207748608,177.090048,698944.921329664,pca
2290.0925056580454,5.207748608,177.085607936,698944.919719936,pca
2290.5936987660825,5.207748608,177.083748352,698944.919719936,pca
2291.0945757534355,5.207748608,177.077518336,698944.919719936,pca
2291.5965625289828,5.207748608,177.075494912,698944.919719936,pca
2292.0975529495627,5.207748608,177.071325184,698944.509313024,pca
2292.5986283272505,5.207748608,177.097412608,698944.509313024,pca
2293.1001025252044,5.207748608,177.097392128,698944.509313024,pca
2293.6023184079677,5.207748608,177.091219456,698944.509313024,pca
2294.1038622725755,5.207748608,177.09975552,698945.179496448,pca
2294.6053875070065,5.207748608,177.094823936,698945.179496448,pca
2295.1070046890527,5.207748608,177.090654208,698945.179496448,pca
2295.6090485770255,5.207748608,177.0861568,698945.179496448,pca
2296.1112752743065,5.207748608,177.083813888,698945.266642944,pca
2296.6133740674704,5.207748608,177.082601472,698945.266642944,pca
2297.114277737215,5.207748608,177.08087296,698945.266642944,pca
2297.6163192074746,5.207748608,177.076334592,698945.266642944,pca
2298.1172221060842,5.207748608,177.07214848,698945.609302016,pca
2298.6189617738128,5.207748608,177.075781632,698945.609302016,pca
2299.1200110651553,5.207748608,177.070804992,698945.609302016,pca
2299.6210319120437,5.207748608,177.06663936,698945.609302016,pca
2300.1220033727586,5.207748608,177.064230912,698945.922277376,pca
2300.623556088656,5.207748608,177.060327424,698945.922277376,pca
2301.1246064361185,5.207748608,177.1001856,698945.922277376,pca
2301.6255066562444,5.207748608,177.09666304,698945.922277376,pca
2302.126571075991,5.207748608,177.094115328,698946.147008512,pca
2302.6276623439044,5.207748608,177.088057344,698946.147008512,pca
2303.1287207230926,5.207748608,177.085730816,698946.147008512,pca
2303.629577603191,5.20984576,177.081696256,698946.147008512,pca
2304.130653489381,5.20984576,177.07599872,698945.068498944,pca
2304.6322100907564,5.20984576,177.072021504,698945.068498944,pca
2305.1330606695265,5.20984576,177.069694976,698945.068498944,pca
2305.6340677086264,5.20984576,177.072390144,698945.068498944,pca
2306.1351488232613,5.20984576,177.070063616,698944.56223744,pca
2306.6370687205344,5.20984576,177.068449792,698944.56223744,pca
2307.138159280643,5.20984576,177.064116224,698944.56223744,pca
2307.639888552949,5.20984576,177.062641664,698944.56223744,pca
2308.1409680042416,5.20984576,177.0573824,698943.825682432,pca
2308.64230537042,5.20984576,177.055358976,698943.825682432,pca
2309.1430575493723,5.20984576,177.053560832,698943.825682432,pca
2309.6439090892673,5.20984576,177.077854208,698943.825682432,pca
2310.1447557881474,5.20984576,177.077338112,698942.886244352,pca
2310.6466106493026,5.20984576,177.07288576,698942.886244352,pca
2311.1477066278458,5.20984576,177.081925632,698942.886244352,pca
2311.648845171556,5.20984576,177.075634176,698942.886244352,pca
2312.149869900197,5.20984576,177.071464448,698942.466801664,pca
2312.6511053014547,5.20984576,177.071464448,698942.466801664,pca
2313.1520625855774,5.20984576,177.067548672,698942.466801664,pca
2313.653331728652,5.20984576,177.063456768,698942.466801664,pca
2314.154412733391,5.20984576,177.093128192,698941.753110528,pca
2314.655502792448,5.20984576,177.08722176,698941.753110528,pca
2315.156467543915,5.20984576,177.082568704,698941.753110528,pca
2315.657666336745,5.20984576,177.081032704,698941.753110528,pca
2316.158663028851,5.20984576,177.087848448,698941.647593472,pca
2316.6595645062625,5.20984576,177.081823232,698941.647593472,pca
2317.1604585647583,5.20984576,177.07948032,698941.647593472,pca
2317.6620745696127,5.20984576,177.0783744,698941.647593472,pca
2318.163162248209,5.20984576,177.07268096,698941.627772928,pca
2318.6651329398155,5.20984576,177.072402432,698941.627772928,pca
2319.166225740686,5.20984576,177.068589056,698941.627772928,pca
2319.668309217319,5.20984576,177.066463232,698941.627772928,pca
2320.1695098765194,5.20984576,177.064341504,698941.354192896,pca
2320.670494828373,5.20984576,177.060184064,698941.354192896,pca
2321.1713816393167,5.20984576,177.058291712,698941.354192896,pca
2321.6729073375463,5.20984576,177.05539584,698941.354192896,pca
2322.1738215610385,5.20984576,177.086500864,698940.796452864,pca
2322.674632774666,5.20984576,177.092145152,698940.796452864,pca
2323.1754388920963,5.20984576,177.088262144,698940.796452864,pca
2323.6767143625766,5.20984576,177.083932672,698940.796452864,pca
2324.1776144560426,5.20984576,177.081475072,698939.447967744,pca
2324.678860442713,5.20984576,177.075154944,698939.447967744,pca
2325.1797174215317,5.20984576,177.073242112,698939.447967744,pca
2325.682445337996,5.20984576,177.067057152,698939.447967744,pca
2326.1836914643645,5.20984576,177.064747008,698939.5074048,pca
2326.687417877838,5.20984576,177.102516224,698939.5074048,pca
2327.188209988177,5.211942912,177.099235328,698939.5074048,pca
2327.690005593002,5.211942912,177.095299072,698939.5074048,pca
2328.1915044691414,5.211942912,177.093234688,698939.999768576,pca
2328.6926613170654,5.211942912,177.086574592,698939.999768576,pca
2329.193950837478,5.211942912,177.084747776,698939.999768576,pca
2329.6956951878965,5.211942912,177.079263232,698939.999768576,pca
2330.1966700814664,5.211942912,177.076822016,698939.966611456,pca
2330.6976752728224,5.211942912,177.084182528,698939.966611456,pca
2331.1995304077864,5.211942912,177.084309504,698939.966611456,pca
2331.7009639889,5.211942912,177.075818496,698939.966611456,pca
2332.2024542987347,5.211942912,177.07399168,698939.801571328,pca
2332.7037856001407,5.211942912,177.067016192,698939.801571328,pca
2333.2050960846245,5.211942912,177.070436352,698939.801571328,pca
2333.707078764215,5.211942912,177.062948864,698939.801571328,pca
2334.2091399654746,5.211942912,177.06102784,698938.950414336,pca
2334.7102028969675,5.211942912,177.061019648,698938.950414336,pca
2335.2110536489636,5.211942912,177.09348864,698938.950414336,pca
2335.7122173365206,5.211942912,177.087643648,698938.950414336,pca
2336.212914640084,5.211942912,177.098612736,698938.719010816,pca
2336.7141603846103,5.211942912,177.09254656,698938.719010816,pca
2337.215486029163,5.211942912,177.090203648,698938.719010816,pca
2337.7166565209627,5.211942912,177.08386304,698938.719010816,pca
2338.21792787686,5.211942912,177.0821632,698938.803019776,pca
2338.719288332388,5.211942912,177.078218752,698938.803019776,pca
2339.2201054561883,5.211942912,177.076248576,698938.803019776,pca
2339.7210515271872,5.211942912,177.06958848,698938.803019776,pca
2340.221979357302,5.211942912,177.065353216,698938.709204992,pca
2340.723398696631,5.211942912,177.063432192,698938.709204992,pca
2341.22417524457,5.211942912,177.072615424,698938.709204992,pca
2341.725370772183,5.211942912,177.072021504,698938.709204992,pca
2342.226455813274,5.211942912,177.066471424,698938.593062912,pca
2342.7280699852854,5.211942912,177.062170624,698938.593062912,pca
2343.2293277475983,5.211942912,177.059897344,698938.593062912,pca
2343.7305282521993,5.211942912,177.081942016,698938.593062912,pca
2344.2318250406533,5.211942912,177.081614336,698937.373564928,pca
2344.7332659885287,5.211942912,177.081516032,698937.373564928,pca
2345.234553379938,5.211942912,177.079189504,698937.373564928,pca
2345.7358052767813,5.211947008,177.07526144,698937.373564928,pca
2346.23679642193,5.211947008,177.068556288,698936.822956032,pca
2346.741497652605,5.211947008,177.079353344,698936.822956032,pca
2347.2431194949895,5.211947008,177.074778112,698936.822956032,pca
2347.744199866429,5.211947008,177.103609856,698936.822956032,pca
2348.244883917272,5.211947008,177.102139392,698937.1158528,pca
2348.7458422109485,5.211947008,177.098190848,698937.1158528,pca
2349.2469628769904,5.211947008,177.09402112,698937.1158528,pca
2349.7479277979583,5.211947008,177.091723264,698937.1158528,pca
2350.248926728964,5.211947008,177.085960192,698937.024790528,pca
2350.749972384423,5.211947008,177.082318848,698937.024790528,pca
2351.251351809129,5.211947008,177.07993088,698937.024790528,pca
2351.7521072030067,5.211947008,177.078140928,698937.024790528,pca
2352.252900902182,5.211947008,177.07905024,698936.882384896,pca
2352.7541047204286,5.211947008,177.077141504,698936.882384896,pca
2353.255553878844,5.211947008,177.074733056,698936.882384896,pca
2353.756461571902,5.211947008,177.069518848,698936.882384896,pca
2354.2572186198086,5.211947008,177.071816704,698935.510380544,pca
2354.7581952102482,5.211947008,177.06676224,698935.510380544,pca
2355.2593046892434,5.211947008,177.063112704,698935.510380544,pca
2355.7601367179304,5.212086272,177.062387712,698935.510380544,pca
2356.2612139955163,5.212086272,177.098326016,698934.86626816,pca
2356.763012316078,5.212086272,177.094189056,698934.86626816,pca
2357.2641064878553,5.212110848,177.094656,698934.86626816,pca
2357.765402490273,5.212110848,177.090179072,698934.86626816,pca
2358.266137365252,5.212372992,177.086287872,698934.20081152,pca
2358.7673834953457,5.212372992,177.082044416,698934.20081152,pca
2359.2683636173606,5.212372992,177.080025088,698934.20081152,pca
2359.769391996786,5.212372992,177.07339776,698934.20081152,pca
2360.2704314459115,5.212372992,177.071570944,698934.238420992,pca
2360.771566540003,5.212372992,177.06498048,698934.238420992,pca
2361.2731346450746,5.212372992,177.075892224,698934.238420992,pca
2361.774310261011,5.212635136,177.070272512,698934.238420992,pca
2362.275843769312,5.212635136,177.067880448,698934.489452544,pca
2362.7771292235702,5.212635136,177.061543936,698934.489452544,pca
2363.2785176280886,5.212635136,177.059651584,698934.489452544,pca
2363.779701290652,5.212635136,177.053065216,698934.489452544,pca
2364.2806918248534,5.212635136,177.051172864,698934.319161344,pca
2364.782288264483,5.212635136,177.077346304,698934.319161344,pca
2365.283576887101,5.225218048,177.061421056,698934.319161344,pca
2365.784597057849,5.233831936,177.052393472,698934.319161344,pca
2366.2854871880263,5.233831936,177.059008512,698934.1176832,pca
2366.7869499567896,5.233831936,177.052725248,698934.1176832,pca
2367.2878417093307,5.233831936,177.048571904,698934.1176832,pca
2367.789047911763,5.233831936,177.046544384,698934.1176832,pca
2368.2906187921762,5.233831936,177.044717568,698933.673480192,pca
2368.7917472347617,5.233831936,177.071505408,698933.673480192,pca
2369.29315758124,5.2338688,177.069678592,698933.673480192,pca
2369.7944906484336,5.24435456,177.054478336,698933.673480192,pca
2370.2952965255827,5.244489728,177.05218048,698933.420744704,pca
2370.796303620562,5.244489728,177.059336192,698933.420744704,pca
2371.297323470935,5.244489728,177.055182848,698933.420744704,pca
2371.7984022796154,5.244489728,177.048588288,698933.420744704,pca
2372.2992050647736,5.244489728,177.044516864,698933.43465472,pca
2372.80013079755,5.244755968,177.044574208,698933.43465472,pca
2373.3015570174903,5.244755968,177.040809984,698933.43465472,pca
2373.802546225488,5.244755968,177.03211008,698933.43465472,pca
2374.303549412638,5.244878848,177.030299648,698933.148893184,pca
2374.8045974224806,5.244944384,177.02688768,698933.148893184,pca
2375.30587608926,5.245140992,177.02916096,698933.148893184,pca
2375.8067154157907,5.245140992,177.019224064,698933.148893184,pca
2376.307936647907,5.245140992,177.017925632,698932.979355648,pca
2376.812692740932,5.245140992,177.026527232,698932.979355648,pca
2377.313939921558,5.245140992,177.054990336,698932.979355648,pca
2377.8154065478593,5.245157376,177.052770304,698932.979355648,pca
2378.3163918498904,5.245157376,177.048956928,698933.164412928,pca
2378.8176561295986,5.245157376,177.04235008,698933.164412928,pca
2379.3189055602998,5.245157376,177.040523264,698933.164412928,pca
2379.819776263088,5.245157376,177.033867264,698933.164412928,pca
2380.320799123496,5.245157376,177.032155136,698933.078634496,pca
2380.822696091607,5.245157376,177.027985408,698933.078634496,pca
2381.3235631883144,5.245157376,177.068163072,698933.078634496,pca
2381.8246605694294,5.306220544,177.003040768,698933.078634496,pca
2382.3265072200447,5.369135104,176.939999232,698933.023358976,pca
2382.8278209846467,5.385142272,176.917127168,698933.023358976,pca
2383.329148469493,5.385142272,176.915300352,698933.023358976,pca
2383.830294430256,5.385142272,176.90630144,698933.023358976,pca
2384.3317333888263,5.385142272,176.904474624,698932.529352704,pca
2384.8327668961138,5.385142272,176.900235264,698932.529352704,pca
2385.333560757339,5.385142272,176.898523136,698932.529352704,pca
2385.8344289455563,5.385142272,176.890093568,698932.529352704,pca
2386.335931584239,5.385142272,176.889786368,698932.407083008,pca
2386.8399853035808,5.385142272,176.898965504,698932.407083008,pca
2387.340949429199,5.385142272,176.900325376,698932.407083008,pca
2387.842155843973,5.385142272,176.893165568,698932.407083008,pca
2388.3440244924277,5.385142272,176.890310656,698932.344356864,pca
2388.845510788262,5.385142272,176.888717312,698932.344356864,pca
2389.3463138919324,5.385142272,176.909406208,698932.344356864,pca
2389.847768427804,5.385142272,176.91025408,698932.402638848,pca
2390.3487099613994,5.385142272,176.91025408,698932.402638848,pca
2390.84958592616,5.385142272,176.903626752,698932.402638848,pca
2391.350396320224,5.385142272,176.905469952,698932.402638848,pca
2391.8513777982444,5.385142272,176.906436608,698932.37348352,pca
2392.3523241002113,5.385142272,176.904609792,698932.37348352,pca
2392.853439155966,5.385142272,176.900243456,698932.37348352,pca
2393.354377295822,5.385142272,176.896868352,698932.37348352,pca
2393.8558616042137,5.385142272,176.925712384,698932.245745664,pca
2394.3574754558504,5.385142272,176.922447872,698932.245745664,pca
2394.858671264723,5.385142272,176.917700608,698932.245745664,pca
2395.360023468733,5.385142272,176.913977344,698932.245745664,pca
2395.860870072618,5.385142272,176.909000704,698932.245745664,pca
2396.3630887530744,5.385142272,176.909000704,698932.245745664,pca
2396.8644062131643,5.385142272,176.90318848,698932.245745664,pca
2397.365206696093,5.385142272,176.91379712,698932.245745664,pca
2397.866382116452,5.385142272,176.908066816,698932.098428928,pca
2398.36784776859,5.385142272,176.904278016,698932.098428928,pca
2398.8695362620056,5.385142272,176.899670016,698932.098428928,pca
2399.3708790279925,5.385142272,176.898502656,698932.098428928,pca
2399.8721619024873,5.385142272,176.895881216,698932.073787392,pca
2400.3744042254984,5.385142272,176.89397248,698932.073787392,pca
2400.875445153564,5.385142272,176.889233408,698932.073787392,pca
2401.3766948767006,5.385142272,176.889257984,698932.073787392,pca
2401.877664703876,5.385142272,176.928714752,698932.040761344,pca
2402.3786537144333,5.385142272,176.925650944,698932.040761344,pca
2402.87990642339,5.385142272,176.921165824,698932.040761344,pca
2403.381124222651,5.385142272,176.919126016,698932.040761344,pca
2403.8819216471165,5.385142272,176.914628608,698931.915034624,pca
2404.3829930070788,5.385142272,176.91045888,698931.915034624,pca
2404.884616728872,5.385142272,176.903757824,698931.915034624,pca
2405.385428316891,5.385142272,176.899588096,698931.915034624,pca
2405.8869664687663,5.385142272,176.897880064,698931.915034624,pca
2406.3886356633157,5.385142272,176.907075584,698931.915034624,pca
2406.88956563361,5.387239424,176.898711552,698931.915034624,pca
2407.390688661486,5.387239424,176.89452544,698931.915034624,pca
2407.8915063999593,5.387239424,176.896745472,698931.452964864,pca
2408.393298929557,5.387239424,176.893059072,698931.452964864,pca
2408.8948650173843,5.387239424,176.886059008,698931.452964864,pca
2409.395845429972,5.387239424,176.881696768,698931.452964864,pca
2409.8974350318313,5.387239424,176.88199168,698931.17208576,pca
2410.3988136593252,5.387239424,176.911142912,698931.17208576,pca
2410.9001730848104,5.387239424,176.904728576,698931.17208576,pca
2411.4010421242565,5.387239424,176.91158528,698931.17208576,pca
2411.902334265411,5.387239424,176.907350016,698930.8701696,pca
2412.403366489336,5.387239424,176.9030656,698930.8701696,pca
2412.9045538771898,5.387239424,176.899022848,698930.8701696,pca
2413.406006136909,5.387239424,176.896606208,698930.8701696,pca
2413.906986111775,5.387239424,176.890392576,698931.041800192,pca
2414.4080812055618,5.387239424,176.918540288,698931.041800192,pca
2414.9090918581933,5.387239424,176.916508672,698931.041800192,pca
2415.4108414594084,5.387239424,176.914538496,698931.041800192,pca
2415.911792328581,5.387239424,176.910368768,698931.041800192,pca
2416.4131298698485,5.387239424,176.917594112,698931.041800192,pca
2416.914776545018,5.387239424,176.915378176,698931.041800192,pca
2417.4156628083438,5.387239424,176.91109376,698931.041800192,pca
2417.917311862111,5.387239424,176.907726848,698932.160090112,pca
2418.418779220432,5.387239424,176.905158656,698932.160090112,pca
2418.9201717134565,5.387239424,176.901349376,698932.160090112,pca
2419.4211394358426,5.387239424,176.89706496,698932.160090112,pca
2419.9228135198355,5.387239424,176.892870656,698932.081258496,pca
2420.4243441391736,5.387239424,176.886054912,698932.081258496,pca
2420.92580383271,5.387239424,176.886059008,698932.081258496,pca
2421.4267557580024,5.387239424,176.883683328,698932.081258496,pca
2421.9274254366755,5.387239424,176.894439424,698931.863396352,pca
2422.4287240169942,5.387239424,176.888262656,698931.863396352,pca
2422.92985005863,5.387239424,176.91820032,698931.863396352,pca
2423.4308958761394,5.387239424,176.913793024,698931.863396352,pca
2423.9329175800085,5.387239424,176.90816512,698931.641663488,pca
2424.4342995565385,5.387239424,176.90382336,698931.641663488,pca
2424.9354008957744,5.387239424,176.902045696,698931.641663488,pca
2425.4373128265142,5.387239424,176.899719168,698931.641663488,pca
2425.938917329535,5.387239424,176.897892352,698931.641663488,pca
2426.4400323610753,5.387239424,176.893739008,698931.641663488,pca
2426.9415687806904,5.387239424,176.901545984,698931.641663488,pca
2427.4427418224514,5.387239424,176.921145344,698931.641663488,pca
2427.94411017932,5.387239424,176.92104704,698931.423182848,pca
2428.4452150687575,5.387239424,176.919293952,698931.423182848,pca
2428.947187272832,5.387239424,176.915877888,698931.423182848,pca
2429.44849640131,5.387239424,176.911855616,698931.423182848,pca
2429.9494094420224,5.387239424,176.907882496,698931.246915584,pca
2430.4505247119814,5.387239424,176.901414912,698931.246915584,pca
2430.9514797832817,5.387239424,176.899530752,698931.246915584,pca
2431.452427420765,5.387239424,176.907689984,698931.246915584,pca
2431.953279905021,5.387239424,176.901554176,698931.193778176,pca
2432.454535337165,5.387239424,176.899743744,698931.193778176,pca
2432.955489786342,5.387239424,176.895311872,698931.193778176,pca
2433.456349508837,5.383831552,176.894205952,698931.193778176,pca
2433.9572708513588,5.383831552,176.8894464,698931.977220096,pca
2434.4594738967717,5.383831552,176.889315328,698931.977220096,pca
2434.960430651903,5.385928704,176.881963008,698931.977220096,pca
2435.4614674132317,5.385928704,176.91643904,698931.977220096,pca
2435.96244228445,5.385928704,176.911187968,698931.977220096,pca
2436.463517336175,5.385928704,176.90621952,698931.977220096,pca
2436.9643477853388,5.385928704,176.915427328,698931.977220096,pca
2437.4652756545693,5.385928704,176.911691776,698931.977220096,pca
2437.9662038572133,5.385928704,176.908484608,698933.235716096,pca
2438.4674720261246,5.385928704,176.905121792,698933.235716096,pca
2438.9693494588137,5.385928704,176.900968448,698933.235716096,pca
2439.470314268023,5.385928704,176.89915392,698933.235716096,pca
2439.971313619986,5.385928704,176.893988864,698933.719502848,pca
2440.472495863214,5.385928704,176.88389632,698933.719502848,pca
2440.9736025221646,5.385928704,176.882020352,698933.719502848,pca
2441.474858397618,5.385928704,176.880123904,698933.719502848,pca
2441.97565940395,5.385928704,176.887386112,698933.868204032,pca
2442.4768788758665,5.385928704,176.882970624,698933.868204032,pca
2442.977901464328,5.385928704,176.878391296,698933.868204032,pca
2443.47898285836,5.385928704,176.8762368,698933.868204032,pca
2443.98062918894,5.385928704,176.90382336,698933.930688512,pca
2444.48166824691,5.385928704,176.901562368,698933.930688512,pca
2444.9827661961317,5.385928704,176.898842624,698933.930688512,pca
2445.48414629139,5.385928704,176.89214976,698933.930688512,pca
2445.9855871014297,5.385928704,176.89214976,698933.930688512,pca
2446.486626757309,5.385928704,176.886468608,698933.930688512,pca
2446.98739615269,5.385928704,176.894926848,698933.930688512,pca
2447.488393733278,5.385928704,176.89075712,698933.930688512,pca
2447.9892230983824,5.385928704,176.921030656,698933.744422912,pca
2448.4904172252864,5.385928704,176.917270528,698933.744422912,pca
2448.9915964808315,5.385928704,176.911761408,698933.744422912,pca
2449.4926082901657,5.385928704,176.91058176,698933.744422912,pca
2449.993338374421,5.385928704,176.906207232,698933.600968704,pca
2450.4945648591965,5.385928704,176.899289088,698933.600968704,pca
2450.9960671607405,5.385928704,176.89696256,698933.600968704,pca
2451.497162779793,5.385928704,176.892997632,698933.600968704,pca
2451.9984997604042,5.385928704,176.888864768,698933.482872832,pca
2452.502105794847,5.385928704,176.895332352,698933.482872832,pca
2453.0039896611124,5.385928704,176.89520128,698933.482872832,pca
2453.5051468405873,5.385928704,176.890458112,698933.482872832,pca
2454.00647479482,5.385928704,176.885358592,698934.876495872,pca
2454.507770596072,5.385928704,176.886841344,698934.876495872,pca
2455.009192880243,5.385928704,176.88416256,698934.876495872,pca
2455.5102174803615,5.385928704,176.876875776,698934.876495872,pca
2456.012094028294,5.385928704,176.876875776,698934.876495872,pca
2456.513104636222,5.385928704,176.912838656,698934.876495872,pca
2457.0139515120536,5.385928704,176.911511552,698934.876495872,pca
2457.5152707044035,5.385928704,176.9069568,698934.876495872,pca
2458.0163365527987,5.385928704,176.902914048,698937.128706048,pca
2458.517663177103,5.385928704,176.900902912,698937.128706048,pca
2459.0189268495888,5.385928704,176.895123456,698937.128706048,pca
2459.519811630249,5.385928704,176.891416576,698937.128706048,pca
2460.0210917610675,5.385928704,176.887181312,698937.112784896,pca
2460.522384038195,5.385928704,176.914644992,698937.112784896,pca
2461.0236733239144,5.385928704,176.912257024,698937.112784896,pca
2461.524645900354,5.388025856,176.9202688,698937.112784896,pca
2462.025493580848,5.388025856,176.913416192,698937.056448512,pca
2462.526901036501,5.388025856,176.911601664,698937.056448512,pca
2463.02788974531,5.388025856,176.907317248,698937.056448512,pca
2463.529264723882,5.388025856,176.90507264,698937.056448512,pca
2464.030999571085,5.388025856,176.898461696,698936.431132672,pca
2464.5320009961724,5.388025856,176.896294912,698936.431132672,pca
2465.033571757376,5.388025856,176.891449344,698936.431132672,pca
2465.534559547901,5.388025856,176.886919168,698936.431132672,pca
2466.0353979207575,5.388025856,176.884486144,698936.431132672,pca
2466.536467740312,5.388025856,176.895909888,698936.431132672,pca
2467.037977427244,5.388025856,176.890966016,698936.431132672,pca
2467.53917860426,5.388025856,176.88905728,698936.431132672,pca
2468.040230056271,5.388025856,176.882532352,698935.697596416,pca
2468.5416271165013,5.388025856,176.880979968,698935.697596416,pca
2469.0427424646914,5.388025856,176.908038144,698935.697596416,pca
2469.5447386410087,5.388025856,176.90783744,698935.697596416,pca
2470.0457780528814,5.388025856,176.9028608,698935.745650688,pca
2470.5479983184487,5.388025856,176.900919296,698935.745650688,pca
2471.04886848107,5.388025856,176.895832064,698935.745650688,pca
2471.550125360489,5.388025856,176.903049216,698935.745650688,pca
2472.0521762520075,5.388025856,176.900952064,698935.6645376,pca
2472.5535284020007,5.388025856,176.896745472,698935.6645376,pca
2473.0543529409915,5.388025856,176.892624896,698935.6645376,pca
2473.556294845417,5.388025856,176.886034432,698935.6645376,pca
2474.0583241693676,5.388025856,176.882331648,698936.194715648,pca
2474.559546146542,5.388025856,176.878432256,698936.194715648,pca
2475.0603859853,5.388025856,176.874909696,698936.194715648,pca
2475.5621440410614,5.388025856,176.879169536,698936.194715648,pca
2476.064186507836,5.388025856,176.877314048,698936.194715648,pca
2476.565622413531,5.388025856,176.881303552,698936.194715648,pca
2477.0667196642607,5.388025856,176.879476736,698936.194715648,pca
2477.5679778512567,5.388025856,176.902721536,698936.194715648,pca
2478.0686853472143,5.388025856,176.902721536,698936.687218688,pca
2478.5696119572967,5.388025856,176.897441792,698936.687218688,pca
2479.0705409441143,5.388025856,176.895115264,698936.687218688,pca
2479.571413392201,5.388025856,176.88920064,698936.687218688,pca
2480.0723344963044,5.388025856,176.8869888,698936.671080448,pca
2480.5733937639743,5.390123008,176.879517696,698936.671080448,pca
2481.0744664575905,5.390123008,176.877461504,698936.671080448,pca
2481.5754153840244,5.390123008,176.91613184,698936.671080448,pca
2482.076275408268,5.390123008,176.91215872,698936.600236032,pca
2482.577344980091,5.390123008,176.909275136,698936.600236032,pca
2483.078675005585,5.390123008,176.90683392,698936.600236032,pca
2483.579581292346,5.390123008,176.900861952,698936.600236032,pca
2484.0803811158985,5.390123008,176.897462272,698936.712036352,pca
2484.581372603774,5.390123008,176.89372672,698936.712036352,pca
2485.0820465330034,5.390123008,176.890953728,698936.712036352,pca
2485.582975273952,5.390123008,176.88485888,698936.712036352,pca
2486.083593869582,5.390123008,176.88203264,698936.712036352,pca
2486.5846590790898,5.390123008,176.875884544,698936.712036352,pca
2487.0852701440454,5.390123008,176.89042944,698936.712036352,pca
2487.586160359904,5.390123008,176.885694464,698936.712036352,pca
2488.0867942851037,5.390123008,176.881700864,698937.017667584,pca
2488.5878360327333,5.390123008,176.874745856,698937.017667584,pca
2489.0884053856134,5.390123008,176.869281792,698937.017667584,pca
2489.5890351720154,5.390123008,176.867782656,698937.017667584,pca
2490.089726999402,5.390123008,176.895762432,698937.02189056,pca
2490.5905641969293,5.390123008,176.888971264,698937.02189056,pca
2491.091217584908,5.390123008,176.887242752,698937.02189056,pca
2491.5921557061374,5.39222016,176.88223744,698937.02189056,pca
2492.0928806569427,5.39222016,176.88915968,698937.086148608,pca
2492.5938083250076,5.39222016,176.880345088,698937.086148608,pca
2493.0945355650038,5.39222016,176.879337472,698937.086148608,pca
2493.595264840871,5.39222016,176.877862912,698937.086148608,pca
2494.09567780979,5.39222016,176.886935552,698937.127002112,pca
2494.596439756453,5.39222016,176.901599232,698937.127002112,pca
2495.097073622048,5.39222016,176.899862528,698937.127002112,pca
2495.597998479381,5.39222016,176.895250432,698937.127002112,pca
2496.0985925085843,5.39222016,176.88981504,698937.127002112,pca
2496.599686225876,5.39222016,176.88592384,698937.127002112,pca
2497.100437356159,5.39222016,176.893837312,698937.127002112,pca
2497.6011295095086,5.39222016,176.88981504,698937.127002112,pca
2498.1018177401274,5.39222016,176.887308288,698937.133494272,pca
2498.602585297078,5.39222016,176.91240448,698937.133494272,pca
2499.1032643001527,5.39222016,176.910077952,698937.133494272,pca
2499.604052800685,5.39222016,176.906981376,698937.133494272,pca
2500.1047800965607,5.39222016,176.902598656,698937.153056768,pca
2500.605613416061,5.39222016,176.895246336,698937.153056768,pca
2501.106625236571,5.39222016,176.893616128,698937.153056768,pca
2501.6071074884385,5.394317312,176.88920064,698937.153056768,pca
2502.107887459919,5.394317312,176.894697472,698937.133580288,pca
2502.608851244673,5.394317312,176.889085952,698937.133580288,pca
2503.1094777323306,5.394317312,176.883806208,698937.133580288,pca
2503.6100288815796,5.394317312,176.88379392,698937.133580288,pca
2504.1108430530876,5.394317312,176.880656384,698937.251344384,pca
2504.6116097997874,5.394317312,176.874790912,698937.251344384,pca
2505.1123041398823,5.394317312,176.871817216,698937.251344384,pca
2505.61281398125,5.394317312,176.865046528,698937.251344384,pca
2506.1134241130203,5.394317312,176.86255616,698937.251344384,pca
2506.6141555570066,5.394317312,176.88987648,698937.251344384,pca
2507.1147760320455,5.394317312,176.901664768,698937.251344384,pca
2507.6156144291162,5.394317312,176.892489728,698937.251344384,pca
2508.1165054608136,5.394317312,176.889819136,698938.639753216,pca
2508.6174877192825,5.394317312,176.883818496,698938.639753216,pca
2509.118109572679,5.396414464,176.878600192,698938.639753216,pca
2509.6186531335115,5.396414464,176.872984576,698938.639753216,pca
2510.1196086723357,5.396414464,176.869699584,698938.636619776,pca
2510.620358861983,5.396164608,176.866701312,698938.636619776,pca
2511.121562153101,5.396164608,176.895787008,698938.636619776,pca
2511.622387189418,5.396164608,176.891916288,698938.636619776,pca
2512.123003076762,5.396164608,176.902795264,698938.684768256,pca
2512.6244594193995,5.396164608,176.898277376,698938.684768256,pca
2513.1250899415463,5.396164608,176.89391104,698938.684768256,pca
2513.625767402351,5.396164608,176.887762944,698938.684768256,pca
2514.1266472302377,5.396164608,176.884994048,698938.570121216,pca
2514.6273906771094,5.396164608,176.881086464,698938.570121216,pca
2515.1287895813584,5.396164608,176.908763136,698938.570121216,pca
2515.6297033112496,5.39826176,176.900124672,698938.570121216,pca
2516.130450628698,5.39826176,176.895848448,698938.570121216,pca
2516.6315025165677,5.39826176,176.891695104,698938.570121216,pca
2517.1321515627205,5.39826176,176.90025984,698938.570121216,pca
2517.6330290641636,5.39826176,176.892760064,698938.570121216,pca
2518.134257407859,5.39826176,176.88897536,698938.402480128,pca
2518.635203504935,5.39826176,176.884420608,698938.402480128,pca
2519.1361810881644,5.39826176,176.882548736,698938.402480128,pca
2519.6370396558195,5.39826176,176.877572096,698938.402480128,pca
2520.138345312327,5.39826176,176.8726528,698938.395635712,pca
2520.6395770050585,5.39826176,176.872030208,698938.395635712,pca
2521.1405717134476,5.39826176,176.86904832,698938.395635712,pca
2521.641580997035,5.39826176,176.863023104,698938.395635712,pca
2522.14253407903,5.39826176,176.871571456,698938.460495872,pca
2522.6437332239,5.400358912,176.86679552,698938.460495872,pca
2523.1448992080986,5.400358912,176.86253568,698938.460495872,pca
2523.6459487285465,5.400358912,176.888655872,698938.460495872,pca
2524.1473170891404,5.400358912,176.886329344,698938.241589248,pca
2524.648398185149,5.400358912,176.8817664,698938.241589248,pca
2525.1495708562434,5.400358912,176.879099904,698938.241589248,pca
2525.6504127681255,5.400358912,176.870715392,698938.241589248,pca
2526.151770297438,5.400358912,176.86837248,698938.241589248,pca
2526.6529460400343,5.400358912,176.865828864,698938.241589248,pca
2527.1538431886584,5.400358912,176.877842432,698938.241589248,pca
2527.654666731134,5.400358912,176.9040896,698938.241589248,pca
2528.155770285055,5.400358912,176.901255168,698938.177667072,pca
2528.657009765506,5.400358912,176.897400832,698938.177667072,pca
2529.158523140475,5.400358912,176.895074304,698938.177667072,pca
2529.6594807561487,5.400358912,176.887939072,698938.177667072,pca
2530.160193676129,5.400358912,176.883785728,698938.1624832,pca
2530.6611616853625,5.400358912,176.879263744,698938.1624832,pca
2531.1629669759423,5.400358912,176.87760896,698938.1624832,pca
2531.6638255007565,5.400358912,176.87435264,698938.1624832,pca
2532.164661332965,5.400358912,176.883109888,698938.205134848,pca
2532.6655607670546,5.400358912,176.875696128,698938.205134848,pca
2533.166117636487,5.400358912,176.8715264,698938.205134848,pca
2533.6668247077614,5.400358912,176.873033728,698938.205134848,pca
2534.167557016015,5.402456064,176.86849536,698938.03988992,pca
2534.6685109101236,5.402456064,176.862892032,698938.03988992,pca
2535.169128352776,5.402456064,176.858591232,698938.03988992,pca
2535.669795865193,5.402456064,176.853577728,698938.03988992,pca
2536.1704867482185,5.402456064,176.883683328,698938.03988992,pca
2536.67127125524,5.402456064,176.880062464,698938.03988992,pca
2537.1719496082515,5.402456064,176.885776384,698938.03988992,pca
2537.672584457323,5.402456064,176.882147328,698938.03988992,pca
2538.1731488779187,5.402456064,176.877703168,698938.05948928,pca
2538.6739917937666,5.402456064,176.872767488,698938.05948928,pca
2539.174676200375,5.402456064,176.87095296,698938.05948928,pca
2539.675293793902,5.402456064,176.863752192,698938.05948928,pca
2540.175951944664,5.402456064,176.894652416,698938.027155456,pca
2540.6771242171526,5.402456064,176.889634816,698938.027155456,pca
2541.177835892886,5.402456064,176.885510144,698938.027155456,pca
2541.6785391215235,5.402456064,176.880459776,698938.027155456,pca
2542.1792571805418,5.402456064,176.889122816,698937.842688,pca
2542.680311255157,5.402456064,176.880836608,698937.842688,pca
2543.1809317804873,5.402456064,176.877379584,698937.842688,pca
2543.681705418974,5.402456064,176.876056576,698937.842688,pca
2544.182369908318,5.402456064,176.880058368,698937.57333504,pca
2544.683208787814,5.402456064,176.873127936,698937.57333504,pca
2545.183920847252,5.404553216,176.868093952,698937.57333504,pca
2545.6845250930637,5.404553216,176.86388736,698937.57333504,pca
2546.1851655934006,5.404553216,176.861478912,698937.57333504,pca
2546.686350464821,5.404553216,176.853950464,698937.57333504,pca
2547.187166908756,5.404553216,176.852041728,698937.57333504,pca
2547.688104894012,5.404553216,176.845836288,698937.57333504,pca
2548.188805611804,5.404553216,176.8666112,698938.120597504,pca
2548.689618770033,5.404553216,176.86984704,698938.120597504,pca
2549.1903314106166,5.404553216,176.880254976,698938.120597504,pca
2549.691136818379,5.404553216,176.875790336,698938.120597504,pca
2550.191810980439,5.404553216,176.873463808,698938.593701888,pca
2550.6927540507168,5.404553216,176.871776256,698938.593701888,pca
2551.1934793721884,5.404553216,176.868794368,698938.593701888,pca
2551.6943857595325,5.404553216,176.864899072,698938.593701888,pca
2552.1950282491744,5.404553216,176.861917184,698938.581819392,pca
2552.6974021922797,5.404553216,176.888946688,698938.581819392,pca
2553.1991302855313,5.404553216,176.885866496,698938.581819392,pca
2553.7001168616116,5.404553216,176.881901568,698938.581819392,pca
2554.200876325369,5.404553216,176.8790016,698938.521329664,pca
2554.7046307493,5.404553216,176.881405952,698938.521329664,pca
2555.2054402008653,5.406650368,176.876781568,698938.521329664,pca
2555.708941139281,5.406650368,176.87447552,698938.521329664,pca
2556.2098168935627,5.406650368,176.870494208,698938.521329664,pca
2556.710980163887,5.406650368,176.897712128,698938.521329664,pca
2557.2120395563543,5.406650368,176.893681664,698938.521329664,pca
2557.7129281479865,5.406650368,176.89217024,698938.521329664,pca
2558.2135910615325,5.406650368,176.888246272,698938.581270528,pca
2558.714493157342,5.406650368,176.880009216,698938.581270528,pca
2559.21514175646,5.406650368,176.880009216,698938.581270528,pca
2559.7161747608334,5.406650368,176.886484992,698938.581270528,pca
2560.21748351492,5.406650368,176.882315264,698938.57890304,pca
2560.719061302021,5.406650368,176.879366144,698938.57890304,pca
2561.220412220806,5.406650368,176.875311104,698938.57890304,pca
2561.722063615918,5.406650368,176.869588992,698938.57890304,pca
2562.2234144173563,5.406650368,176.867262464,698939.944034304,pca
2562.724879959598,5.406650368,176.864780288,698939.944034304,pca
2563.226151227951,5.406650368,176.863821824,698939.944034304,pca
2563.727673428133,5.406650368,176.858181632,698939.944034304,pca
2564.228398554027,5.406650368,176.856174592,698940.34814976,pca
2564.7295372840017,5.406650368,176.894824448,698940.34814976,pca
2565.2308719884604,5.406650368,176.892997632,698940.34814976,pca
2565.7320925295353,5.406650368,176.886509568,698940.34814976,pca
2566.2334421537817,5.40874752,176.88127488,698940.34814976,pca
2566.7350369021297,5.40874752,176.875343872,698940.34814976,pca
2567.2358622327447,5.40874752,176.871518208,698940.34814976,pca
2567.7373223062605,5.40874752,176.870309888,698940.34814976,pca
2568.2382244300097,5.40874752,176.865947648,698941.231980544,pca
2568.739347340539,5.40874752,176.85843968,698941.231980544,pca
2569.2406910266727,5.40874752,176.856547328,698941.231980544,pca
2569.7424258328974,5.40874752,176.86749184,698941.231980544,pca
2570.2437577210367,5.40874752,176.863367168,698941.479665664,pca
2570.7451626993716,5.40874752,176.8628224,698941.479665664,pca
2571.2464435640723,5.40874752,176.859738112,698941.479665664,pca
2571.7473035007715,5.40874752,176.861454336,698941.479665664,pca
2572.2493564151227,5.40874752,176.858116096,698941.553668096,pca
2572.75039485842,5.40874752,176.884064256,698941.553668096,pca
2573.2524410095066,5.40874752,176.882855936,698941.553668096,pca
2573.7540076486766,5.40874752,176.87707648,698941.553668096,pca
2574.2558185122907,5.40874752,176.873013248,698941.717889024,pca
2574.756849264726,5.40874752,176.882573312,698941.717889024,pca
2575.25767926313,5.40874752,176.878559232,698941.717889024,pca
2575.7588343489915,5.40874752,176.871387136,698941.717889024,pca
2576.2596243210137,5.40874752,176.86718464,698941.717889024,pca
2576.760956307873,5.40874752,176.895184896,698941.717889024,pca
2577.2627937197685,5.40874752,176.895238144,698941.717889024,pca
2577.7648298759013,5.40874752,176.88735744,698941.717889024,pca
2578.2660389672965,5.410844672,176.882499584,698941.740896256,pca
2578.7668851409107,5.410844672,176.879489024,698941.740896256,pca
2579.2676711454988,5.410844672,176.876818432,698941.740896256,pca
2579.769076574594,5.410844672,176.867803136,698941.740896256,pca
2580.269813027233,5.410844672,176.866422784,698941.7394176,pca
2580.77314809151,5.410844672,176.87207936,698941.7394176,pca
2581.2745003700256,5.410844672,176.870170624,698941.7394176,pca
2581.7757988981903,5.410844672,176.865619968,698941.7394176,pca
2582.27687237598,5.410844672,176.864620544,698941.60371712,pca
2582.7781998477876,5.410844672,176.858468352,698941.60371712,pca
2583.280291194096,5.410844672,176.858083328,698941.60371712,pca
2583.781714361161,5.410844672,176.851410944,698941.60371712,pca
2584.283563548699,5.410844672,176.847048704,698941.084381184,pca
2584.785331437364,5.410844672,176.850403328,698941.084381184,pca
2585.287166563794,5.410844672,176.884768768,698941.084381184,pca
2585.788500512019,5.410844672,176.878354432,698941.084381184,pca
2586.2899610009044,5.410844672,176.876498944,698941.084381184,pca
2586.791515227407,5.410844672,176.871890944,698941.084381184,pca
2587.2933165524155,5.410844672,176.8677376,698941.084381184,pca
2587.7945006005466,5.410844672,176.860471296,698941.084381184,pca
2588.296088827774,5.410844672,176.856383488,698939.87393536,pca
2588.798219628632,5.410844672,176.854810624,698939.87393536,pca
2589.299567107111,5.412941824,176.88088576,698939.87393536,pca
2589.800702393055,5.412941824,176.87390208,698939.87393536,pca
2590.302007926628,5.412941824,176.872075264,698939.696484352,pca
2590.8069471009076,5.412941824,176.880779264,698939.696484352,pca
2591.308532692492,5.412941824,176.878215168,698939.696484352,pca
2591.810387287289,5.412941824,176.872235008,698939.696484352,pca
2592.3118981886655,5.412941824,176.867966976,698940.822474752,pca
2592.8133196495473,5.412941824,176.862367744,698940.822474752,pca
2593.3142304252833,5.412941824,176.891252736,698940.822474752,pca
2593.8157200012356,5.412941824,176.887021568,698940.822474752,pca
2594.3166265506297,5.412941824,176.88559616,698941.551996928,pca
2594.8179423883557,5.412941824,176.889552896,698941.551996928,pca
2595.3188317641616,5.412941824,176.886882304,698941.551996928,pca
2595.819876216352,5.412941824,176.88293376,698941.551996928,pca
2596.3209887593985,5.412941824,176.877932544,698941.571428352,pca
2596.822520220652,5.412941824,176.873639936,698941.571428352,pca
2597.3235299922526,5.412941824,176.87031808,698941.571428352,pca
2597.8244598004967,5.412941824,176.864698368,698941.571428352,pca
2598.325644897297,5.415038976,176.859815936,698942.23691776,pca
2598.827048787847,5.415038976,176.853377024,698942.23691776,pca
2599.3283587452024,5.415038976,176.851079168,698942.23691776,pca
2599.8298606481403,5.415038976,176.854482944,698942.23691776,pca
2600.330927805975,5.415038976,176.852271104,698942.420430848,pca
2600.8326550703496,5.415038976,176.84762624,698942.420430848,pca
2601.333735236898,5.415038976,176.845717504,698942.420430848,pca
2601.8347988948226,5.415038976,176.86923264,698942.420430848,pca
2602.336322164163,5.415038976,176.868233216,698942.556811264,pca
2602.837897773832,5.415038976,176.866156544,698942.556811264,pca
2603.3391335867345,5.415038976,176.861790208,698942.556811264,pca
2603.840995984152,5.415038976,176.8569856,698942.556811264,pca
2604.3422163892537,5.415038976,176.85260288,698942.844862464,pca
2604.8433613851666,5.415038976,176.861229056,698942.844862464,pca
2605.345177974552,5.415038976,176.8592384,698942.844862464,pca
2605.8467565886676,5.415038976,176.8832,698942.844862464,pca
2606.348203469068,5.415038976,176.883429376,698942.844862464,pca
2606.849794603884,5.415038976,176.877539328,698942.844862464,pca
2607.3506062868983,5.415038976,176.875442176,698942.844862464,pca
2607.8521457128227,5.415038976,176.868642816,698942.824996864,pca
2608.353507416323,5.415038976,176.865144832,698942.824996864,pca
2608.8546965792775,5.415038976,176.862179328,698942.824996864,pca
2609.3558009732515,5.415038976,176.8580096,698942.824996864,pca
2609.857001485303,5.417136128,176.896794624,698944.140140544,pca
2610.358731528744,5.417136128,176.894324736,698944.140140544,pca
2610.859645647928,5.417136128,176.886800384,698944.140140544,pca
2611.360681241378,5.417136128,176.882253824,698944.140140544,pca
2611.8619568124413,5.417136128,176.878014464,698943.985598464,pca
2612.363571368158,5.417136128,176.875835392,698943.985598464,pca
2612.8654579091817,5.417136128,176.869326848,698943.985598464,pca
2613.3674344569445,5.417136128,176.86515712,698943.985598464,pca
2613.868702141568,5.417136128,176.860127232,698943.88514816,pca
2614.369880532846,5.417136128,176.85594112,698943.88514816,pca
2614.8713773041964,5.417136128,176.851410944,698943.88514816,pca
2615.372314993292,5.417136128,176.861528064,698943.88514816,pca
2615.87335983105,5.417136128,176.863780864,698943.799926784,pca
2616.374551134184,5.417136128,176.861954048,698943.799926784,pca
2616.875513365492,5.417136128,176.856670208,698943.799926784,pca
2617.3764800727367,5.417136128,176.852320256,698943.799926784,pca
2617.8771794158965,5.417136128,176.881250304,698944.141811712,pca
2618.3790290299803,5.417136128,176.877899776,698944.141811712,pca
2618.8801733832806,5.417136128,176.874049536,698944.141811712,pca
2619.381287790835,5.417136128,176.870764544,698944.141811712,pca
2619.882186681032,5.41923328,176.873132032,698944.166580224,pca
2620.383143508807,5.41923328,176.868962304,698944.166580224,pca
2620.8843700289726,5.41923328,176.862859264,698944.166580224,pca
2621.3853931929916,5.41923328,176.85788672,698944.166580224,pca
2621.886157874018,5.41923328,176.8563712,698944.595288064,pca
2622.387174932286,5.41923328,176.885317632,698944.595288064,pca
2622.8883298877627,5.41923328,176.876777472,698944.595288064,pca
2623.3894057050347,5.41923328,176.872607744,698944.595288064,pca
2623.8902274984866,5.41923328,176.868507648,698944.650756096,pca
2624.391757301986,5.41923328,176.866525184,698944.650756096,pca
2624.8927035331726,5.41923328,176.856805376,698944.650756096,pca
2625.3940540049225,5.41923328,176.854884352,698944.650756096,pca
2625.895078651607,5.421330432,176.861052928,698945.017389056,pca
2626.3963210247457,5.421330432,176.8589312,698945.017389056,pca
2626.8977503106,5.421330432,176.851136512,698945.017389056,pca
2627.3986465372145,5.421330432,176.850292736,698945.017389056,pca
2627.899483991787,5.421330432,176.843575296,698945.172447232,pca
2628.401897871867,5.421330432,176.840945664,698945.172447232,pca
2628.9040241613984,5.421330432,176.834064384,698945.172447232,pca
2629.4081444125623,5.421330432,176.829083648,698945.172447232,pca
2629.9095286820084,5.421330432,176.824680448,698945.21632768,pca
2630.4131913315505,5.421330432,176.859877376,698945.21632768,pca
2630.9140909016132,5.421330432,176.85856256,698945.21632768,pca
2631.415315186605,5.423427584,176.85434368,698945.21632768,pca
2631.916342679411,5.423427584,176.847814656,698945.21632768,pca
2632.4176750928164,5.423427584,176.847970304,698945.21632768,pca
2632.9184815511107,5.423427584,176.843640832,698945.21632768,pca
2633.4191300719976,5.423427584,176.838815744,698945.21632768,pca
2633.9198896009475,5.423427584,176.832425984,698945.409314816,pca
2634.421141665429,5.423427584,176.86392832,698945.409314816,pca
2634.922347093001,5.423427584,176.867729408,698945.409314816,pca
2635.4233997762203,5.423427584,176.862887936,698945.409314816,pca
2635.9242743048817,5.425524736,176.854859776,698945.7030144,pca
2636.425223780796,5.425524736,176.852881408,698945.7030144,pca
2636.926261667162,5.425524736,176.844038144,698945.7030144,pca
2637.428020728752,5.425524736,176.841539584,698945.7030144,pca
2637.9289260320365,5.425524736,176.837664768,698946.302889984,pca
2638.4305064398795,5.425524736,176.83525632,698946.302889984,pca
2638.931689215824,5.425524736,176.854761472,698946.302889984,pca
2639.4333851430565,5.425524736,176.854720512,698946.302889984,pca
2639.9342064838856,5.425524736,176.851017728,698946.323058688,pca
2640.437723696232,5.427621888,176.857071616,698946.323058688,pca
2640.9387474302202,5.427621888,176.85078016,698946.323058688,pca
2641.4396000579,5.427621888,176.845848576,698946.323058688,pca
2641.940477915108,5.427621888,176.845631488,698946.31438336,pca
2642.4415303729475,5.427621888,176.840708096,698946.31438336,pca
2642.9423521328717,5.427621888,176.8687616,698946.31438336,pca
2643.4435398317873,5.427621888,176.866779136,698946.31438336,pca
2643.9444146230817,5.427621888,176.858177536,698946.331963392,pca
2644.4454253166914,5.427621888,176.85327872,698946.331963392,pca
2644.946295052767,5.42971904,176.860155904,698946.331963392,pca
2645.4473842252046,5.42971904,176.856395776,698946.331963392,pca
2645.9483312685043,5.42971904,176.850694144,698946.367234048,pca
2646.449486097321,5.42971904,176.846180352,698946.367234048,pca
2646.950192861259,5.42971904,176.875565056,698946.367234048,pca
2647.451656995341,5.42971904,176.873496576,698946.367234048,pca
2647.952456910163,5.42971904,176.86601728,698946.39532032,pca
2648.4535515382886,5.42971904,176.862830592,698946.39532032,pca
2648.954503376037,5.42971904,176.8594432,698946.39532032,pca
2649.4559320919216,5.42971904,176.855461888,698946.39532032,pca
2649.957136264071,5.42971904,176.848388096,698946.398896128,pca
2650.4619751814753,5.42971904,176.858939392,698946.398896128,pca
2650.9633158240467,5.42971904,176.852856832,698946.398896128,pca
2651.46464834176,5.42971904,176.850120704,698946.398896128,pca
2651.9656128808856,5.42971904,176.844242944,698946.147762176,pca
2652.46669113636,5.42971904,176.841416704,698946.147762176,pca
2652.967614063993,5.431816192,176.835239936,698946.147762176,pca
2653.4695163760334,5.431816192,176.831668224,698946.147762176,pca
2653.9704874958843,5.431816192,176.825495552,698947.352231936,pca
2654.471577176824,5.431816192,176.822427648,698947.352231936,pca
2654.972496809438,5.431816192,176.818515968,698947.352231936,pca
2655.473945358768,5.431816192,176.858533888,698947.352231936,pca
2655.9747385047376,5.431816192,176.855711744,698947.644432384,pca
2656.475619584322,5.431816192,176.850673664,698947.644432384,pca
2656.977362966165,5.431816192,176.847560704,698947.644432384,pca
2657.4788513854146,5.431816192,176.846823424,698947.644432384,pca
2657.9804110638797,5.431816192,176.841330688,698956.648943616,pca
2658.4819982014596,5.431816192,176.840032256,698956.648943616,pca
2658.982962667942,5.431816192,176.832770048,698956.648943616,pca
2659.483931498602,5.431816192,176.861609984,698956.648943616,pca
2659.9849024415016,5.431816192,176.854102016,698958.364094464,pca
2660.486066572368,5.431824384,176.852590592,698958.364094464,pca
2660.9872726332396,5.431824384,176.847003648,698958.364094464,pca
2661.4883083961904,5.431824384,176.855687168,698958.364094464,pca
2661.989218059927,5.433921536,176.847814656,698958.307905536,pca
2662.492255933583,5.433921536,176.846143488,698958.307905536,pca
2662.993266224861,5.433921536,176.841465856,698958.307905536,pca
2663.494386876002,5.433921536,176.83750912,698958.307905536,pca
2663.995357071981,5.433921536,176.865849344,698958.282002432,pca
2664.4963895138353,5.433921536,176.861687808,698958.282002432,pca
2664.997330373153,5.433921536,176.85786624,698958.282002432,pca
2665.4980653282255,5.433921536,176.855343104,698958.282002432,pca
2665.9990879930556,5.433921536,176.860434432,698958.282002432,pca
2666.50036168471,5.433921536,176.856641536,698958.282002432,pca
2667.001550635323,5.433921536,176.8496128,698958.282002432,pca
2667.50263046287,5.433921536,176.84701184,698958.282002432,pca
2668.0035084765404,5.433921536,176.876220416,698958.282022912,pca
2668.5046259723604,5.433921536,176.872255488,698958.282022912,pca
2669.0055992733687,5.436018688,176.863199232,698958.282022912,pca
2669.5065041724592,5.436018688,176.859389952,698958.282022912,pca
2670.0072943009436,5.436018688,176.857153536,698958.27222528,pca
2670.508372247219,5.436018688,176.853409792,698958.27222528,pca
2671.0091970767826,5.436018688,176.844259328,698958.27222528,pca
2671.510351140052,5.436018688,176.841723904,698958.27222528,pca
2672.0110877025872,5.436018688,176.852332544,698958.275923968,pca
2672.5123077370226,5.436018688,176.848449536,698958.275923968,pca
2673.013266913593,5.436018688,176.839757824,698958.275923968,pca
2673.514122257009,5.436018688,176.835424256,698958.275923968,pca
2674.0151644051075,5.436018688,176.834686976,698958.282088448,pca
2674.516132261604,5.436018688,176.832987136,698958.282088448,pca
2675.0174853764474,5.436018688,176.82581504,698958.282088448,pca
2675.5184348896146,5.43811584,176.81907712,698958.282088448,pca
2676.0193225424737,5.43811584,176.812228608,698958.282088448,pca
2676.5204085651785,5.43811584,176.852754432,698958.282088448,pca
2677.0220403447747,5.43811584,176.849752064,698958.282088448,pca
2677.523781152442,5.43811584,176.845922304,698958.282088448,pca
2678.0256390254945,5.43811584,176.838508544,698958.151593984,pca
2678.527184775099,5.43811584,176.836681728,698958.151593984,pca
2679.028287053108,5.43811584,176.83437568,698958.151593984,pca
2679.529648186639,5.43811584,176.831946752,698958.151593984,pca
2680.0305233132094,5.43811584,176.825450496,698958.153289728,pca
2680.5333993807435,5.43811584,176.830570496,698958.153289728,pca
2681.0344618447125,5.43811584,176.860782592,698958.153289728,pca
2681.5361515749246,5.43811584,176.856395776,698958.153289728,pca
2682.037645244971,5.43811584,176.84946944,698958.070349824,pca
2682.5386444497854,5.440212992,176.844742656,698958.070349824,pca
2683.0398783423007,5.440212992,176.839118848,698958.070349824,pca
2683.5416385792196,5.440212992,176.836530176,698958.070349824,pca
2684.042930657044,5.440212992,176.830234624,698958.060634112,pca
2684.5439450219274,5.440212992,176.83777536,698958.060634112,pca
2685.0446520429105,5.440212992,176.857829376,698958.060634112,pca
2685.545514509082,5.440212992,176.861372416,698958.060634112,pca
2686.046623425558,5.440212992,176.857010176,698958.060634112,pca
2686.5477800685912,5.440212992,176.85270528,698958.060634112,pca
2687.0488561000675,5.440212992,176.846508032,698958.060634112,pca
2687.5497811213136,5.440212992,176.843403264,698958.060634112,pca
2688.0506849307567,5.440212992,176.837804032,698959.305633792,pca
2688.5519275013357,5.440212992,176.83290112,698959.305633792,pca
2689.053988981992,5.440212992,176.830476288,698959.305633792,pca
2689.555431595072,5.440212992,176.85600256,698959.305633792,pca
2690.0568194705993,5.440212992,176.868675584,698959.171866624,pca
2690.5578945614398,5.442310144,176.862224384,698959.171866624,pca
2691.058978492394,5.442310144,176.857751552,698959.171866624,pca
2691.5597461611032,5.442310144,176.850735104,698959.171866624,pca
2692.0612936727703,5.442310144,176.848392192,698959.117774848,pca
2692.5623826272786,5.442310144,176.844500992,698959.117774848,pca
2693.0641647279263,5.442310144,176.841588736,698959.117774848,pca
2693.565490204841,5.442310144,176.835682304,698959.117774848,pca
2694.0672651082277,5.442310144,176.835682304,698959.271940096,pca
2694.5682909023017,5.442310144,176.827817984,698959.271940096,pca
2695.0694595761597,5.442310144,176.825393152,698959.271940096,pca
2695.57052609697,5.442310144,176.835366912,698959.271940096,pca
2696.071444252506,5.442310144,176.83075072,698959.271940096,pca
2696.572406884283,5.442310144,176.826068992,698959.271940096,pca
2697.073190420866,5.442310144,176.82362368,698959.271940096,pca
2697.574076624587,5.442310144,176.81782784,698959.271940096,pca
2698.075159046799,5.442310144,176.845361152,698959.315755008,pca
2698.576352916658,5.442310144,176.843927552,698959.315755008,pca
2699.0773052461445,5.442310144,176.83953664,698959.315755008,pca
2699.578176351264,5.442310144,176.83617792,698959.315755008,pca
2700.0791445821524,5.442310144,176.831492096,698959.276367872,pca
2700.5828832238913,5.442310144,176.836808704,698959.276367872,pca
2701.0838126428425,5.444407296,176.831574016,698959.276367872,pca
2701.584721442312,5.444407296,176.827613184,698959.276367872,pca
2702.0855867639184,5.444407296,176.825270272,698959.244652544,pca
2702.586685668677,5.444407296,176.85620736,698959.244652544,pca
2703.0879000891,5.444407296,176.851546112,698959.244652544,pca
2703.588761880994,5.444407296,176.84985856,698959.244652544,pca
2704.089409124106,5.444407296,176.847003648,698959.33794304,pca
2704.590271646157,5.444407296,176.838193152,698959.33794304,pca
2705.0919485669583,5.444407296,176.8356864,698959.33794304,pca
2705.5928137581795,5.444407296,176.831033344,698959.33794304,pca
2706.0941075440496,5.444407296,176.842244096,698959.33794304,pca
2706.5951435063034,5.444407296,176.83603456,698959.33794304,pca
2707.0967849697918,5.444407296,176.833478656,698959.33794304,pca
2707.597668444738,5.444407296,176.8272896,698959.33794304,pca
2708.098637416959,5.444407296,176.824578048,698958.394413056,pca
2708.5997001715004,5.444407296,176.818184192,698958.394413056,pca
2709.100669777021,5.44456704,176.813268992,698958.394413056,pca
2709.6015591695905,5.444829184,176.80613376,698958.394413056,pca
2710.1028567776084,5.444829184,176.801820672,698957.941067776,pca
2710.6061650961637,5.444964352,176.810397696,698957.941067776,pca
2711.1070237606764,5.444964352,176.839118848,698957.941067776,pca
2711.6079265568405,5.445230592,176.830767104,698957.941067776,pca
2712.1089599728584,5.445500928,176.827138048,698958.108246016,pca
2712.610061356798,5.445500928,176.8237056,698958.108246016,pca
2713.1108863055706,5.44587776,176.82348032,698958.108246016,pca
2713.6117711290717,5.44587776,176.81532928,698958.108246016,pca
2714.1127319671214,5.447983104,176.810831872,698958.764187648,pca
2714.6138391848654,5.447983104,176.808992768,698958.764187648,pca
2715.114848608151,5.447983104,176.813359104,698958.764187648,pca
2715.61575104855,5.447983104,176.839589888,698958.764187648,pca
2716.1167387943715,5.447983104,176.835239936,698958.764187648,pca
2716.617790751159,5.448228864,176.83335168,698958.764187648,pca
2717.1186487413943,5.448228864,176.828153856,698958.764187648,pca
2717.6195566244423,5.448228864,176.82200576,698958.764187648,pca
2718.1204070039093,5.448228864,176.817655808,698957.832953856,pca
2718.6215631254017,5.448228864,176.813256704,698957.832953856,pca
2719.122588271275,5.448228864,176.809119744,698957.832953856,pca
2719.6235155388713,5.448228864,176.830541824,698957.832953856,pca
2720.124417293817,5.448228864,176.831156224,698957.340893184,pca
2720.6283273361623,5.448228864,176.844173312,698957.340893184,pca
2721.129365645349,5.448228864,176.840019968,698957.340893184,pca
2721.6302836369723,5.450326016,176.83386368,698957.340893184,pca
2722.1313605923206,5.450326016,176.829693952,698957.470048256,pca
2722.6324082333595,5.450326016,176.823427072,698957.470048256,pca
2723.133118500933,5.450326016,176.819355648,698957.470048256,pca
2723.633848309517,5.450326016,176.817082368,698957.470048256,pca
2724.1345515549183,5.450326016,176.846585856,698957.712183296,pca
2724.636113287881,5.450326016,176.839999488,698957.712183296,pca
2725.13720465824,5.450326016,176.835661824,698957.712183296,pca
2725.638316527009,5.450326016,176.832823296,698957.712183296,pca
2726.1392618119717,5.450326016,176.841699328,698957.712183296,pca
2726.640307288617,5.450326016,176.83521536,698957.712183296,pca
2727.1411233842373,5.450326016,176.831062016,698957.712183296,pca
2727.6419556960464,5.450326016,176.827011072,698957.712183296,pca
2728.1425880845636,5.450326016,176.828686336,698957.544173568,pca
2728.6435743533075,5.452423168,176.817692672,698957.544173568,pca
2729.144365090877,5.452423168,176.812548096,698957.544173568,pca
2729.64520893991,5.452423168,176.81045504,698957.544173568,pca
2730.14653823711,5.452423168,176.80529408,698957.527277568,pca
2730.6479115840048,5.452423168,176.8034304,698957.527277568,pca
2731.148877641186,5.452423168,176.798400512,698957.527277568,pca
2731.6500606853515,5.452423168,176.807002112,698957.527277568,pca
2732.151164067909,5.452423168,176.802455552,698958.858469376,pca
2732.652384966612,5.45452032,176.82982912,698958.858469376,pca
2733.1533597819507,5.45452032,176.822460416,698958.858469376,pca
2733.6543480362743,5.45452032,176.818434048,698958.858469376,pca
2734.155855063349,5.45452032,176.81586176,698958.76605952,pca
2734.6586246248335,5.45452032,176.81584128,698958.76605952,pca
2735.159568693489,5.45452032,176.813481984,698958.76605952,pca
2735.660826507956,5.45452032,176.810938368,698958.76605952,pca
2736.162010418251,5.45452032,176.805818368,698958.76605952,pca
2736.6631943248212,5.45452032,176.822083584,698958.76605952,pca
2737.164739144966,5.456617472,176.829087744,698958.76605952,pca
2737.666665000841,5.456617472,176.82208768,698958.76605952,pca
2738.167811896652,5.456617472,176.81842176,698958.72925696,pca
2738.6690533775836,5.456617472,176.81395712,698958.72925696,pca
2739.16985886544,5.456617472,176.809701376,698958.72925696,pca
2739.6707710288465,5.456617472,176.805343232,698958.72925696,pca
2740.171915801242,5.456617472,176.798281728,698958.757593088,pca
2740.676274748519,5.456617472,176.806203392,698958.757593088,pca
2741.177450258285,5.458714624,176.83505152,698958.757593088,pca
2741.6785843726248,5.458714624,176.828370944,698958.757593088,pca
2742.179397083819,5.458714624,176.822837248,698958.123524096,pca
2742.6803920622915,5.458714624,176.818020352,698958.123524096,pca
2743.1815264448524,5.458714624,176.816123904,698958.123524096,pca
2743.682494321838,5.458714624,176.807800832,698958.123524096,pca
2744.1834150571376,5.458714624,176.811700224,698957.190135808,pca
2744.684544660151,5.458714624,176.807124992,698957.190135808,pca
2745.1852570604533,5.458714624,176.822272,698957.190135808,pca
2745.6860936749727,5.460811776,176.830271488,698957.190135808,pca
2746.1872865073383,5.460811776,176.827527168,698957.190135808,pca
2746.6885878890753,5.460811776,176.819085312,698957.190135808,pca
2747.189513068646,5.460811776,176.814137344,698957.190135808,pca
2747.6905747912824,5.460811776,176.811180032,698957.190135808,pca
2748.1917743775994,5.460811776,176.806944768,698957.291094016,pca
2748.693179000169,5.460811776,176.80531456,698957.291094016,pca
2749.1944464445114,5.460811776,176.802205696,698957.291094016,pca
2749.695378549397,5.460811776,176.837533696,698957.291094016,pca
2750.1966025140136,5.460811776,176.835969024,698957.258514432,pca
2750.697969816625,5.460811776,176.832847872,698957.258514432,pca
2751.1990137081593,5.460811776,176.828792832,698957.258514432,pca
2751.7003522887826,5.460811776,176.822444032,698957.258514432,pca
2752.2015238702297,5.460811776,176.818814976,698956.93447168,pca
2752.7049188502133,5.460811776,176.826351616,698956.93447168,pca
2753.205784423277,5.460811776,176.821952512,698956.93447168,pca
2753.706599611789,5.462908928,176.84862976,698956.93447168,pca
2754.2074348665774,5.462908928,176.84545536,698956.108877824,pca
2754.7085708435625,5.462908928,176.839487488,698956.108877824,pca
2755.209819473326,5.462908928,176.837144576,698956.108877824,pca
2755.7108010146767,5.462908928,176.832495616,698956.108877824,pca
2756.212044680491,5.462908928,176.830275584,698956.108877824,pca
2756.7134414780885,5.462908928,176.824528896,698956.108877824,pca
2757.214693536982,5.462908928,176.824528896,698956.108877824,pca
2757.71558037214,5.462908928,176.817324032,698956.108877824,pca
2758.216820610687,5.462908928,176.826118144,698954.550366208,pca
2758.7183023244143,5.462908928,176.817856512,698954.550366208,pca
2759.219330424443,5.462908928,176.814456832,698954.550366208,pca
2759.7202765960246,5.462908928,176.810668032,698954.550366208,pca
2760.2211430333555,5.462908928,176.811450368,698954.21636608,pca
2760.722787000239,5.462908928,176.803442688,698954.21636608,pca
2761.2240072488785,5.462908928,176.800329728,698954.21636608,pca
2761.724903313443,5.462908928,176.798375936,698954.21636608,pca
2762.2261078562587,5.462908928,176.794075136,698954.524020736,pca
2762.7301061041653,5.46500608,176.830353408,698954.524020736,pca
2763.231192016974,5.46500608,176.825470976,698954.524020736,pca
2763.7320435009897,5.46500608,176.824049664,698954.524020736,pca
2764.2330185212195,5.46500608,176.81989632,698954.48696832,pca
2764.7346257772297,5.46500608,176.813326336,698954.48696832,pca
2765.2362946216017,5.46500608,176.808108032,698954.48696832,pca
2765.737082419917,5.46500608,176.801538048,698954.48696832,pca
2766.237967636436,5.46500608,176.799432704,698954.48696832,pca
2766.7395247574896,5.46500608,176.8251392,698954.48696832,pca
2767.240606414154,5.46500608,176.836001792,698954.48696832,pca
2767.741478677839,5.46500608,176.830394368,698954.48696832,pca
2768.2424992099404,5.46500608,176.826241024,698953.707741184,pca
2768.7435534521937,5.46500608,176.82448384,698953.707741184,pca
2769.244700452313,5.46500608,176.819830784,698953.707741184,pca
2769.7457815520465,5.467103232,176.811057152,698953.707741184,pca
2770.2468275558203,5.467103232,176.806805504,698955.146862592,pca
2770.7484006881714,5.467103232,176.804175872,698955.146862592,pca
2771.2492734119296,5.467103232,176.837103616,698955.146862592,pca
2771.7511998452246,5.467103232,176.833261568,698955.146862592,pca
2772.2521176561713,5.467103232,176.825163776,698955.215577088,pca
2772.755506005138,5.467103232,176.831889408,698955.215577088,pca
2773.2565556280315,5.467103232,176.829079552,698955.215577088,pca
2773.7574258800596,5.467103232,176.821563392,698955.215577088,pca
2774.2582862284034,5.467103232,176.8188928,698955.357806592,pca
2774.7596709169447,5.467103232,176.814895104,698955.357806592,pca
2775.2605728227645,5.467103232,176.809885696,698955.357806592,pca
2775.761663272977,5.467103232,176.80791552,698955.357806592,pca
2776.262533409521,5.467103232,176.804257792,698955.357806592,pca
2776.763861777261,5.467103232,176.795951104,698955.357806592,pca
2777.2647298127413,5.467103232,176.791535616,698955.357806592,pca
2777.765997758135,5.467103232,176.803360768,698955.357806592,pca
2778.266799326986,5.469200384,176.797495296,698954.919878656,pca
2778.768296295777,5.469200384,176.793808896,698954.919878656,pca
2779.269703200087,5.469200384,176.789508096,698954.919878656,pca
2779.770994555205,5.469200384,176.816566272,698954.919878656,pca
2780.2717390675098,5.469200384,176.81586176,698954.53057024,pca
2780.7735836468637,5.469200384,176.814026752,698954.53057024,pca
2781.2745238300413,5.469200384,176.807337984,698954.53057024,pca
2781.7751873452216,5.469200384,176.816603136,698954.53057024,pca
2782.2758930828422,5.469200384,176.813146112,698953.97748736,pca
2782.7779196873307,5.469200384,176.805249024,698953.97748736,pca
2783.2799641322345,5.469200384,176.800956416,698953.97748736,pca
2783.78073553741,5.469200384,176.82464768,698953.97748736,pca
2784.2816975414753,5.469200384,176.827428864,698954.184220672,pca
2784.7827246841043,5.469200384,176.823226368,698954.184220672,pca
2785.2837165165693,5.469200384,176.818597888,698954.184220672,pca
2785.784519640729,5.469200384,176.81508352,698954.184220672,pca
2786.2853464689106,5.469200384,176.813256704,698954.184220672,pca
2786.7869113925844,5.469200384,176.805142528,698954.184220672,pca
2787.2883625160903,5.469200384,176.813842432,698954.184220672,pca
2787.7896115053445,5.469200384,176.810143744,698954.184220672,pca
2788.291272405535,5.469200384,176.841474048,698954.4638464,pca
2788.7923445403576,5.469200384,176.834453504,698954.4638464,pca
2789.293909776956,5.469200384,176.832581632,698954.4638464,pca
2789.7947639729828,5.469200384,176.826503168,698954.4638464,pca
2790.296399395913,5.469200384,176.825073664,698954.51768832,pca
2790.7973993867636,5.469200384,176.818569216,698954.51768832,pca
2791.298084754497,5.469200384,176.816611328,698954.51768832,pca
2791.7988205682486,5.469200384,176.812732416,698954.51768832,pca
2792.3002881724387,5.469200384,176.82014208,698954.519179264,pca
2792.801404416561,5.471297536,176.814096384,698954.519179264,pca
2793.30227069743,5.471297536,176.80994304,698954.519179264,pca
2793.8031317610294,5.471297536,176.802930688,698954.519179264,pca
2794.3043380640447,5.471297536,176.808271872,698954.45827584,pca
2794.805940762162,5.471297536,176.803786752,698954.45827584,pca
2795.307117678225,5.471297536,176.797454336,698954.45827584,pca
2795.8081790003926,5.471297536,176.795168768,698954.45827584,pca
2796.3093091305345,5.471297536,176.82368512,698954.45827584,pca
2796.810401910916,5.471297536,176.81666048,698954.45827584,pca
2797.3116808291525,5.471297536,176.815046656,698954.45827584,pca
2797.812485700473,5.471297536,176.82245632,698954.45827584,pca
2798.3135204166174,5.471297536,176.820629504,698954.419900416,pca
2798.814774405211,5.471297536,176.812847104,698954.419900416,pca
2799.316554693505,5.471297536,176.810135552,698954.419900416,pca
2799.817895328626,5.471297536,176.804098048,698954.419900416,pca
2800.3187455367297,5.471297536,176.81876992,698954.684506112,pca
2800.820627823472,5.471297536,176.828125184,698954.684506112,pca
2801.3218970727175,5.471297536,176.825454592,698954.684506112,pca
2801.8236809000373,5.471297536,176.819130368,698954.684506112,pca
2802.3249735999852,5.473394688,176.814927872,698954.611748864,pca
2802.828478144482,5.473394688,176.8195072,698954.611748864,pca
2803.329517260194,5.473394688,176.817463296,698954.611748864,pca
2803.830498665571,5.473394688,176.81076224,698954.611748864,pca
2804.331716492772,5.473394688,176.808501248,698954.090594304,pca
2804.833545966074,5.473394688,176.801415168,698954.090594304,pca
2805.3343676775694,5.473394688,176.797073408,698954.090594304,pca
2805.835177861154,5.473394688,176.790482944,698954.090594304,pca
2806.3365921806544,5.473394688,176.788287488,698954.090594304,pca
2806.837621834129,5.473394688,176.799084544,698954.090594304,pca
2807.338505020365,5.473394688,176.794783744,698954.090594304,pca
2807.839818112552,5.473394688,176.789827584,698954.090594304,pca
2808.3409031759948,5.473394688,176.785494016,698953.599934464,pca
2808.842655133456,5.473394688,176.816685056,698953.599934464,pca
2809.3435113988817,5.473394688,176.812580864,698953.599934464,pca
2809.844365729019,5.473394688,176.805470208,698953.599934464,pca
2810.3456845153123,5.473394688,176.803643392,698953.742569472,pca
2810.846874440089,5.47549184,176.793747456,698953.742569472,pca
2811.348636580631,5.47549184,176.79192064,698953.742569472,pca
2811.849944068119,5.47549184,176.785711104,698953.742569472,pca
2812.3535551689565,5.47549184,176.793645056,698953.742569472,pca
2812.8543558493257,5.47549184,176.821248,698953.742569472,pca
2813.3556819874793,5.47549184,176.818458624,698953.742569472,pca
2813.8565990570933,5.47549184,176.811323392,698953.76130048,pca
2814.3580774888396,5.47549184,176.808996864,698953.76130048,pca
2814.858930747956,5.47549184,176.80324608,698953.76130048,pca
2815.360106304288,5.47549184,176.801091584,698953.76130048,pca
2815.861099600792,5.47549184,176.794427392,698953.771446272,pca
2816.362996833399,5.47549184,176.792825856,698953.771446272,pca
2816.864146830514,5.47549184,176.785195008,698953.771446272,pca
2817.3658913485706,5.47549184,176.827793408,698953.771446272,pca
2817.866949280724,5.47549184,176.822259712,698953.7829888,pca
2818.3679263964295,5.47549184,176.819150848,698953.7829888,pca
2818.8692214526236,5.47549184,176.812883968,698953.7829888,pca
2819.3706405051053,5.477588992,176.808022016,698953.7829888,pca
2819.8718041647226,5.477588992,176.801882112,698954.12893696,pca
2820.3736469689757,5.477588992,176.800055296,698954.12893696,pca
2820.8750060126185,5.477588992,176.795148288,698954.12893696,pca
2821.3767299521714,5.477588992,176.824295424,698954.12893696,pca
2821.8783569447696,5.477588992,176.815357952,698953.545412608,pca
2822.3824646454304,5.477588992,176.82792448,698953.545412608,pca
2822.8840543217957,5.477588992,176.824127488,698953.545412608,pca
2823.384910820052,5.477588992,176.821415936,698953.545412608,pca
2823.885747404769,5.477588992,176.813879296,698953.214492672,pca
2824.3867657482624,5.477588992,176.811012096,698953.214492672,pca
2824.8876443561167,5.477588992,176.806715392,698953.214492672,pca
2825.388494456187,5.477588992,176.80467968,698953.214492672,pca
2825.8893682844937,5.477588992,176.795615232,698953.461157888,pca
2826.3903619535267,5.477588992,176.793403392,698953.461157888,pca
2826.8911987487227,5.477588992,176.79814656,698953.461157888,pca
2827.3920181691647,5.477588992,176.8032256,698953.461157888,pca
2827.892927357927,5.477588992,176.796762112,698953.775824896,pca
2828.393934087828,5.477588992,176.79249408,698953.775824896,pca
2828.895319249481,5.479686144,176.78749696,698953.775824896,pca
2829.396177692339,5.479686144,176.81293312,698953.775824896,pca
2829.897856907919,5.479686144,176.808587264,698953.720262656,pca
2830.3996124491096,5.479686144,176.80685056,698953.720262656,pca
2830.900249151513,5.479686144,176.799141888,698953.720262656,pca
2831.4011215530336,5.479686144,176.797315072,698953.720262656,pca
2831.901768617332,5.479686144,176.791289856,698952.778825728,pca
2832.405618224293,5.479686144,176.80257024,698952.778825728,pca
2832.906557764858,5.479686144,176.797847552,698952.778825728,pca
2833.407172931358,5.479686144,176.814972928,698952.778825728,pca
2833.907903669402,5.479686144,176.823074816,698951.455670272,pca
2834.4086523354053,5.479686144,176.818921472,698951.455670272,pca
2834.9094701688737,5.479686144,176.814051328,698951.455670272,pca
2835.410185629502,5.479686144,176.8098816,698951.455670272,pca
2835.910951981321,5.479686144,176.8050688,698951.441338368,pca
2836.4120746329427,5.481783296,176.801325056,698951.441338368,pca
2836.9138589799404,5.481783296,176.794099712,698951.441338368,pca
2837.4147146400064,5.481783296,176.791846912,698951.441338368,pca
2837.9157465007156,5.481783296,176.831328256,698952.01101824,pca
2838.4167477972806,5.481783296,176.82771968,698952.01101824,pca
2838.9177143927664,5.481783296,176.819879936,698952.01101824,pca
2839.4185699038208,5.481783296,176.815710208,698952.01101824,pca
2839.919731816277,5.481783296,176.813559808,698953.132388352,pca
2840.4208025448024,5.481783296,176.810545152,698953.132388352,pca
2840.921883404255,5.481783296,176.804503552,698953.132388352,pca
2841.422802189365,5.481783296,176.800550912,698953.132388352,pca
2841.923768872395,5.481783296,176.8070144,698953.288675328,pca
2842.4248291663826,5.481783296,176.804077568,698953.288675328,pca
2842.9264363385737,5.481783296,176.799039488,698953.288675328,pca
2843.4274153001606,5.481783296,176.799420416,698953.288675328,pca
2843.9283167012036,5.481783296,176.795029504,698953.472237568,pca
2844.4294103812426,5.481783296,176.795107328,698953.472237568,pca
2844.9303891491145,5.481783296,176.7909376,698953.472237568,pca
2845.4312174245715,5.481783296,176.786604032,698953.472237568,pca
2845.932631181553,5.481783296,176.782442496,698953.528889344,pca
2846.434009913355,5.481783296,176.812122112,698953.528889344,pca
2846.9352778717875,5.483880448,176.805257216,698953.528889344,pca
2847.4362211171538,5.483880448,176.811843584,698953.528889344,pca
2847.9370972290635,5.483880448,176.806268928,698953.525592064,pca
2848.4393667373806,5.483880448,176.8025088,698953.525592064,pca
2848.94021980837,5.483880448,176.79699968,698953.525592064,pca
2849.4416118487716,5.483880448,176.795029504,698953.525592064,pca
2849.942771796137,5.483880448,176.790564864,698953.506562048,pca
2850.443912740797,5.483880448,176.817758208,698953.506562048,pca
2850.9450430255383,5.483880448,176.814854144,698953.506562048,pca
2851.446890840307,5.483880448,176.812982272,698953.506562048,pca
2851.947910597548,5.483880448,176.805019648,698953.373413376,pca
2852.451345268637,5.483880448,176.812445696,698953.373413376,pca
2852.9533080123365,5.483880448,176.804827136,698953.373413376,pca
2853.4553535170853,5.483880448,176.803016704,698953.373413376,pca
2853.956847243011,5.4859776,176.798662656,698953.501528064,pca
2854.457718482241,5.4859776,176.794656768,698953.501528064,pca
2854.959436122328,5.4859776,176.787488768,698953.501528064,pca
2855.4604147244245,5.4859776,176.783171584,698953.501528064,pca
2855.96128818579,5.4859776,176.778719232,698953.57831168,pca
2856.463030587882,5.4859776,176.776421376,698953.57831168,pca
2856.9646487850696,5.4859776,176.781070336,698953.57831168,pca
2857.4656047970057,5.4859776,176.776613888,698953.57831168,pca
2857.966464009136,5.4859776,176.7849984,698953.326747648,pca
2858.4677224606276,5.4859776,176.780455936,698953.326747648,pca
2858.9687180574983,5.4859776,176.805699584,698953.326747648,pca
2859.469582280144,5.4859776,176.805720064,698953.326747648,pca
2859.970375465229,5.4859776,176.79794176,698953.143373824,pca
2860.471417773515,5.4859776,176.796545024,698953.143373824,pca
2860.9722258374095,5.4859776,176.789680128,698953.143373824,pca
2861.4742935802788,5.4859776,176.787853312,698953.143373824,pca
2861.9760458860546,5.488074752,176.783085568,698953.264402432,pca
2862.4806122481823,5.488074752,176.791924736,698953.264402432,pca
2862.981594402343,5.488074752,176.784678912,698953.264402432,pca
2863.482439836487,5.488074752,176.813826048,698953.264402432,pca
2863.9832811374217,5.488074752,176.807182336,698953.961721856,pca
2864.4845646731555,5.488074752,176.803364864,698953.961721856,pca
2864.9854394569993,5.488074752,176.80156672,698953.961721856,pca
2865.4868375826627,5.488074752,176.798978048,698953.961721856,pca
2865.988763537258,5.488074752,176.794288128,698954.609508352,pca
2866.489837920293,5.488074752,176.79327232,698954.609508352,pca
2866.991854203865,5.488074752,176.793829376,698954.609508352,pca
2867.4931960571557,5.488074752,176.80275456,698954.609508352,pca
2867.9952825196087,5.488074752,176.797376512,698954.9724672,pca
2868.4966328293085,5.488074752,176.797761536,698954.9724672,pca
2868.9975716080517,5.488074752,176.796790784,698954.9724672,pca
2869.498402690515,5.488074752,176.797138944,698954.9724672,pca
2869.9993058666587,5.488074752,176.791355392,698957.360463872,pca
2870.501517517492,5.488074752,176.791658496,698957.360463872,pca
2871.0030114334077,5.488074752,176.791560192,698957.360463872,pca
2871.5038544964045,5.490171904,176.775892992,698957.360463872,pca
2872.0046540275216,3.898048512,178.353242112,698957.51235584,pca
2872.505548045039,4.1114624,178.145947648,698957.51235584,pca
2873.00636398606,4.041678848,178.139582464,698957.51235584,pca
2873.5072082523257,3.983007744,178.273026048,698957.51235584,pca
2874.0080118738115,4.047405056,178.212397056,698957.376278528,pca
2874.50907824561,3.9742464,178.279596032,698957.376278528,pca
2875.0099987033755,3.898048512,178.34631168,698957.376278528,pca
2875.5107513405383,3.924074496,178.31518208,698957.376278528,pca
2876.0115902125835,3.924205568,178.37211648,698957.373923328,pca
2876.512735305354,3.944964096,178.32945664,698957.373923328,pca
2877.0199915878475,3.951988736,177.747759104,698957.373923328,pca
2877.5210783015937,5.015023616,177.241710592,698957.373923328,pca
2878.022011771798,4.213911552,178.065035264,698957.23251712,pca
2878.523020233959,4.56024064,177.71126784,698957.23251712,pca
2879.023827292025,4.751446016,177.512239104,698957.23251712,pca
2879.5248664990067,4.045193216,178.208444416,698957.23251712,pca
2880.025645084679,4.46291968,177.813700608,698956.924424192,pca
2880.526529621333,4.608987136,177.690554368,698956.924424192,pca
2881.0273555833846,4.016021504,178.281746432,698956.924424192,pca
2881.528165496886,4.152786944,178.136203264,698956.924424192,pca
2882.028908163309,3.898052608,178.388381696,698956.530634752,pca
2882.5299432985485,3.96251136,178.309955584,698956.530634752,pca
2883.030620837584,3.923095552,178.347384832,698956.530634752,pca
2883.531675769016,3.929690112,178.308214784,698956.530634752,pca
2884.03343533352,4.15512576,178.127527936,698955.047366656,pca
2884.5348422415555,4.144345088,178.135232512,698955.047366656,pca
2885.0359648242593,4.132298752,178.138632192,698955.047366656,pca
2885.5372074041516,4.575043584,177.692397568,698955.047366656,pca
2886.038285449147,4.149522432,178.108731392,698954.99730944,pca
2886.539451217279,4.607533056,177.661841408,698954.99730944,pca
2887.040287381038,3.898056704,178.367021056,698954.99730944,pca
2887.541008995846,4.767637504,177.504878592,698954.99730944,pca
2888.041800348088,3.8980608,178.37023232,698955.241725952,pca
2888.5455173496157,4.636962816,177.664978944,698955.241725952,pca
2889.0464537199587,3.8980608,178.39972352,698955.241725952,pca
2889.5475418474525,4.996493312,177.290600448,698955.241725952,pca
2890.0483587998897,3.8980608,178.387492864,698953.14722816,pca
2890.5492039639503,4.675723264,177.598173184,698953.14722816,pca
2891.0499840527773,3.988287488,178.289053696,698953.14722816,pca
2891.550641430542,4.623392768,177.644019712,698953.14722816,pca
2892.0514467321336,3.929034752,178.331738112,698953.132630016,pca
2892.55252160877,4.656193536,177.623744512,698953.132630016,pca
2893.053360676393,3.949494272,178.339557376,698953.132630016,pca
2893.5542298331857,4.38206464,177.888862208,698953.132630016,pca
2894.0552957318723,4.1611264,178.098204672,698955.361210368,pca
2894.556266359985,4.522708992,177.74700544,698955.361210368,pca
2895.0570966489613,5.162541056,177.115574272,698955.361210368,pca
2895.5578528381884,4.211380224,178.061418496,698955.361210368,pca
2896.0586466323584,4.047773696,178.218942464,698955.35179776,pca
2896.559675194323,4.079927296,178.182385664,698955.35179776,pca
2897.0605250373483,4.1209856,178.166710272,698955.35179776,pca
2897.5616280063987,3.99050752,178.294689792,698955.35179776,pca
2898.0628899112344,4.175368192,178.11091456,698955.35276032,pca
2898.566605908796,4.21050368,178.084835328,698955.35276032,pca
2899.0674440469593,3.994423296,178.297167872,698955.35276032,pca
2899.568327056244,4.105498624,178.185691136,698955.35276032,pca
2900.0694646574557,4.124499968,178.168160256,698952.984158208,pca
2900.5705060567707,3.963244544,178.325848064,698952.984158208,pca
2901.0714346133173,4.016689152,178.273550336,698952.984158208,pca
2901.5723237078637,4.082249728,178.207465472,698952.984158208,pca
2902.073266211897,3.963592704,178.322522112,698954.48639488,pca
2902.577516783029,4.02264064,178.271830016,698954.48639488,pca
2903.078932536766,4.004384768,178.288504832,698954.48639488,pca
2903.58097746782,3.990192128,178.301210624,698954.48639488,pca
2904.081945449114,3.99054848,178.3013376,698956.183924736,pca
2904.583306638524,4.01651712,178.272600064,698956.183924736,pca
2905.084254696965,4.197625856,178.093010944,698956.183924736,pca
2905.585387162864,3.994386432,178.292912128,698956.183924736,pca
2906.0862250532955,4.012986368,178.275078144,698956.314083328,pca
2906.5901050567627,4.047151104,178.253635584,698956.314083328,pca
2907.0911001134664,3.998097408,178.297511936,698956.314083328,pca
2907.5918996278197,4.03040256,178.26420736,698956.314083328,pca
2908.0927365329117,4.426457088,177.867251712,698956.191379456,pca
2908.593908969313,4.866674688,177.425309696,698956.191379456,pca
2909.0949538517743,4.866674688,177.425309696,698956.191379456,pca
2909.595618220046,4.866674688,177.421307904,698956.191379456,pca
2910.097015917301,4.843180032,177.444503552,698956.822544384,pca
2910.5993300415576,4.81478656,177.472782336,698956.822544384,pca
2911.1008292771876,5.074665472,177.213390848,698956.822544384,pca
2911.602582676336,5.074665472,177.217896448,698956.822544384,pca
2912.1043934486806,5.074665472,177.2176384,698956.472938496,pca
2912.6058364529163,5.074665472,177.218195456,698956.472938496,pca
2913.10682214424,5.074665472,177.218449408,698956.472938496,pca
2913.608611073345,5.042556928,177.245753344,698956.472938496,pca
2914.110654298216,5.242077184,177.047232512,698956.387708928,pca
2914.612852804363,5.242077184,177.046597632,698956.387708928,pca
2915.1148193888366,5.242212352,177.04697856,698956.387708928,pca
2915.6167232040316,5.218619392,177.065930752,698956.387708928,pca
2916.1187484283,5.732798464,176.552988672,698956.188237824,pca
2916.619729217142,5.732913152,176.564547584,698956.188237824,pca
2917.121594576165,5.732913152,176.564547584,698956.188237824,pca
2917.6232627369463,5.732913152,176.562057216,698956.188237824,pca
2918.1256627626717,5.733195776,176.562184192,698956.426616832,pca
2918.627028994262,5.733584896,176.560533504,698956.426616832,pca
2919.128664312884,6.026498048,176.268345344,698956.426616832,pca
2919.630049135536,6.026498048,176.264237056,698956.426616832,pca
2920.130910532549,6.026498048,176.264298496,698956.535414784,pca
2920.632414024323,6.026498048,176.2623488,698956.535414784,pca
2921.134023375809,6.004416512,176.284082176,698956.535414784,pca
2921.635314617306,5.937676288,176.361508864,698956.535414784,pca
2922.13658163324,5.914075136,176.382246912,698956.597088256,pca
2922.637799039483,5.96025344,176.336171008,698956.597088256,pca
2923.1398904453963,5.96025344,176.336171008,698956.597088256,pca
2923.6409691162407,5.96025344,176.333430784,698956.597088256,pca
2924.142762331292,5.914427392,176.378994688,698957.80071424,pca
2924.644335888326,5.996007424,176.29550592,698957.80071424,pca
2925.146476775408,6.072967168,176.219377664,698957.80071424,pca
2925.647392684594,6.296772608,175.990870016,698957.80071424,pca
2926.1485700961202,6.562676736,175.726452736,698958.385197056,pca
2926.6497259512544,6.594269184,175.693139968,698958.385197056,pca
2927.151584053412,7.067725824,175.220350976,698958.385197056,pca
2927.6527413707227,7.067725824,175.227072512,698958.385197056,pca
2928.1538093090057,7.067725824,175.226691584,698958.928637952,pca
2928.6552668735385,7.018135552,175.275941888,698958.928637952,pca
2929.1559010688215,7.2035328,175.091212288,698958.928637952,pca
2929.656872648746,7.833321472,174.455721984,698958.928637952,pca
2930.1583202090114,7.833726976,174.45584896,698960.60831744,pca
2930.659830244258,7.833726976,174.456111104,698960.60831744,pca
2931.161375509575,7.833726976,174.456111104,698960.60831744,pca
2931.6627073921263,7.809081344,174.489055232,698960.60831744,pca
2932.1645858362317,8.203051008,174.093975552,698960.475815936,pca
2932.666182084009,9.766969344,172.524937216,698960.475815936,pca
2933.1678372845054,9.766969344,172.524937216,698960.475815936,pca
2933.6689744479954,9.766969344,172.5228032,698960.475815936,pca
2934.1710889358073,9.766969344,172.5228032,698960.436436992,pca
2934.6723975650966,9.766969344,172.520308736,698960.436436992,pca
2935.173465983942,9.767010304,172.520308736,698960.436436992,pca
2935.674514681101,9.767223296,172.518486016,698960.436436992,pca
2936.1755582913756,9.767223296,172.518486016,698960.427470848,pca
2936.676688056439,9.767223296,172.5142016,698960.427470848,pca
2937.177715120837,9.767223296,172.5142016,698960.427470848,pca
2937.678633319214,9.767223296,172.527181824,698960.427470848,pca
2938.1795475613326,9.767223296,172.527181824,698960.516005888,pca
2938.680958621204,9.2768256,173.012119552,698960.516005888,pca
2939.1822287458926,9.2768256,173.012119552,698960.516005888,pca
2939.6833773534745,8.294547456,173.994389504,698960.516005888,pca
2940.184639543295,8.593117184,173.696602112,698960.611770368,pca
2940.6861545611173,9.848963072,172.4340224,698960.611770368,pca
2941.187642380595,9.848963072,172.4340224,698960.611770368,pca
2941.6885326895863,9.84911872,172.4340224,698960.611770368,pca
2942.189777236432,9.849188352,172.442411008,698960.530259968,pca
2942.6911532524973,9.849188352,172.438745088,698960.530259968,pca
2943.192479835823,9.849257984,172.438745088,698960.530259968,pca
2943.6932184435427,9.849257984,172.438745088,698960.530259968,pca
2944.1944353003055,9.849257984,172.438872064,698960.450469888,pca
2944.695729618892,9.849257984,172.434456576,698960.450469888,pca
2945.1973488461226,9.849257984,172.434456576,698960.450469888,pca
2945.698880670592,9.849257984,172.432252928,698960.450469888,pca
2946.2002681382,9.849257984,172.431753216,698960.44675072,pca
2946.7016954161227,9.849257984,172.429545472,698960.44675072,pca
2947.2027197554708,8.323842048,173.952761856,698960.44675072,pca
2947.7038378603756,8.12777472,174.160871424,698960.44675072,pca
2948.204905040562,8.12777472,174.1609984,698960.416620544,pca
2948.7060161083937,8.279228416,174.011318272,698960.416620544,pca
2949.2071588058025,10.065584128,172.2232832,698960.416620544,pca
2949.7084072455764,10.065719296,172.219174912,698960.416620544,pca
2950.209719195962,10.065719296,172.219174912,698961.59746048,pca
2950.7124830521643,10.065719296,172.217155584,698961.59746048,pca
2951.214465290308,10.065719296,172.217155584,698961.59746048,pca
2951.715468723327,10.065719296,172.215005184,698961.59746048,pca
2952.217018952593,10.065719296,172.215017472,698961.201803264,pca
2952.721637317911,10.065719296,172.226490368,698961.201803264,pca
2953.2226780038327,10.065719296,172.226490368,698961.201803264,pca
2953.7242965362966,10.065719296,172.224217088,698961.201803264,pca
2954.2255151290447,10.065719296,172.224217088,698960.807878656,pca
2954.7270156200975,10.065719296,172.219957248,698960.807878656,pca
2955.2286353278905,10.065805312,172.219957248,698960.807878656,pca
2955.729503655806,9.526890496,172.758458368,698960.807878656,pca
2956.230617891997,8.816062464,173.47180544,698960.636260352,pca
2956.7318489085883,10.33977856,171.940151296,698960.636260352,pca
2957.2333214562386,10.340421632,171.940151296,698960.636260352,pca
2957.7343690358102,10.340421632,171.939770368,698960.636260352,pca
2958.235536016524,10.340421632,171.950866432,698960.938676224,pca
2958.7371234130114,10.340421632,171.94663936,698960.938676224,pca
2959.23883959651,10.340421632,171.94663936,698960.938676224,pca
2959.7399270441383,10.340421632,171.94663936,698960.938676224,pca
2960.2410379573703,10.340421632,171.94663936,698961.3606912,pca
2960.742925381288,10.340491264,171.941994496,698961.3606912,pca
2961.245041171089,10.340491264,171.941994496,698961.3606912,pca
2961.74597921595,10.340491264,171.9419904,698961.3606912,pca
2962.2469613123685,10.340560896,171.953000448,698961.474678784,pca
2962.7493102047592,10.340560896,171.948580864,698961.474678784,pca
2963.2501342333853,9.212256256,173.07611136,698961.474678784,pca
2963.751144427806,9.002999808,173.285470208,698961.474678784,pca
2964.2519722022116,9.514749952,172.773527552,698961.660928,pca
2964.753767652437,9.514749952,172.77018112,698961.660928,pca
2965.2546537388116,9.4947328,172.789686272,698961.660928,pca
2965.7566853147,9.4947328,172.7876096,698961.660928,pca
2966.2580314725637,9.438056448,172.84378624,698961.620692992,pca
2966.7601340245456,9.408729088,172.873269248,698961.620692992,pca
2967.261400476098,9.408729088,172.871225344,698961.620692992,pca
2967.7623657770455,9.408729088,172.871225344,698961.620692992,pca
2968.2642606254667,9.408729088,172.871225344,698961.41520896,pca
2968.76913860254,9.1603968,173.128245248,698961.41520896,pca
2969.2707317881286,9.1603968,173.128597504,698961.41520896,pca
2969.772073224187,8.866619392,173.420146688,698961.41520896,pca
2970.2740595620126,8.746586112,173.54211328,698961.43122432,pca
2970.775415573269,8.795631616,173.490753536,698961.43122432,pca
2971.276916258037,9.001009152,173.287718912,698961.43122432,pca
2971.7778287790716,9.001009152,173.287206912,698961.43122432,pca
2972.278664190322,9.310912512,172.973244416,698961.484685312,pca
2972.780377672985,9.31104768,172.972982272,698961.484685312,pca
2973.2819296605885,9.31104768,172.972982272,698961.484685312,pca
2973.7826584540308,9.480200192,172.799598592,698961.484685312,pca
2974.283612119034,9.884471296,172.40899584,698961.476333568,pca
2974.7854480650276,9.884471296,172.407554048,698961.476333568,pca
2975.2875030227005,9.84465408,172.442845184,698961.476333568,pca
2975.7892196439207,9.797697536,172.489363456,698961.476333568,pca
2976.2908063922077,9.967337472,172.320960512,698961.505021952,pca
2976.7919454891235,10.10624512,172.179021824,698961.505021952,pca
2977.2928456142545,10.10624512,172.176678912,698961.505021952,pca
2977.7936832122505,10.10624512,172.176678912,698961.505021952,pca
2978.2948779482394,10.10624512,172.176678912,698961.620688896,pca
2978.796437781304,10.0484096,172.240924672,698961.620688896,pca
2979.2977545838803,10.210103296,172.07945216,698961.620688896,pca
2979.7993625365198,10.504630272,171.782316032,698961.620688896,pca
2980.3004441875964,10.504650752,171.782316032,698961.76236544,pca
2980.8021819684654,10.504675328,171.78232832,698961.76236544,pca
2981.304227270186,10.461569024,171.823448064,698961.76236544,pca
2981.8062112722546,10.470989824,171.81372416,698961.76236544,pca
2982.308711046353,10.7136,171.571167232,698961.788145664,pca
2982.810326460749,10.7136,171.570642944,698961.788145664,pca
2983.3115208838135,10.7136,171.565350912,698961.788145664,pca
2983.8135261442512,10.810028032,171.4668544,698961.788145664,pca
2984.3150042574853,11.17548544,171.104002048,698961.574445056,pca
2984.8200292773545,11.17548544,171.113762816,698961.574445056,pca
2985.321736352518,11.17548544,171.111161856,698961.574445056,pca
2985.8226626962423,11.17548544,171.110920192,698961.574445056,pca
2986.324358008802,11.504898048,170.781057024,698961.57237248,pca
2986.8256115522236,12.627501056,169.65429248,698961.57237248,pca
2987.326703391969,12.627501056,169.65429248,698961.57237248,pca
2987.827706180513,12.627501056,169.65122048,698961.57237248,pca
2988.3287704680115,12.627501056,169.65122048,698961.636491264,pca
2988.82998521626,12.628074496,169.649557504,698961.636491264,pca
2989.3311284128577,12.600406016,169.676947456,698961.636491264,pca
2989.832029901445,12.6005248,169.67479296,698961.636491264,pca
2990.333179494366,12.6005248,169.67479296,698961.678688256,pca
2990.837510433048,12.212764672,170.072928256,698961.678688256,pca
2991.338388528675,12.000878592,170.284548096,698961.678688256,pca
2991.8392600212246,11.55026944,170.73260544,698961.678688256,pca
2992.3401058297604,12.230238208,170.053341184,698961.680596992,pca
2992.8412975147367,13.437775872,168.84103168,698961.680596992,pca
2993.34220158495,13.437775872,168.84103168,698961.680596992,pca
2993.8431605044752,13.43791104,168.838946816,698961.680596992,pca
2994.344083722681,13.43791104,168.847859712,698961.591209984,pca
2994.845319736749,13.43791104,168.845778944,698961.591209984,pca
2995.346223531291,13.43791104,168.845778944,698961.591209984,pca
2995.847194949165,13.43791104,168.84393984,698961.5680512,pca
2996.3483827579767,13.43791104,168.84393984,698961.5680512,pca
2996.8492702972144,13.28162816,168.996220928,698961.5680512,pca
2997.3500757124275,13.02380544,169.25448192,698961.5680512,pca
2997.851802809164,13.02380544,169.253298176,698961.524076544,pca
2998.354320058599,12.29840384,169.97767168,698961.524076544,pca
2998.855695804581,11.74417408,170.530217984,698961.524076544,pca
2999.356549208984,12.39220224,169.89659136,698961.524076544,pca
2999.8574001397938,13.610840064,168.673226752,698963.210625024,pca
3000.358822528273,13.610840064,168.673226752,698963.210625024,pca
3000.859661631286,13.610840064,168.670941184,698963.210625024,pca
3001.3604837358,13.610840064,168.67104768,698963.210625024,pca
3001.861410625279,13.610840064,168.666865664,698963.210625024,pca
3002.362451724708,13.610840064,168.666734592,698963.210625024,pca
3002.863561641425,13.610840064,168.667017216,698963.210625024,pca
3003.3653965052217,13.243097088,169.033949184,698963.210625024,pca
3003.8674673903733,13.243097088,169.029902336,698963.107966976,pca
3004.3692298363894,13.243097088,169.029902336,698963.107966976,pca
3004.8700929563493,13.056200704,169.227341824,698963.107966976,pca
3005.372057132423,12.272672768,170.01095168,698963.107966976,pca
3005.873926244676,11.985117184,170.298167296,698962.959044608,pca
3006.3752142451704,12.876435456,169.406394368,698962.959044608,pca
3006.8761051110923,13.837144064,168.443392,698962.959044608,pca
3007.37786465697,13.837279232,168.443392,698962.959044608,pca
3007.879500284791,13.837279232,168.438206464,698962.940465152,pca
3008.3805421125144,13.837279232,168.438075392,698962.940465152,pca
3008.882142458111,13.837549568,168.435851264,698962.940465152,pca
3009.3838203139603,13.837549568,168.43597824,698962.940465152,pca
3009.885435851291,13.804261376,168.466518016,698962.70473216,pca
3010.3906460925937,13.804261376,168.47949824,698962.70473216,pca
3010.8922947440296,13.620207616,168.663343104,698962.70473216,pca
3011.392993081361,13.4503424,168.833130496,698962.70473216,pca
3011.893837891519,12.918464512,169.360896,698962.70473216,pca
3012.394889559597,12.696178688,169.58318592,698962.70473216,pca
3012.8962957412004,12.696178688,169.581109248,698962.70473216,pca
3013.3969122320414,12.06390784,170.212388864,698962.70473216,pca
3013.8981402050704,13.181579264,169.096491008,698962.710392832,pca
3014.4005086384714,13.77896448,168.499068928,698962.710392832,pca
3014.9016284924,13.77896448,168.49416192,698962.710392832,pca
3015.402919664979,13.77896448,168.505171968,698962.710392832,pca
3015.904823249206,13.77896448,168.500875264,698962.576605184,pca
3016.4063648264855,13.77896448,168.500875264,698962.576605184,pca
3016.9074969608337,13.77896448,168.500875264,698962.576605184,pca
3017.4085121732205,13.748191232,168.5312512,698962.576605184,pca
3017.9094645939767,13.562601472,168.711856128,698962.745413632,pca
3018.4106600712985,13.407219712,168.866787328,698962.745413632,pca
3018.9118282143027,13.192679424,169.081516032,698962.745413632,pca
3019.412841029465,13.192679424,169.081516032,698962.745413632,pca
3019.914775704965,12.953923584,169.315467264,698962.497777664,pca
3020.4172188453376,12.953923584,169.315467264,698962.497777664,pca
3020.9181394055486,12.634456064,169.64835328,698962.497777664,pca
3021.4194869585335,12.634456064,169.648357376,698962.497777664,pca
3021.9203074406832,13.377097728,168.902905856,698962.490597376,pca
3022.421528439969,14.262837248,168.016273408,698962.490597376,pca
3022.923257952556,14.262972416,168.014368768,698962.490597376,pca
3023.425409456715,14.262972416,168.014368768,698962.490597376,pca
3023.9262996744365,14.263107584,168.009793536,698962.375794688,pca
3024.427756205201,14.263107584,168.009662464,698962.375794688,pca
3024.9299577362835,14.199676928,168.070877184,698962.375794688,pca
3025.43196352385,14.199676928,168.070877184,698962.375794688,pca
3025.9338563848287,14.199676928,168.079802368,698962.732826624,pca
3026.434780124575,13.760217088,168.518926336,698962.732826624,pca
3026.9364971593022,13.38365952,168.89337856,698962.732826624,pca
3027.437315810472,13.165543424,169.112006656,698962.732826624,pca
3027.938010480255,12.883849216,169.393778688,698962.8758016,pca
3028.438951248303,12.6277632,169.649324032,698962.8758016,pca
3028.9407570865005,14.011670528,168.262438912,698962.8758016,pca
3029.4415877293795,14.576058368,167.69818624,698962.8758016,pca
3029.9427877664566,14.576058368,167.6962816,698963.379462144,pca
3030.4440202638507,14.576058368,167.6962816,698963.379462144,pca
3030.9457884170115,14.576058368,167.691743232,698963.379462144,pca
3031.446770656854,14.54669824,167.721230336,698963.379462144,pca
3031.9479748439044,14.51460608,167.766048768,698963.379462144,pca
3032.4492755383253,14.51460608,167.765917696,698963.379462144,pca
3032.9510337729007,14.290952192,167.985471488,698963.379462144,pca
3033.4520887061954,14.133768192,168.142426112,698963.379462144,pca
3033.9533362202346,14.133768192,168.140353536,698963.276296192,pca
3034.4545823335648,13.898539008,168.375611392,698963.276296192,pca
3034.9563009422272,13.666807808,168.604643328,698963.276296192,pca
3035.457150230184,13.095530496,169.175044096,698963.276296192,pca
3035.9583090879023,14.280654848,168.00139264,698963.228798976,pca
3036.459454957396,15.021576192,167.259652096,698963.228798976,pca
3036.9606519415975,15.021576192,167.256813568,698963.228798976,pca
3037.461986904964,15.021707264,167.256813568,698963.228798976,pca
3037.9633851666003,15.021707264,167.254593536,698963.209826304,pca
3038.464688135311,15.02181376,167.25460992,698963.209826304,pca
3038.966517196968,14.958665728,167.313850368,698963.209826304,pca
3039.4676103834063,14.958665728,167.313719296,698963.209826304,pca
3039.969444753602,14.958800896,167.313580032,698963.18236672,pca
3040.470553688705,14.735818752,167.53631232,698963.18236672,pca
3040.971504619345,14.612881408,167.65472768,698963.18236672,pca
3041.472496178001,14.427865088,167.839461376,698963.18236672,pca
3041.973449897021,13.902032896,168.365264896,698963.18236672,pca
3042.4791638012975,13.317885952,168.962605056,698963.18236672,pca
3042.9804530274123,14.509735936,167.768629248,698963.18236672,pca
3043.4824147913605,15.474192384,166.801932288,698963.18236672,pca
3043.9833882004023,15.474192384,166.80091648,698964.824027136,pca
3044.4845143090934,15.474929664,166.80091648,698964.824027136,pca
3044.986383875832,15.474929664,166.796488704,698964.824027136,pca
3045.4875565040857,15.474929664,166.79661568,698964.824027136,pca
3045.9887800533324,15.474999296,166.79661568,698964.830568448,pca
3046.489961164072,15.474999296,166.807494656,698964.830568448,pca
3046.9912906363606,15.47513856,166.803218432,698964.830568448,pca
3047.492293415591,15.284764672,166.992760832,698964.830568448,pca
3047.9941512681544,15.284764672,166.991634432,698964.807360512,pca
3048.4953454732895,15.150219264,167.12546304,698964.807360512,pca
3048.9966761711985,14.924640256,167.348649984,698964.807360512,pca
3049.497534170747,14.621888512,167.651520512,698964.807360512,pca
3049.9984757173806,14.299455488,167.971647488,698964.794396672,pca
3050.499789748341,14.299455488,167.971647488,698964.794396672,pca
3051.001065004617,13.959520256,168.309297152,698964.794396672,pca
3051.50241166912,14.201593856,168.079499264,698964.794396672,pca
3052.003399964422,15.2930304,166.986174464,698964.794396672,pca
3052.5045033153147,15.2930304,166.98566656,698964.794396672,pca
3053.005512472242,15.2930304,166.982541312,698964.794396672,pca
3053.506527580321,15.2930304,166.982541312,698964.794396672,pca
3054.0074065104127,15.2930304,166.980333568,698964.513841152,pca
3054.5086415391415,15.2930304,166.980460544,698964.513841152,pca
3055.0096407160163,15.050420224,167.220195328,698964.513841152,pca
3055.5107944775373,15.050420224,167.220064256,698964.513841152,pca
3056.011672032997,14.85568,167.412953088,698964.521058304,pca
3056.5128047689795,14.85568,167.422779392,698964.521058304,pca
3057.0137528330088,14.619623424,167.655563264,698964.521058304,pca
3057.5148610696197,14.056546304,168.219172864,698964.521058304,pca
3058.015658101067,14.056546304,168.219553792,698964.528021504,pca
3058.5165877286345,13.897846784,168.378232832,698964.528021504,pca
3059.0175560973585,14.98003456,167.292092416,698964.528021504,pca
3059.5185275562108,15.978037248,166.291775488,698964.528021504,pca
3060.019429208711,15.97841408,166.291935232,698964.511481856,pca
3060.5205786451697,15.97841408,166.291935232,698964.511481856,pca
3061.02163435705,15.97841408,166.289604608,698964.511481856,pca
3061.5228563845158,15.978483712,166.289731584,698964.511481856,pca
3062.023910811171,15.97851648,166.300741632,698964.511481856,pca
3062.5255776159465,15.869804544,166.408835072,698964.511481856,pca
3063.026939958334,15.869804544,166.406897664,698964.511481856,pca
3063.528319247067,15.869804544,166.405455872,698964.511481856,pca
3064.0293989609927,15.869804544,166.402482176,698964.031053824,pca
3064.5306862406433,15.869804544,166.402482176,698964.031053824,pca
3065.0317386053503,15.366094848,166.90540544,698964.031053824,pca
3065.5329740401357,15.366094848,166.905430016,698964.031053824,pca
3066.0340360440314,14.868189184,167.39940352,698964.308291584,pca
3066.535399623215,14.559072256,167.708499968,698964.308291584,pca
3067.036177204922,14.735384576,167.545040896,698964.308291584,pca
3067.5374818854034,16.052133888,166.225833984,698964.308291584,pca
3068.038462361321,16.052269056,166.22139392,698964.853608448,pca
3068.5400118213147,16.052400128,166.221266944,698964.853608448,pca
3069.0411338265985,16.052400128,166.221520896,698964.853608448,pca
3069.5424854531884,16.052514816,166.221520896,698964.853608448,pca
3070.043396340683,16.052514816,166.217117696,698963.95993088,pca
3070.5457955691963,16.052514816,166.217498624,698963.95993088,pca
3071.0468931905925,16.052514816,166.217498624,698963.95993088,pca
3071.54805316031,15.841685504,166.441201664,698963.95993088,pca
3072.05012579076,15.598108672,166.680154112,698963.714187264,pca
3072.551534805447,15.221248,167.054651392,698963.714187264,pca
3073.052311733365,14.968774656,167.306993664,698963.714187264,pca
3073.5543148852885,14.703345664,167.572176896,698963.714187264,pca
3074.0552563164383,14.151409664,168.119734272,698962.95026688,pca
3074.557226140052,15.447425024,166.824267776,698962.95026688,pca
3075.059329861775,15.512825856,166.759129088,698962.95026688,pca
3075.56107827276,15.512825856,166.756401152,698962.95026688,pca
3076.062098613009,15.512825856,166.756528128,698963.108073472,pca
3076.5636191684753,15.512825856,166.754705408,698963.108073472,pca
3077.0643509905785,15.457296384,166.809739264,698963.108073472,pca
3077.5658115725964,15.270555648,167.006564352,698963.108073472,pca
3078.067209145054,15.20300032,167.072677888,698963.11119872,pca
3078.56931152381,15.203315712,167.07045376,698963.11119872,pca
3079.0703369639814,14.952681472,167.320961024,698963.11119872,pca
3079.5715226400644,14.952681472,167.321088,698963.11119872,pca
3080.0722929388285,14.807764992,167.463645184,698962.55782912,pca
3080.57372482121,14.886961152,167.383191552,698962.55782912,pca
3081.074703903869,14.886961152,167.383191552,698962.55782912,pca
3081.575740626082,14.886961152,167.393230848,698962.55782912,pca
3082.0767292045057,14.951165952,167.325904896,698962.421133312,pca
3082.578345766291,15.286972416,166.989058048,698962.421133312,pca
3083.0795519221574,15.286972416,166.988931072,698962.421133312,pca
3083.5804102215916,15.286972416,166.985211904,698962.421133312,pca
3084.081672426313,15.286972416,166.985211904,698963.289276416,pca
3084.5829767361283,15.26616064,167.006154752,698963.289276416,pca
3085.083815352991,15.26616064,167.006154752,698963.289276416,pca
3085.5850400291383,15.26616064,167.006154752,698963.289276416,pca
3086.0858843717724,15.281328128,166.988619776,698963.300241408,pca
3086.5870026443154,15.281328128,166.988599296,698963.300241408,pca
3087.0879222415388,15.281328128,166.99746304,698963.300241408,pca
3087.588754409924,15.307698176,166.970355712,698963.300241408,pca
3088.089753748849,15.483539456,166.793056256,698963.260219392,pca
3088.59086307697,15.747342336,166.528008192,698963.260219392,pca
3089.0917102359235,15.779373056,166.495535104,698963.260219392,pca
3089.5925419721752,15.779373056,166.495154176,698963.260219392,pca
3090.0933952052146,15.966281728,166.30542336,698963.236773888,pca
3090.594535851851,16.208920576,166.05964288,698963.236773888,pca
3091.0955471564084,16.209055744,166.059769856,698963.236773888,pca
3091.5964446980506,16.209055744,166.057418752,698963.236773888,pca
3092.0973030626774,16.209055744,166.0684288,698964.740132864,pca
3092.598464248702,16.1844224,166.088572928,698964.740132864,pca
3093.0992777775973,16.714088448,165.560623104,698964.740132864,pca
3093.601359512657,16.780279808,165.49255168,698964.740132864,pca
3094.102192563936,16.780414976,165.49255168,698964.574130176,pca
3094.603832764551,16.780414976,165.492596736,698964.574130176,pca
3095.1052659079432,16.757190656,165.511307264,698964.574130176,pca
3095.607165651396,16.701181952,165.566849024,698964.574130176,pca
3096.109165728092,16.834076672,165.435936768,698964.408029184,pca
3096.610512180254,17.442353152,164.820107264,698964.408029184,pca
3097.1115083601326,17.442353152,164.820107264,698964.408029184,pca
3097.6124512609094,17.442353152,164.820615168,698964.408029184,pca
3098.1134027652442,17.44248832,164.833722368,698964.4300288,pca
3098.614792328328,17.417015296,164.855103488,698964.4300288,pca
3099.1155662517995,17.417015296,164.855103488,698964.4300288,pca
3099.616292493418,17.702510592,164.571045888,698964.4300288,pca
3100.117382876575,18.272530432,164.00166912,698964.016173056,pca
3100.618625689298,18.273431552,163.99742976,698964.016173056,pca
3101.1197117771953,18.27366912,163.99742976,698964.016173056,pca
3101.6207052152604,18.27366912,163.99552512,698964.016173056,pca
3102.121526196599,18.27366912,164.004438016,698963.831840768,pca
3102.6227475106716,18.27366912,164.001980416,698963.831840768,pca
3103.1238066684455,18.018091008,164.255158272,698963.831840768,pca
3103.6248197797686,18.341203968,163.927351296,698963.831840768,pca
3104.1259095966816,18.341203968,163.927351296,698963.241652224,pca
3104.6274920254946,18.341203968,163.927478272,698963.241652224,pca
3105.1286217402667,18.341203968,163.927478272,698963.241652224,pca
3105.629594311118,18.341203968,163.927339008,698963.241652224,pca
3106.1306778118014,18.34135552,163.923156992,698963.134951424,pca
3106.6318282280117,18.3391232,163.924938752,698963.134951424,pca
3107.1326005589217,18.339299328,163.935440896,698963.134951424,pca
3107.6335403043777,18.339299328,163.933868032,698963.134951424,pca
3108.134535992518,18.339299328,163.931193344,698963.098669056,pca
3108.6355700995773,18.339299328,163.93132032,698963.098669056,pca
3109.1362918131053,18.339299328,163.93576448,698963.098669056,pca
3109.637065516785,18.339299328,163.935240192,698963.098669056,pca
3110.1381497979164,18.358267904,163.911725056,698962.931183616,pca
3110.639412680641,18.358267904,163.912015872,698962.931183616,pca
3111.1405354365706,18.358267904,163.912024064,698962.931183616,pca
3111.6415471266955,18.499887104,163.766484992,698962.931183616,pca
3112.1426782179624,18.499887104,163.7666816,698962.668527616,pca
3112.6438293959945,18.690654208,163.575406592,698962.668527616,pca
3113.144936243072,18.690789376,163.575406592,698962.668527616,pca
3113.6459486186504,18.912800768,163.348893696,698962.668527616,pca
3114.1469959635288,19.166777344,163.096055808,698961.739722752,pca
3114.6515147369355,19.706822656,162.56497664,698961.739722752,pca
3115.1526696644723,20.234862592,162.038042624,698961.739722752,pca
3115.6536782607436,20.235132928,162.033446912,698961.739722752,pca
3116.154445664957,20.235337728,162.033319936,698961.60301056,pca
3116.655492560938,20.23534592,162.031747072,698961.60301056,pca
3117.1563291288912,20.390486016,161.876946944,698961.60301056,pca
3117.65734805353,20.54035456,161.727991808,698961.60301056,pca
3118.1584942042828,20.540485632,161.72320768,698961.598427136,pca
3118.659444656223,20.540485632,161.72105728,698961.598427136,pca
3119.1602767258883,20.540485632,161.72105728,698961.598427136,pca
3119.661322409287,20.742221824,161.51908352,698961.598427136,pca
3120.1627228613943,20.99638272,161.276878848,698961.392861184,pca
3120.6641545612365,21.316714496,160.95094784,698961.392861184,pca
3121.1656470634043,21.544800256,160.724463616,698961.392861184,pca
3121.6668615564704,21.544800256,160.722178048,698961.392861184,pca
3122.1680697184056,21.87661312,160.390647808,698961.171652608,pca
3122.6694346144795,22.320422912,159.94038272,698961.171652608,pca
3123.170666953549,22.320422912,159.940255744,698961.171652608,pca
3123.6717824079096,22.320422912,159.947091968,698961.171652608,pca
3124.1729912124574,22.320422912,159.947206656,698961.049513984,pca
3124.6743758488446,22.320422912,159.945039872,698961.049513984,pca
3125.1755857560784,22.097297408,160.165871616,698961.049513984,pca
3125.6766801383346,22.193537024,160.068632576,698961.049513984,pca
3126.1774820964783,22.224740352,160.037371904,698961.037799424,pca
3126.679025242105,22.224740352,160.036990976,698961.037799424,pca
3127.180169288069,22.224740352,160.034783232,698961.037799424,pca
3127.6816733442247,22.450806784,159.807143936,698961.037799424,pca
3128.182678340003,22.703865856,159.554228224,698960.94103552,pca
3128.6837572734803,23.009263616,159.245541376,698960.94103552,pca
3129.1853774357587,23.50792704,158.760751104,698960.94103552,pca
3129.6865612063557,24.015233024,158.250041344,698960.94103552,pca
3130.187759840861,24.747720704,157.517152256,698960.59613184,pca
3130.6891344860196,24.748126208,157.51215104,698960.59613184,pca
3131.191182140261,24.748126208,157.51215104,698960.59613184,pca
3131.693279005587,24.748126208,157.512036352,698960.59613184,pca
3132.1953358761966,24.589991936,157.667033088,698960.5814272,pca
3132.6967160850763,24.533880832,157.719969792,698960.5814272,pca
3133.198334114626,24.6964224,157.559640064,698960.5814272,pca
3133.70015094243,24.948944896,157.303963648,698960.5814272,pca
3134.2011263798922,25.395552256,156.868993024,698960.372289536,pca
3134.703525800258,25.395687424,156.866281472,698960.372289536,pca
3135.2055115718395,25.395687424,156.861923328,698960.372289536,pca
3135.707054236904,25.395687424,156.862050304,698960.372289536,pca
3136.2085474170744,25.395687424,156.862050304,698960.215236608,pca
3136.7102044727653,25.700438016,156.557692928,698960.215236608,pca
3137.2119232770056,25.70084352,156.554764288,698960.215236608,pca
3137.7140137758106,25.70104832,156.554551296,698960.215236608,pca
3138.2159997280687,25.701052416,156.551979008,698959.996035072,pca
3138.718269003555,25.60659456,156.64330752,698959.996035072,pca
3139.2195328623056,25.6828416,156.578816,698959.996035072,pca
3139.7207905724645,25.822281728,156.437438464,698959.996035072,pca
3140.2219015527517,25.822281728,156.434485248,698959.570796544,pca
3140.723601097241,25.822281728,156.434485248,698959.570796544,pca
3141.2245190199465,26.074652672,156.18398208,698959.570796544,pca
3141.725307956338,26.074714112,156.18138112,698959.570796544,pca
3142.2273100204766,26.387587072,155.865550848,698959.311601664,pca
3142.729504266754,26.387587072,155.865419776,698959.311601664,pca
3143.230572436005,26.618953728,155.633410048,698959.311601664,pca
3143.731510620564,26.6194944,155.626835968,698959.311601664,pca
3144.233415260911,26.87453184,155.374084096,698959.016460288,pca
3144.738562889397,26.87453184,155.386945536,698959.016460288,pca
3145.2402803134173,27.50070784,154.761019392,698959.016460288,pca
3145.7420561611652,27.500843008,154.757496832,698959.016460288,pca
3146.244138672948,27.500843008,154.757496832,698958.998872064,pca
3146.7457774411887,27.500843008,154.758578176,698958.998872064,pca
3147.2475102152675,27.450810368,154.806136832,698958.998872064,pca
3147.748593894765,27.388801024,154.867142656,698958.998872064,pca
3148.249312441796,27.319808,154.935902208,698958.908665856,pca
3148.7507915552706,27.63925504,154.612535296,698958.908665856,pca
3149.2521909959614,27.63937792,154.612281344,698958.908665856,pca
3149.7530313450843,27.63937792,154.611531776,698958.908665856,pca
3150.2543180435896,27.63937792,154.610221056,698958.679486464,pca
3150.7557410094887,27.809038336,154.4424448,698958.679486464,pca
3151.257117126137,27.900710912,154.350047232,698958.679486464,pca
3151.758329672739,28.033929216,154.224259072,698958.679486464,pca
3152.259600961581,28.033929216,154.224259072,698958.694756352,pca
3152.7610672041774,28.033929216,154.219794432,698958.694756352,pca
3153.2621191851795,27.97555712,154.278322176,698958.694756352,pca
3153.7633438091725,27.97555712,154.27698688,698958.694756352,pca
3154.26428678073,16.929230848,165.3410816,698958.595690496,pca
3154.7658273186535,16.977219584,165.289054208,698958.595690496,pca
3155.267486365512,16.931328,165.33436416,698958.595690496,pca
3155.7687374893576,16.931328,165.342121984,698958.595690496,pca
3156.2701373118907,16.931373056,165.341360128,698958.60471808,pca
3156.771690696478,16.956801024,165.312294912,698958.60471808,pca
3157.2731124423444,17.439961088,164.830994432,698958.60471808,pca
3157.774466242641,16.984866816,165.280026624,698958.60471808,pca
3158.2758890409023,17.368961024,164.84339712,698958.529605632,pca
3158.7769948560745,17.616162816,164.650082304,698958.529605632,pca
3159.2779336031526,17.664585728,164.598964224,698958.529605632,pca
3159.7793145366013,17.133047808,165.127868416,698958.529605632,pca
3160.2803612928838,16.93165568,165.325635584,698958.219497472,pca
3160.781581874937,16.971051008,165.287288832,698958.219497472,pca
3161.282548684627,16.933093376,165.33731328,698958.219497472,pca
3161.78380660899,16.99762176,165.271437312,698958.219497472,pca
3162.284945897758,16.974553088,165.294505984,698958.175465472,pca
3162.7862701117992,17.395847168,164.872884224,698958.175465472,pca
3163.2875401973724,17.100488704,165.166211072,698958.175465472,pca
3163.7884052488953,16.933093376,165.32865024,698958.175465472,pca
3164.289829161018,17.563774976,164.699901952,698957.979553792,pca
3164.7907222975045,17.489707008,164.773003264,698957.979553792,pca
3165.291486704722,17.18304768,165.078290432,698957.979553792,pca
3165.7928827609867,17.469239296,164.788908032,698957.979553792,pca
3166.2937707304955,17.680134144,164.59153408,698957.982896128,pca
3166.795416256413,17.469587456,164.79965184,698957.982896128,pca
3167.2968824412674,17.008201728,165.258141696,698957.982896128,pca
3167.7982717975974,16.962453504,165.281763328,698957.982896128,pca
3168.2996263410896,17.56176384,164.706177024,698958.146678784,pca
3168.8012099303305,17.168658432,165.095358464,698958.146678784,pca
3169.302721841261,16.933093376,165.32731904,698958.146678784,pca
3169.803748589009,17.71380736,164.549423104,698958.146678784,pca
3170.3052797000855,17.55838464,164.704813056,698958.43762176,pca
3170.8068831209093,17.106751488,165.150543872,698958.43762176,pca
3171.308415552601,16.933097472,165.322088448,698958.43762176,pca
3171.80927808024,16.933097472,165.33671936,698958.43762176,pca
3172.3107728678733,16.933097472,165.336465408,698958.43762176,pca
3172.812398709357,16.952471552,165.313921024,698958.43762176,pca
3173.3137451522052,17.070260224,165.196173312,698958.43762176,pca
3173.8151478599757,17.112948736,165.150941184,698958.43762176,pca
3174.316695149988,16.976019456,165.286936576,698958.286573568,pca
3174.8179781995714,16.99489792,165.266731008,698958.286573568,pca
3175.3191648721695,16.982347776,165.278949376,698958.286573568,pca
3175.8206213265657,16.986796032,165.272768512,698958.286573568,pca
3176.321616144851,16.986796032,165.272768512,698958.290804736,pca
3176.8257966246456,17.013960704,165.257601024,698958.290804736,pca
3177.326971484348,16.986996736,165.284163584,698958.290804736,pca
3177.828455720097,17.176817664,165.089939456,698958.290804736,pca
3178.330005016178,17.050963968,165.215502336,698958.23222784,pca
3178.831019412726,17.050963968,165.215629312,698958.23222784,pca
3179.3325710166246,17.050963968,165.215629312,698958.23222784,pca
3179.833839269355,17.102610432,165.1603456,698958.23222784,pca
3180.3353949245065,17.05127936,165.179920384,698958.442299392,pca
3180.837051972747,17.05127936,165.211312128,698958.442299392,pca
3181.3386531490833,17.05127936,165.222322176,698958.442299392,pca
3181.8395035527647,17.0819584,165.1877888,698958.442299392,pca
3182.3404266443104,17.05127936,165.215813632,698958.442299392,pca
3182.841460296884,16.935305216,165.33092352,698958.442299392,pca
3183.3422706406564,16.93546496,165.33092352,698958.442299392,pca
3183.8437034487724,16.93546496,165.32955136,698958.442299392,pca
3184.3447037115693,17.026609152,165.246173184,698958.62052864,pca
3184.845974655822,17.046900736,165.265117184,698958.62052864,pca
3185.347128247842,17.11980544,165.265711104,698958.62052864,pca
3185.8481480758637,17.110048768,165.305102336,698958.799118336,pca
3186.349114349112,17.261146112,165.194248192,698958.799118336,pca
3186.8500366285443,17.198145536,165.30014208,698958.799118336,pca
3187.3509708680212,17.250250752,165.338116096,698958.799118336,pca
3187.8524535410106,17.30275328,165.332557824,698958.595760128,pca
3188.353994736448,17.354821632,165.325606912,698958.595760128,pca
3188.85562325269,17.407156224,165.317627904,698958.595760128,pca
3189.3566697444767,17.459888128,165.297242112,698958.595760128,pca
3189.857703289017,17.554395136,165.255798784,698957.1637248,pca
3190.358677536249,17.90357504,164.918161408,698957.1637248,pca
3190.859425274655,18.328756224,164.512100352,698957.1637248,pca
3191.360600762069,17.9566592,164.915380224,698957.1637248,pca
3191.8614837322384,18.37897728,164.551016448,698956.834250752,pca
3192.362350815907,18.008784896,164.94635008,698956.834250752,pca
3192.863523080945,18.81040896,164.158533632,698956.834250752,pca
3193.365530172363,18.051305472,164.949983232,698956.834250752,pca
3193.8678401019424,18.857791488,164.1500672,698956.941668352,pca
3194.369026256725,17.899245568,165.14371584,698956.941668352,pca
3194.8699442893267,18.317381632,164.757172224,698956.941668352,pca
3195.3708960562944,17.826942976,165.303652352,698956.941668352,pca
3195.8721993491054,17.87639808,165.3239808,698957.075996672,pca
3196.3739961087704,17.968771072,165.273718784,698957.075996672,pca
3196.874870693311,17.976823808,165.320097792,698957.075996672,pca
3197.3759361524135,18.029228032,165.319950336,698957.075996672,pca
3197.87675652653,18.081931264,165.315936256,698956.792926208,pca
3198.3781660404056,18.134228992,165.315600384,698956.792926208,pca
3198.8805662207305,18.275299328,165.202477056,698956.792926208,pca
3199.382023131475,18.572623872,164.915605504,698956.792926208,pca
3199.882868297398,18.239594496,165.291270144,698956.441079808,pca
3200.385076450184,19.32675072,164.252504064,698956.441079808,pca
3200.88775100559,18.57542144,165.049196544,698956.441079808,pca
3201.389167420566,19.481194496,164.158783488,698956.441079808,pca
3201.890861209482,18.773143552,164.917149696,698956.538662912,pca
3202.3920543771237,18.804404224,164.91669504,698956.538662912,pca
3202.892860988155,19.104874496,164.627185664,698956.538662912,pca
3203.3938761223108,18.449309696,165.306621952,698956.538662912,pca
3203.89519023709,19.394854912,164.377178112,698956.75133952,pca
3204.3968714289367,18.829234176,164.98171904,698956.75133952,pca
3204.8982888106257,19.373535232,164.463321088,698956.75133952,pca
3205.3996624406427,18.996912128,164.865732608,698956.75133952,pca
3205.900675714016,18.800037888,165.103149056,698956.622143488,pca
3206.4018843248487,19.22592768,164.697419776,698956.622143488,pca
3206.9027756731957,19.062145024,164.8403456,698956.622143488,pca
3207.403595106676,19.190480896,164.785958912,698956.622143488,pca
3207.904612986371,18.71153152,165.298962432,698956.463517696,pca
3208.406288366765,19.772542976,164.248018944,698956.463517696,pca
3208.9075257014483,18.76396032,165.3272576,698956.463517696,pca
3209.408522868529,19.909234688,164.184707072,698956.463517696,pca
3209.9096294119954,18.81638912,165.319831552,698956.232773632,pca
3210.410685280338,19.245887488,164.910338048,698956.232773632,pca
3210.91167553328,18.89390592,165.305315328,698956.232773632,pca
3211.4125669244677,18.994036736,165.24990464,698956.232773632,pca
3211.9133709594607,19.003703296,165.271478272,698956.220092416,pca
3212.4176127854735,19.054710784,165.273997312,698956.220092416,pca
3212.91895246692,19.134517248,165.320589312,698956.220092416,pca
3213.420269038528,19.156897792,165.33209088,698956.220092416,pca
3213.921316098422,19.182931968,165.31968,698956.203880448,pca
3214.4225953835994,19.30293248,165.225156608,698956.203880448,pca
3214.923188034445,19.323195392,165.221629952,698956.203880448,pca
3215.4239716846496,19.3451008,165.231591424,698956.203880448,pca
3215.9248567204922,19.440898048,165.134364672,698955.912814592,pca
3216.425788776949,19.339227136,165.27591424,698955.912814592,pca
3216.9268994573504,19.434110976,165.198082048,698955.912814592,pca
3217.4279569759965,19.391819776,165.326348288,698955.912814592,pca
3217.929369268939,19.44387584,165.315076096,698955.619172352,pca
3218.4303564373404,19.49569024,165.313093632,698955.619172352,pca
3218.931482348591,19.548172288,165.294116864,698955.619172352,pca
3219.432377114892,19.628118016,165.308821504,698955.619172352,pca
3219.9334371630102,19.68969728,165.293293568,698955.815673856,pca
3220.4354795198888,19.750588416,165.29340416,698955.815673856,pca
3220.9368867613375,19.809234944,165.272530944,698955.815673856,pca
3221.437739368528,19.869331456,165.302755328,698955.815673856,pca
3221.938978144899,19.913826304,165.2840448,698955.783876608,pca
3222.443905696273,19.9938048,165.271199744,698955.783876608,pca
3222.9447992201895,20.01915904,165.289263104,698955.783876608,pca
3223.445575580001,20.072177664,165.308817408,698955.783876608,pca
3223.946252817288,20.130799616,165.284864,698956.518014976,pca
3224.447170790285,20.176842752,165.2799488,698956.518014976,pca
3224.9482771493495,20.329734144,165.184999424,698956.518014976,pca
3225.449278892949,20.249202688,165.295874048,698956.518014976,pca
3225.9504469875246,20.3234304,165.27900672,698955.345444864,pca
3226.451963780448,20.36815872,165.284388864,698955.345444864,pca
3226.9531800597906,20.417671168,165.263171584,698955.345444864,pca
3227.4540364649147,20.489150464,165.265424384,698955.345444864,pca
3227.954792233184,20.543438848,165.315096576,698955.406364672,pca
3228.4562799278647,20.595822592,165.304573952,698955.406364672,pca
3228.958012536168,20.648280064,165.293785088,698955.406364672,pca
3229.4591445848346,20.719476736,165.261344768,698955.406364672,pca
3229.9602012652904,20.736610304,165.320101888,698953.981628416,pca
3230.4623742010444,20.800663552,165.311459328,698953.981628416,pca
3230.9635136649013,20.870414336,165.244833792,698953.981628416,pca
3231.4645552411675,20.952260608,165.21099264,698953.981628416,pca
3231.965164337307,20.923998208,165.2977664,698953.975660544,pca
3232.466645348817,20.98649088,165.280149504,698953.975660544,pca
3232.969216376543,21.045809152,165.279113216,698953.975660544,pca
3233.469878608361,21.110267904,165.270564864,698953.975660544,pca
3233.9704780522734,21.166764032,165.29836032,698953.791471616,pca
3234.4718702118844,21.277786112,165.256966144,698953.791471616,pca
3234.9726250041276,21.311750144,165.260009472,698953.791471616,pca
3235.4732623547316,21.330051072,165.30655232,698953.791471616,pca
3235.974976507947,21.363564544,165.30520064,698953.267724288,pca
3236.476222809404,21.363564544,165.304737792,698953.267724288,pca
3236.977434558794,21.363564544,165.316276224,698953.267724288,pca
3237.4793704487383,21.363564544,165.316145152,698953.267724288,pca
3237.9801585320383,21.363564544,165.31791872,698953.33799936,pca
3238.4817628897727,21.363564544,165.316120576,698953.33799936,pca
3238.983409864828,21.363564544,165.315723264,698953.33799936,pca
3239.4848232846707,21.363564544,165.313298432,698953.33799936,pca
3239.98713128455,21.363564544,165.30853888,698952.489316352,pca
3240.4891187027097,21.363564544,165.307076608,698952.489316352,pca
3240.9909217059612,21.363564544,165.302951936,698952.489316352,pca
3241.492702294141,21.363564544,165.302788096,698952.489316352,pca
3241.9933434482664,21.363564544,165.30081792,698952.489316352,pca
3242.497006928548,21.363564544,165.320441856,698952.489316352,pca
3242.9978405926377,21.363564544,165.314854912,698952.489316352,pca
3243.4988362360746,21.363564544,165.31357696,698952.489316352,pca
3243.9998017083853,21.363564544,165.312847872,698951.930044416,pca
3244.5008134767413,21.363564544,165.311995904,698951.930044416,pca
3245.00216970779,21.363564544,165.306535936,698951.930044416,pca
3245.5036070887,21.363564544,165.30659328,698951.930044416,pca
3246.004799682647,21.363564544,165.303013376,698951.751057408,pca
3246.5057194326073,21.363564544,165.301747712,698951.751057408,pca
3247.0065893419087,21.363564544,165.299408896,698951.751057408,pca
3247.5074666924775,21.363564544,165.321445376,698951.751057408,pca
3248.0083128623664,21.363564544,165.318598656,698951.355199488,pca
3248.509348327294,21.363564544,165.318639616,698951.355199488,pca
3249.0101499333978,21.363564544,165.316861952,698951.355199488,pca
3249.5109742842615,21.363564544,165.315944448,698951.355199488,pca
3250.012449802831,21.363564544,165.310451712,698950.928703488,pca
3250.514096746221,21.363564544,165.30919424,698950.928703488,pca
3251.014874007553,21.363564544,165.309083648,698950.928703488,pca
3251.5156061649323,21.363564544,165.30757632,698950.928703488,pca
3252.016378067434,21.363564544,165.302607872,698950.928703488,pca
3252.519856337458,21.363564544,165.321728,698950.928703488,pca
3253.0210039764643,21.363564544,165.319770112,698950.928703488,pca
3253.522303003818,21.363564544,165.31816448,698950.928703488,pca
3254.023429632187,21.363564544,165.315362816,698950.22880768,pca
3254.524962997064,21.363564544,165.314523136,698950.22880768,pca
3255.0260754041374,21.363564544,165.31177472,698950.22880768,pca
3255.5281041245908,21.363564544,165.311643648,698950.22880768,pca
3256.028751688078,21.363564544,165.309366272,698950.095130624,pca
3256.5296229366213,21.363564544,165.30890752,698950.095130624,pca
3257.0313983410597,21.363564544,165.304832,698950.095130624,pca
3257.533002572134,21.363564544,165.3236736,698950.095130624,pca
3258.0341259855777,21.363564544,165.32105216,698949.926735872,pca
3258.5360410250723,21.363564544,165.319340032,698949.926735872,pca
3259.0381933934987,21.363564544,165.31709952,698949.926735872,pca
3259.539593964815,21.363564544,165.314834432,698949.926735872,pca
3260.0410084724426,21.363564544,165.310726144,698949.481807872,pca
3260.5423337500542,21.363564544,165.309546496,698949.481807872,pca
3261.0429363120347,21.363564544,165.30874368,698949.481807872,pca
3261.543929597363,21.363564544,165.307904,698949.481807872,pca
3262.046170949936,21.363564544,165.30264064,698949.481807872,pca
3262.5524144917727,21.363564544,165.324455936,698949.481807872,pca
3263.053025068715,21.363564544,165.324455936,698949.481807872,pca
3263.5536340400577,21.363564544,165.31849216,698949.481807872,pca
3264.055886209011,21.363564544,165.318066176,698949.217366016,pca
3264.5572229363024,21.363564544,165.317050368,698949.217366016,pca
3265.0586633719504,21.363564544,165.316820992,698949.217366016,pca
3265.5592014249414,21.363564544,165.310492672,698949.217366016,pca
3266.0609310120344,21.363564544,165.310394368,698949.028810752,pca
3266.5619104728103,21.363564544,165.30688,698949.028810752,pca
3267.062475549057,21.363564544,165.307400192,698949.028810752,pca
3267.5634709540755,21.363564544,165.314183168,698949.028810752,pca
3268.064681954682,21.363564544,165.324910592,698948.724047872,pca
3268.5661397501826,21.363564544,165.31853312,698948.724047872,pca
3269.0679246895015,21.363564544,165.31853312,698948.724047872,pca
3269.5696877930313,21.363564544,165.316562944,698948.724047872,pca
3270.0703001413494,21.363564544,165.316816896,698948.023476224,pca
3270.572222588584,21.363564544,165.310226432,698948.023476224,pca
3271.07435015589,21.363564544,165.3102592,698948.023476224,pca
3271.5764064267278,21.363564544,165.308260352,698948.023476224,pca
3272.0774952210486,21.363564544,165.317566464,698948.023476224,pca
3272.5811599232256,21.363564544,165.324869632,698948.023476224,pca
3273.0829686727375,21.363564544,165.324869632,698948.023476224,pca
3273.583791492507,21.363564544,165.322371072,698948.023476224,pca
3274.0847206935287,21.363564544,165.322010624,698948.667215872,pca
3274.5867015514523,21.363564544,165.319692288,698948.667215872,pca
3275.0884879492223,21.363564544,165.319692288,698948.667215872,pca
3275.5899155642837,21.363564544,165.3153792,698948.667215872,pca
3276.0906270444393,21.363564544,165.314854912,698948.904022016,pca
3276.5918900761753,21.363564544,165.310918656,698948.904022016,pca
3277.0931356865913,21.363564544,165.317767168,698948.904022016,pca
3277.595124591142,21.363564544,165.313888256,698948.904022016,pca
3278.0968900844455,21.363564544,165.313363968,698948.904022016,pca
3278.6005233805627,21.363564544,165.3208064,698948.904022016,pca
3279.1024663709104,21.363564544,165.3208064,698948.904022016,pca
3279.6042032931,21.363564544,165.317066752,698948.904022016,pca
3280.105962438509,21.363564544,165.316968448,698947.845984256,pca
3280.607315024361,21.363564544,165.310971904,698947.845984256,pca
3281.109050137922,21.363564544,165.3108736,698947.845984256,pca
3281.610871888697,21.363564544,165.30907136,698947.845984256,pca
3282.111955270171,21.363564544,165.317984256,698947.845984256,pca
3282.6179108843207,21.363564544,165.323563008,698947.845984256,pca
3283.119679633528,21.363564544,165.323563008,698947.845984256,pca
3283.62153705582,21.363564544,165.322018816,698947.845984256,pca
3284.1228813845664,21.363564544,165.321826304,698947.262726144,pca
3284.624829478562,21.363564544,165.315887104,698947.262726144,pca
3285.127414278686,21.363564544,165.315887104,698947.262726144,pca
3285.6284300293773,21.363564544,165.31396608,698947.262726144,pca
3286.1301881968975,21.363564544,165.313409024,698947.275718656,pca
3286.631351960823,21.363564544,165.307305984,698947.275718656,pca
3287.133013630286,21.363564544,165.31621888,698947.275718656,pca
3287.634759755805,21.363564544,165.323431936,698947.275718656,pca
3288.135463429615,21.363564544,165.323464704,698947.275718656,pca
3288.6363164093345,21.363564544,165.32140032,698947.275718656,pca
3289.1372021306306,21.363564544,165.32129792,698947.275718656,pca
3289.637888142839,21.363564544,165.314760704,698947.275718656,pca
3290.1389419324696,21.363564544,165.3146624,698987.223048192,pca
3290.641310090199,21.363564544,165.312745472,698987.223048192,pca
3291.142773749307,21.363564544,165.312872448,698987.223048192,pca
3291.643495997414,21.363564544,165.306150912,698987.223048192,pca
3292.144143635407,21.363564544,165.316046848,698987.223048192,pca
3292.647226965055,21.363564544,165.326884864,698987.223048192,pca
3293.1484760567546,21.363564544,165.326655488,698987.223048192,pca
3293.6493128091097,21.363564544,165.32056064,698987.223048192,pca
3294.149862891063,21.363564544,165.320036352,698994.634051584,pca
3294.6511448528618,21.363564544,165.31638272,698994.634051584,pca
3295.152659786865,21.363564544,165.31638272,698994.634051584,pca
3295.654451996088,21.363564544,165.31228672,698994.634051584,pca
3296.1555775161833,21.363564544,165.312155648,698995.816206336,pca
3296.6569863781333,21.363564544,165.308162048,698995.816206336,pca
3297.1579061131924,21.363564544,165.317074944,698995.816206336,pca
3297.6596686225384,21.363564544,165.326290944,698995.816206336,pca
3298.160920104012,21.363564544,165.326278656,698995.816206336,pca
3298.6629291232675,21.363564544,165.322461184,698995.816206336,pca
3299.1635066550225,21.363564544,165.322461184,698995.816206336,pca
3299.664272349328,21.363564544,165.3183488,698995.816206336,pca
3300.1660463251173,21.363564544,165.3183488,698994.93572608,pca
3300.667491523549,21.363564544,165.3144576,698994.93572608,pca
3301.1680388078094,21.363564544,165.3144576,698994.93572608,pca
3301.669356064871,21.363564544,165.307723776,698994.93572608,pca
3302.1711198519915,21.363564544,165.316636672,698994.93572608,pca
3302.6730683054775,21.363564544,165.315977216,698994.93572608,pca
3303.1737504415214,21.363564544,165.326856192,698994.93572608,pca
3303.6751790773124,21.363564544,165.320380416,698994.93572608,pca
3304.177323959768,21.363564544,165.320380416,698994.799542272,pca
3304.6793712880462,21.363564544,165.3183488,698994.799542272,pca
3305.181178111583,21.363564544,165.318217728,698994.799542272,pca
3305.682503020391,21.363564544,165.31193856,698994.799542272,pca
3306.18425745517,21.363564544,165.31193856,698994.466463744,pca
3306.685282316059,21.363564544,165.309743104,698994.466463744,pca
3307.1870107352734,21.363564544,165.319213056,698994.466463744,pca
3307.6879162043333,21.363564544,165.324546048,698994.466463744,pca
3308.189688621089,21.363564544,165.324546048,698994.466463744,pca
3308.691183881834,21.363564544,165.320372224,698994.466463744,pca
3309.192962501198,21.363564544,165.319847936,698994.466463744,pca
3309.6935459841043,21.363564544,165.318144,698994.466463744,pca
3310.1942948400974,21.363564544,165.318172672,698993.380384768,pca
3310.6950764767826,21.363564544,165.313007616,698993.380384768,pca
3311.1958185769618,21.363564544,165.311926272,698993.380384768,pca
3311.6970309782773,21.363564544,165.310582784,698993.380384768,pca
3312.1981667242944,21.363564544,165.319512064,698993.380384768,pca
3312.7118148151785,21.363564544,165.313368064,698993.380384768,pca
3313.212704213336,21.363564544,165.312843776,698993.380384768,pca
3313.7139635849744,21.363564544,165.324996608,698993.380384768,pca
3314.215417744592,21.363564544,165.324996608,698992.29472768,pca
3314.7174036372453,21.363564544,165.318668288,698992.29472768,pca
3315.217985332012,21.363564544,165.318668288,698992.29472768,pca
3315.7189759612083,21.363564544,165.314838528,698992.29472768,pca
3316.220826264471,21.363564544,165.314707456,698992.040054784,pca
3316.722595380619,21.363564544,165.310857216,698992.040054784,pca
3317.2235906179994,21.363564544,165.319245824,698992.040054784,pca
3317.7242598924786,21.363564544,165.3159936,698992.040054784,pca
3318.226384408772,21.363564544,165.326905344,698992.040054784,pca
3318.729002101347,21.363564544,165.32301824,698992.040054784,pca
3319.230889292434,21.363564544,165.323145216,698992.040054784,pca
3319.7334787566215,21.363564544,165.319254016,698992.040054784,pca
3320.2354641053826,21.363564544,165.319254016,698993.269030912,pca
3320.7366562839597,21.363564544,165.31591168,698993.269030912,pca
3321.2384503893554,21.363564544,165.31591168,698993.269030912,pca
3321.7404810748994,21.363564544,165.313818624,698993.269030912,pca
3322.2420087233186,21.363564544,165.313818624,698993.269030912,pca
3322.7434961907566,21.363564544,165.317566464,698993.269030912,pca
3323.244400177151,21.363564544,165.317566464,698993.269030912,pca
3323.745907343924,21.363564544,165.315485696,698993.269030912,pca
3324.247216988355,21.363564544,165.328719872,698994.023104512,pca
3324.7483689766377,21.363564544,165.325103104,698994.023104512,pca
3325.2501189950854,21.363564544,165.325103104,698994.023104512,pca
3325.7522971685976,21.363564544,165.320810496,698994.023104512,pca
3326.254523832351,21.363564544,165.320810496,698993.882292224,pca
3326.756892664358,21.363564544,165.316890624,698993.882292224,pca
3327.2580625284463,21.363564544,165.322182656,698993.882292224,pca
3327.7589159365743,21.363564544,165.328175104,698993.882292224,pca
3328.261098107323,21.363564544,165.328175104,698993.882292224,pca
3328.763781884685,21.363564544,165.324177408,698993.882292224,pca
3329.265114692971,21.363564544,165.324177408,698993.882292224,pca
3329.7666515260935,21.363564544,165.318434816,698993.882292224,pca
3330.268489200622,21.363564544,165.31841024,698993.24184576,pca
3330.769737577066,21.363564544,165.31675136,698993.24184576,pca
3331.2706160135567,21.363564544,165.316358144,698993.24184576,pca
3331.7713869083673,21.363564544,165.31058688,698993.24184576,pca
3332.272789437324,21.363564544,165.318516736,698993.24184576,pca
3332.77430886589,21.363564544,165.31718144,698993.24184576,pca
3333.275523595512,21.363564544,165.328060416,698993.24184576,pca
3333.7767485734075,21.363564544,165.322088448,698993.24184576,pca
3334.277423201129,21.363564544,165.322088448,698992.789311488,pca
3334.7784667331725,21.363564544,165.322047488,698992.789311488,pca
3335.2789955679327,21.363564544,165.321785344,698992.789311488,pca
3335.7801304925233,21.363564544,165.31625984,698992.789311488,pca
3336.2814993094653,21.363564544,165.31625984,698992.631246848,pca
3336.782513707876,21.363564544,165.31509248,698992.631246848,pca
3337.283540185541,21.363564544,165.317779456,698992.631246848,pca
3337.784783253446,21.363564544,165.317779456,698992.631246848,pca
3338.2860607709736,21.363564544,165.3303296,698992.631246848,pca
3338.786954296753,21.363564544,165.32422656,698992.631246848,pca
3339.288001133129,21.363572736,165.323706368,698992.631246848,pca
3339.789103657007,21.363572736,165.320011776,698992.631246848,pca
3340.2900172807276,21.363572736,165.320011776,698992.761208832,pca
3340.7910795081407,21.363572736,165.315919872,698992.761208832,pca
3341.2918876819313,21.363572736,165.315919872,698992.761208832,pca
3341.792478432879,21.363572736,165.313953792,698992.761208832,pca
3342.2931115012616,21.363572736,165.322768384,698992.761208832,pca
3342.794207641855,21.363572736,165.316673536,698992.761208832,pca
3343.295093405992,21.363572736,165.316673536,698992.761208832,pca
3343.7959866393358,21.363572736,165.323911168,698992.761208832,pca
3344.2968068011105,21.363572736,165.323911168,698991.885144064,pca
3344.7983590327203,21.363572736,165.32078592,698991.885144064,pca
3345.299342999235,21.363572736,165.32013056,698991.885144064,pca
3345.80069995299,21.363572736,165.317906432,698991.885144064,pca
3346.3016860745847,21.363572736,165.317906432,698991.512850432,pca
3346.8039837367833,21.363572736,165.314207744,698991.512850432,pca
3347.3056649509817,21.363572736,165.320515584,698991.512850432,pca
3347.807124676183,21.363572736,165.316902912,698991.512850432,pca
3348.3085362426937,21.363572736,165.327355904,698991.512850432,pca
3348.8096073940396,21.363572736,165.32383744,698991.512850432,pca
3349.310576673597,21.363572736,165.32383744,698991.512850432,pca
3349.8115205839276,21.363572736,165.31959808,698991.512850432,pca
3350.312280356884,21.363572736,165.319499776,698990.1732864,pca
3350.813456196338,21.363572736,165.313138688,698990.1732864,pca
3351.314984465018,21.363572736,165.313138688,698990.1732864,pca
3351.8167042136192,21.363572736,165.311401984,698990.1732864,pca
3352.317985964939,21.363572736,165.32021248,698990.1732864,pca
3352.819512885064,21.363572736,165.315756032,698990.1732864,pca
3353.320534599945,21.363572736,165.315231744,698990.1732864,pca
3353.821821819991,21.363572736,165.313564672,698990.1732864,pca
3354.3230698201805,21.363572736,165.32621312,698988.966674432,pca
3354.824885006994,21.363572736,165.320536064,698988.966674432,pca
3355.326971223578,21.363572736,165.320536064,698988.966674432,pca
3355.827646739781,21.363572736,165.319811072,698988.966674432,pca
3356.3293063379824,21.363572736,165.319811072,698988.966674432,pca
3356.830467103049,21.363572736,165.316190208,698988.966674432,pca
3357.3326147887856,21.363572736,165.322514432,698988.966674432,pca
3357.8339182455093,21.363572736,165.317332992,698988.966674432,pca
3358.3356818407774,21.363572736,165.317332992,698988.966674432,pca
3358.838983980939,21.363572736,165.32670464,698988.966674432,pca
3359.33989238739,21.363572736,165.32670464,698988.966674432,pca
3359.841530520469,21.363572736,165.320626176,698988.966674432,pca
3360.3432927895337,21.363572736,165.320626176,698988.61533184,pca
3360.844810783863,21.363572736,165.318873088,698988.61533184,pca
3361.3464198280126,21.363572736,165.318873088,698988.61533184,pca
3361.84773754701,21.363572736,165.312712704,698988.61533184,pca
3362.348661530763,21.363572736,165.320609792,698988.61533184,pca
3362.849199857563,21.363572736,165.327724544,698988.61533184,pca
3363.3507822975516,21.363572736,165.327724544,698988.61533184,pca
3363.8527454864234,21.363572736,165.321965568,698988.61533184,pca
3364.354822272435,21.363572736,165.321965568,698988.61533184,pca
3364.8569610640407,21.363572736,165.31787776,698988.61533184,pca
3365.3586660064757,21.363572736,165.317349376,698988.61533184,pca
3365.85985022597,21.363572736,165.31386368,698988.150546432,pca
3366.3607038054615,21.363572736,165.31386368,698988.150546432,pca
3366.8622168451548,21.363572736,165.310795776,698988.150546432,pca
3367.363132769242,21.363572736,165.318168576,698988.150546432,pca
3367.864796264097,21.363572736,165.315018752,698988.150546432,pca
3368.3667004443705,21.363572736,165.32758528,698988.150546432,pca
3368.867982281372,21.363572736,165.323988992,698988.150546432,pca
3369.369746249169,21.363572736,165.323431936,698988.150546432,pca
3369.8703539650887,21.363572736,165.319565312,698986.4989696,pca
3370.3723008930683,21.363572736,165.319565312,698986.4989696,pca
3370.8743874542415,21.363572736,165.315670016,698986.4989696,pca
3371.3758708108217,21.363572736,165.315670016,698986.4989696,pca
3371.876668835059,21.363572736,165.313462272,698986.4989696,pca
3372.377390092239,21.363572736,165.322407936,698986.4989696,pca
3372.8780650328845,21.363572736,165.317251072,698986.4989696,pca
3373.378563946113,21.363572736,165.32760576,698986.4989696,pca
3373.879597056657,21.363572736,165.324546048,698986.4989696,pca
3374.3807108439505,21.363572736,165.324546048,698986.4989696,pca
3374.8825480844826,21.363572736,165.320204288,698986.4989696,pca
3375.3836482167244,21.363572736,165.31968,698986.4989696,pca
3375.8841536417603,21.363572736,165.319135232,698986.218082304,pca
3376.386137124151,21.363572736,165.314330624,698986.218082304,pca
3376.887096375227,21.363572736,165.31408896,698986.218082304,pca
3377.3889747411013,21.363572736,165.320937472,698986.218082304,pca
3377.8911090008914,21.363572736,165.317353472,698986.218082304,pca
3378.392772598192,21.363572736,165.3284864,698986.218082304,pca
3378.893601791933,21.363572736,165.324509184,698986.218082304,pca
3379.394358130172,21.363572736,165.324509184,698986.218082304,pca
3379.8959861975163,21.363572736,165.319745536,698985.724534784,pca
3380.3966975566,21.363572736,165.319614464,698985.724534784,pca
3380.897716589272,21.363572736,165.319614464,698985.724534784,pca
3381.400349875912,21.363572736,165.318565888,698985.724534784,pca
3381.9016993883997,21.363572736,165.315375104,698985.724534784,pca
3382.4032844640315,21.363572736,165.319819264,698985.724534784,pca
3382.9047297798097,21.363572736,165.319262208,698985.724534784,pca
3383.406586572528,21.363572736,165.31873792,698985.724534784,pca
3383.90828133747,21.363572736,165.326430208,698985.724534784,pca
3384.409704660997,21.363572736,165.326430208,698985.724534784,pca
3384.9105643443763,21.363572736,165.320474624,698985.724534784,pca
3385.411723660305,21.363572736,165.320474624,698985.724534784,pca
3385.913097500801,21.363572736,165.319032832,698984.0431104,pca
3386.415184473619,21.363572736,165.319032832,698984.0431104,pca
3386.916673064232,21.363572736,165.313814528,698984.0431104,pca
3387.417976345867,21.363572736,165.320630272,698984.0431104,pca
3387.920334968716,21.363572736,165.317414912,698984.0431104,pca
3388.4229869768023,21.363572736,165.317414912,698984.0431104,pca
3388.9242024086416,21.363572736,165.326753792,698984.0431104,pca
3389.4253885000944,21.363572736,165.326196736,698984.0431104,pca
3389.927854882553,21.363572736,165.320441856,698983.575097344,pca
3390.4306042362005,21.363572736,165.320441856,698983.575097344,pca
3390.932024380192,21.363572736,165.318803456,698983.575097344,pca
3391.434018820524,21.363572736,165.318803456,698983.575097344,pca
3391.935839444399,21.363572736,165.312421888,698983.575097344,pca
3392.438199736178,21.363572736,165.320843264,698983.575097344,pca
3392.939880616963,21.363572736,165.319827456,698983.575097344,pca
3393.4420852866024,21.363572736,165.319827456,698983.575097344,pca
3393.9445154014975,21.363572736,165.313388544,698983.575097344,pca
3394.452437961474,21.363572736,165.325447168,698983.575097344,pca
3394.9546805918217,21.363572736,165.322940416,698983.575097344,pca
3395.4565959870815,21.363572736,165.322416128,698983.575097344,pca
3395.9580975640565,21.363572736,165.318705152,698983.760183296,pca
3396.4597566928715,21.363572736,165.325029376,698983.760183296,pca
3396.960640799254,21.363572736,165.321547776,698983.760183296,pca
3397.4614759795368,21.363572736,165.327314944,698983.760183296,pca
3397.962807679549,21.363572736,165.326237696,698983.760183296,pca
3398.464672451839,21.363572736,165.322231808,698983.760183296,pca
3398.966107506305,21.363572736,165.320036352,698983.760183296,pca
3399.4668704867363,21.363572736,165.319151616,698983.760183296,pca
3399.967888208106,21.363572736,165.314961408,698982.910717952,pca
3400.4694551881403,21.363572736,165.314961408,698982.910717952,pca
3400.971111230552,21.363572736,165.313388544,698982.910717952,pca
3401.472481643781,21.363572736,165.322235904,698982.910717952,pca
3401.9733394533396,21.363572736,165.326385152,698982.910717952,pca
3402.474347040057,21.363572736,165.325303808,698982.910717952,pca
3402.975318847224,21.363572736,165.32461568,698982.910717952,pca
3403.476308880374,21.363572736,165.320675328,698982.910717952,pca
3403.977054864168,21.363572736,165.32015104,698983.749799936,pca
3404.4780569151044,21.363572736,165.318709248,698983.749799936,pca
3404.979724224657,21.363572736,165.31521536,698983.749799936,pca
3405.481305876747,21.363572736,165.31341312,698983.749799936,pca
3405.98192653805,21.363572736,165.311668224,698983.55355648,pca
3406.4836786724627,21.363572736,165.317926912,698983.55355648,pca
3406.9849740192294,21.363572736,165.32813824,698983.55355648,pca
3407.4874940831214,21.363572736,165.327581184,698983.55355648,pca
3407.9887445420027,21.363572736,165.324320768,698983.55355648,pca
3408.489600846544,21.363572736,165.32396032,698983.55355648,pca
3408.9910347759724,21.363572736,165.320146944,698983.55355648,pca
3409.4931545369327,21.363572736,165.3190656,698983.55355648,pca
3409.9950588624924,21.363572736,165.315842048,698981.899616256,pca
3410.49600145407,21.363572736,165.3146624,698981.899616256,pca
3410.9976309854537,21.363572736,165.30962432,698981.899616256,pca
3411.5001044850796,21.363572736,165.319061504,698981.899616256,pca
3412.0026706159115,21.363572736,165.317718016,698981.899616256,pca
3412.507038038224,21.363572736,165.32727808,698981.899616256,pca
3413.008670825511,21.363572736,165.322678272,698981.899616256,pca
3413.510473208502,21.363572736,165.322153984,698981.899616256,pca
3414.011471161619,21.363572736,165.321039872,698982.019264512,pca
3414.513397537172,21.363572736,165.320515584,698982.019264512,pca
3415.0150068365037,21.363572736,165.317328896,698982.019264512,pca
3415.5167872421443,21.363572736,165.317230592,698982.019264512,pca
3416.0186246279627,21.363572736,165.314289664,698981.936095232,pca
3416.519864657894,21.363572736,165.320515584,698981.936095232,pca
3417.0208770893514,21.363572736,165.328699392,698981.936095232,pca
3417.5216868408024,21.363572736,165.326000128,698981.936095232,pca
3418.0233659166843,21.363572736,165.322190848,698981.936095232,pca
3418.525388965383,21.363572736,165.32166656,698981.936095232,pca
3419.0264134388417,21.363572736,165.320159232,698981.936095232,pca
3419.528054021299,21.363572736,165.318979584,698981.936095232,pca
3420.0297499690205,21.363572736,165.313687552,698981.385396224,pca
3420.5306224562228,21.363572736,165.312770048,698981.385396224,pca
3421.0320373978466,21.363572736,165.311492096,698981.385396224,pca
3421.5343203041703,21.363572736,165.319704576,698981.385396224,pca
3422.036663113162,21.363572736,165.315403776,698981.385396224,pca
3422.5444615334272,21.363572736,165.32762624,698981.385396224,pca
3423.046788044274,21.363572736,165.326671872,698981.385396224,pca
3423.54815287143,21.363572736,165.325295616,698981.385396224,pca
3424.049909407273,21.363572736,165.320323072,698981.410480128,pca
3424.550901353359,21.363572736,165.318488064,698981.410480128,pca
3425.051976457238,21.363572736,165.317873664,698981.410480128,pca
3425.5526565276086,21.363572736,165.315907584,698981.410480128,pca
3426.0540175773203,21.363572736,165.315776512,698981.339111424,pca
3426.556197144091,21.363572736,165.317382144,698981.339111424,pca
3427.0579427238554,21.363572736,165.317414912,698981.339111424,pca
3427.5586709193885,21.363572736,165.315416064,698981.339111424,pca
3428.059518672526,21.363572736,165.326426112,698981.339111424,pca
3428.560810238123,21.363572736,165.320462336,698981.339111424,pca
3429.062302660197,21.363572736,165.319872512,698981.339111424,pca
3429.5631068758667,21.363572736,165.31787776,698981.339111424,pca
3430.06445418112,21.363572736,165.317844992,698980.416458752,pca
3430.565670784563,21.363572736,165.311287296,698980.416458752,pca
3431.0669171102345,21.363572736,165.311188992,698980.416458752,pca
3431.5681485049427,21.363572736,165.31757056,698980.416458752,pca
3432.0706122480333,21.363572736,165.317472256,698980.416458752,pca
3432.573975319043,21.363572736,165.32484096,698980.416458752,pca
3433.075996303931,21.363572736,165.324447744,698980.416458752,pca
3433.57771127671,21.363572736,165.32168704,698980.416458752,pca
3434.07986513339,21.363572736,165.32086784,698978.999709696,pca
3434.5819604843855,21.363572736,165.316788224,698978.999709696,pca
3435.0833995696157,21.363572736,165.316820992,698978.999709696,pca
3435.5848510880023,21.363572736,165.312671744,698978.999709696,pca
3436.0855472367257,21.363572736,165.31257344,698978.2449152,pca
3436.5868810433894,21.363572736,165.317947392,698978.2449152,pca
3437.0886226091534,21.363572736,165.328474112,698978.2449152,pca
3437.589672723785,21.363572736,165.32719616,698978.2449152,pca
3438.090779528022,21.363572736,165.323911168,698978.2449152,pca
3438.5916615817696,21.363572736,165.321945088,698978.2449152,pca
3439.0927396565676,21.363572736,165.321945088,698978.2449152,pca
3439.5952891092747,21.363572736,165.318742016,698978.2449152,pca
3440.096350032836,21.363572736,165.315485696,698978.27715072,pca
3440.5975920986384,21.363572736,165.311442944,698978.27715072,pca
3441.0986982248724,21.363572736,165.311442944,698978.27715072,pca
3441.600839236751,21.363572736,165.317492736,698978.27715072,pca
3442.101486172527,21.363572736,165.328560128,698978.27715072,pca
3442.6023814249784,21.363572736,165.326204928,698978.27715072,pca
3443.1035023014992,21.363572736,165.325647872,698978.27715072,pca
3443.6056541651487,21.363572736,165.32195328,698978.27715072,pca
3444.1065351646394,21.363572736,165.32195328,698978.801324032,pca
3444.608811825514,21.363572736,165.324414976,698978.801324032,pca
3445.109342960641,21.363572736,165.323890688,698978.801324032,pca
3445.6099525541067,21.363572736,165.320036352,698978.801324032,pca
3446.111004024744,21.363572736,165.320036352,698978.898505728,pca
3446.613280599937,21.363572736,165.324259328,698978.898505728,pca
3447.1140081677586,21.363572736,165.324259328,698978.898505728,pca
3447.615470957011,21.363572736,165.3177344,698978.898505728,pca
3448.1165117081255,21.363572736,165.3177344,698978.898505728,pca
3448.6186141446233,21.363572736,165.316030464,698978.898505728,pca
3449.1204442884773,21.363572736,165.324353536,698978.898505728,pca
3449.6215591784567,21.363572736,165.320474624,698978.898505728,pca
3450.1223549898714,21.363572736,165.320474624,698977.958117376,pca
3450.623081188649,21.363572736,165.3163008,698977.958117376,pca
3451.1238349713385,21.363572736,165.3163008,698977.958117376,pca
3451.6243853494525,21.363572736,165.321961472,698977.958117376,pca
3452.125522861257,21.363572736,165.321961472,698977.958117376,pca
3452.627150360495,21.363572736,165.3185536,698977.958117376,pca
3453.1282646246254,21.363572736,165.3185536,698977.958117376,pca
3453.629967402667,21.363572736,165.314052096,698977.958117376,pca
3454.130736408755,21.363572736,165.314084864,698978.155634688,pca
3454.6349438074976,21.363572736,165.3209088,698978.155634688,pca
3455.136087393388,21.363572736,165.3209088,698978.155634688,pca
3455.6377352774143,21.363572736,165.319041024,698978.155634688,pca
3456.138516820967,21.363572736,165.318975488,698978.252234752,pca
3456.6398366615176,21.363572736,165.32178944,698978.252234752,pca
3457.140627000481,21.363572736,165.32178944,698978.252234752,pca
3457.6415603645146,21.363572736,165.320052736,698978.252234752,pca
3458.1421349365264,21.363572736,165.320085504,698978.252234752,pca
3458.644321186468,21.363572736,165.313343488,698978.252234752,pca
3459.1459459401667,21.363572736,165.313343488,698978.252234752,pca
3459.648318460211,21.363572736,165.311279104,698978.252234752,pca
3460.149414068088,21.363572736,165.322289152,698978.227408896,pca
3460.650830708444,21.363572736,165.321076736,698978.227408896,pca
3461.1515349131078,21.363572736,165.321076736,698978.227408896,pca
3461.65246986039,21.363572736,165.32391936,698978.227408896,pca
3462.153345644474,21.363572736,165.32391936,698978.227408896,pca
3462.654787676409,21.363572736,165.317480448,698978.227408896,pca
3463.1553403493017,21.363572736,165.317349376,698978.227408896,pca
3463.657045584172,21.363572736,165.313359872,698978.227408896,pca
3464.1588468495756,21.363572736,165.313359872,698977.047687168,pca
3464.660622213036,21.363572736,165.3202944,698977.047687168,pca
3465.16250224784,21.363572736,165.3202944,698977.047687168,pca
3465.66427260451,21.363572736,165.315969024,698977.047687168,pca
3466.165974739939,21.363572736,165.31587072,698976.656695296,pca
3466.6673744972795,21.363572736,165.32406272,698976.656695296,pca
3467.168776229024,21.363572736,165.32406272,698976.656695296,pca
3467.6702832933515,21.363572736,165.317947392,698976.656695296,pca
3468.1720544528216,21.363572736,165.317423104,698976.656695296,pca
3468.673438422382,21.363572736,165.314093056,698976.656695296,pca
3469.175536060706,21.363572736,165.314093056,698976.656695296,pca
3469.6775511521846,21.363572736,165.310046208,698976.656695296,pca
3470.1781913172454,21.363572736,165.32262912,698977.39370496,pca
3470.680063445121,21.363572736,165.319979008,698977.39370496,pca
3471.1805649567395,21.363572736,165.31945472,698977.39370496,pca
3471.682509785518,21.363572736,165.3238784,698977.39370496,pca
3472.183997835964,21.363572736,165.3238784,698977.39370496,pca
3472.6854236908257,21.363572736,165.320032256,698977.39370496,pca
3473.1868131700903,21.363572736,165.319933952,698977.39370496,pca
3473.6877366583794,21.363572736,165.315653632,698977.39370496,pca
3474.1894880440086,21.363572736,165.315653632,698977.297887232,pca
3474.690267007798,21.363572736,165.314080768,698977.297887232,pca
3475.1910270527005,21.363572736,165.321392128,698977.297887232,pca
3475.6924461759627,21.363572736,165.321392128,698977.297887232,pca
3476.1941253840923,21.363572736,165.320278016,698976.527618048,pca
3476.695970280096,21.363572736,165.326913536,698976.527618048,pca
3477.1975192595273,21.363572736,165.323259904,698976.527618048,pca
3477.6994762886316,21.363572736,165.323128832,698976.527618048,pca
3478.2000705972314,21.363572736,165.322604544,698976.527618048,pca
3478.7020695731044,21.363572736,165.315555328,698976.527618048,pca
3479.203502284363,21.363572736,165.315424256,698976.527618048,pca
3479.704897588119,21.363572736,165.3106688,698976.527618048,pca
3480.2056810166687,21.363572736,165.310570496,698975.430303744,pca
3480.7098794542253,21.363572736,165.321129984,698975.430303744,pca
3481.212295971811,21.363572736,165.320605696,698975.430303744,pca
3481.713457381353,21.363572736,165.326536704,698975.430303744,pca
3482.2141546346247,21.363572736,165.326536704,698975.430303744,pca
3482.7157929837704,21.363572736,165.320065024,698975.430303744,pca
3483.216496074572,21.363572736,165.319540736,698975.430303744,pca
3483.7171184122562,21.363572736,165.318131712,698975.430303744,pca
3484.217993143946,21.363572736,165.317607424,698974.8557824,pca
3484.71880328469,21.363572736,165.31181568,698974.8557824,pca
3485.2193758878857,21.363572736,165.31181568,698974.8557824,pca
3485.7198818605393,21.363572736,165.310210048,698974.8557824,pca
3486.2210534252226,21.363572736,165.321220096,698974.697652224,pca
3486.7230016496032,21.363572736,165.32447232,698974.697652224,pca
3487.223783105612,21.363572736,165.32447232,698974.697652224,pca
3487.7246452774853,21.363572736,165.322735616,698974.697652224,pca
3488.225400989875,21.363572736,165.322145792,698974.697652224,pca
3488.726521698758,21.363572736,165.316468736,698974.697652224,pca
3489.2272795345634,21.363572736,165.316468736,698974.697652224,pca
3489.7287381254137,21.363572736,165.31275776,698974.697652224,pca
3490.229350846261,21.363572736,165.31275776,698974.390022144,pca
3490.732742233202,21.363572736,165.319593984,698974.390022144,pca
3491.2338226567954,21.363572736,165.319593984,698974.390022144,pca
3491.7346297930926,21.363572736,165.324201984,698974.390022144,pca
3492.235482480377,21.363572736,165.324201984,698974.390022144,pca
3492.7367860320956,21.363572736,165.319999488,698974.390022144,pca
3493.2383348774165,21.363572736,165.319999488,698974.390022144,pca
3493.7399791833013,21.363572736,165.315694592,698974.390022144,pca
3494.240533908829,21.363572736,165.315170304,698973.864787968,pca
3494.7417199611664,21.363572736,165.313646592,698973.864787968,pca
3495.2442797012627,21.363572736,165.313646592,698973.864787968,pca
3495.7464086934924,21.363572736,165.307232256,698973.864787968,pca
3496.248047888279,21.363572736,165.307232256,698973.73411328,pca
3496.7521107327193,21.363572736,165.326200832,698973.73411328,pca
3497.2538546063006,21.363572736,165.326200832,698973.73411328,pca
3497.755971061066,21.363572736,165.322162176,698973.73411328,pca
3498.2574080489576,21.363572736,165.322063872,698973.73411328,pca
3498.7589335050434,21.363572736,165.319114752,698973.73411328,pca
3499.2603776361793,21.363572736,165.31857408,698973.73411328,pca
3499.760923180729,21.363572736,165.314748416,698973.73411328,pca
3500.2619154453278,21.363572736,165.314224128,698973.845778432,pca
3500.768126381561,21.363572736,165.321576448,698973.845778432,pca
3501.268891002983,21.363572736,165.321019392,698973.845778432,pca
3501.770572796464,21.363572736,165.323841536,698973.845778432,pca
3502.2730896510184,21.363572736,165.323841536,698973.845778432,pca
3502.7758923582733,21.363572736,165.32262912,698973.845778432,pca
3503.277346653864,21.363572736,165.322088448,698973.845778432,pca
3503.7788099516183,21.363572736,165.31625984,698973.845778432,pca
3504.2794770319015,21.363572736,165.31625984,698973.622444032,pca
3504.78083448112,21.363572736,165.315211264,698973.622444032,pca
3505.2818909604102,21.363572736,165.313835008,698973.622444032,pca
3505.78274275735,21.363572736,165.324320768,698973.622444032,pca
3506.283419782296,21.363572736,165.32379648,698973.65848064,pca
3506.7841030750424,21.363572736,165.325889536,698973.65848064,pca
3507.2854905724525,21.363572736,165.325643776,698973.65848064,pca
3507.7863082718104,21.363572736,165.323722752,698973.65848064,pca
3508.287380360067,21.363572736,165.322743808,698973.65848064,pca
3508.7890749368817,21.363572736,165.322481664,698973.65848064,pca
3509.290584165603,21.363572736,165.321957376,698973.65848064,pca
3509.7916572149843,21.363572736,165.31546112,698973.65848064,pca
3510.2930389866233,21.363572736,165.324111872,698970.69985792,pca
3510.7948102653027,21.363572736,165.317988352,698970.69985792,pca
3511.295903339982,21.363572736,165.317988352,698970.69985792,pca
3511.7974862642586,21.363572736,165.32375552,698970.69985792,pca
3512.2980917114764,21.363572736,165.323493376,698970.69985792,pca
3512.7994642760605,21.363572736,165.31728384,698970.69985792,pca
3513.3004338163882,21.363572736,165.31728384,698970.69985792,pca
3513.801336351782,21.363572736,165.315219456,698970.69985792,pca
3514.3019721992314,21.363572736,165.315219456,698970.453753856,pca
3514.805680513382,21.363572736,165.319938048,698970.453753856,pca
3515.3063236232847,21.363572736,165.319938048,698970.453753856,pca
3515.8079400397837,21.363572736,165.315584,698970.453753856,pca
3516.3105144761503,21.363572736,165.315059712,698970.674806784,pca
3516.812306329608,21.363572736,165.311524864,698970.674806784,pca
3517.3131912443787,21.363572736,165.321486336,698970.674806784,pca
3517.814105439931,21.363572736,165.319180288,698970.674806784,pca
3518.316291188821,21.363572736,165.319180288,698970.674806784,pca
3518.8185576163232,21.363572736,165.317378048,698970.674806784,pca
3519.3203846085817,21.363572736,165.316820992,698970.674806784,pca
3519.82093462348,21.363572736,165.310541824,698970.674806784,pca
3520.3218281921,21.363572736,165.309984768,698971.478134784,pca
3520.8286917693913,21.363572736,165.322141696,698971.478134784,pca
3521.330706031993,21.363572736,165.321617408,698971.478134784,pca
3521.8323522340506,21.363572736,165.31593216,698971.478134784,pca
3522.3341059107333,21.363572736,165.323862016,698971.478134784,pca
3522.8356712535024,21.363572736,165.322379264,698971.478134784,pca
3523.3365459293127,21.363572736,165.322379264,698971.478134784,pca
3523.8370879516006,21.363572736,165.316108288,698971.478134784,pca
3524.3377159163356,21.363572736,165.325021184,698971.20874496,pca
3524.838369484991,21.363572736,165.321043968,698971.20874496,pca
3525.339431155473,21.363572736,165.321043968,698971.20874496,pca
3525.8406362924725,21.363572736,165.317066752,698971.20874496,pca
3526.341620527208,21.363572736,165.31693568,698971.20688128,pca
3526.8424066118896,21.363572736,165.312897024,698971.20688128,pca
3527.34337945655,21.363572736,165.321285632,698971.20688128,pca
3527.8446292784065,21.363572736,165.320433664,698971.20688128,pca
3528.3470611982048,21.363572736,165.320433664,698971.20688128,pca
3528.8494365923107,21.363572736,165.313859584,698971.20688128,pca
3529.351455863565,21.363572736,165.313859584,698971.20688128,pca
3529.8528618309647,21.363572736,165.320761344,698970.880974848,pca
3530.3551229331642,21.363572736,165.320237056,698970.880974848,pca
3530.857087550685,21.363572736,165.316317184,698970.880974848,pca
3531.35864139162,21.363572736,165.315760128,698970.880974848,pca
3531.8602278325707,21.363572736,165.312208896,698970.880974848,pca
3532.3615013640374,21.363572736,165.322170368,698970.880974848,pca
3532.8634981084615,21.363572736,165.318115328,698970.880974848,pca
3533.3651272375137,21.363572736,165.317558272,698970.880974848,pca
3533.867129549384,21.363572736,165.314076672,698970.805161984,pca
3534.3687857054174,21.363572736,165.324529664,698970.805161984,pca
3534.870356520638,21.363572736,165.320790016,698970.805161984,pca
3535.372791318223,21.363572736,165.320790016,698970.805161984,pca
3535.874465800822,21.363572736,165.316677632,698970.366701568,pca
3536.375576186925,21.363572736,165.316677632,698970.366701568,pca
3536.8772045448422,21.363572736,165.311451136,698970.366701568,pca
3537.379540560767,21.363572736,165.31990528,698970.366701568,pca
3537.880715634674,21.363572736,165.317943296,698970.366701568,pca
3538.3818600121886,21.363572736,165.317943296,698970.366701568,pca
3538.882684757933,21.363572736,165.314195456,698970.366701568,pca
3539.383788852021,21.363572736,165.314195456,698970.366701568,pca
3539.885871840641,21.363572736,165.31001344,698969.551720448,pca
3540.3904941529036,21.363572736,165.322432512,698969.551720448,pca
3540.891364885494,21.363572736,165.319049216,698969.551720448,pca
3541.3931137546897,21.363572736,165.319049216,698969.551720448,pca
3541.8944102413952,21.363572736,165.314678784,698969.551720448,pca
3542.3968846369535,21.363572736,165.324115968,698969.551720448,pca
3542.8986484371126,21.363572736,165.32037632,698969.551720448,pca
3543.3995800409466,21.363572736,165.32037632,698969.551720448,pca
3543.9015178959817,21.363572736,165.313572864,698969.26246912,pca
3544.4030457809567,21.363572736,165.313572864,698969.26246912,pca
3544.905054701492,21.363572736,165.31167232,698969.26246912,pca
3545.40561385639,21.363572736,165.322682368,698969.26246912,pca
3545.9062926620245,21.363572736,165.317718016,698969.202167808,pca
3546.4073195643723,21.363572736,165.317718016,698969.202167808,pca
3546.908020487055,21.363572736,165.3156864,698969.202167808,pca
3547.4098470862955,21.363572736,165.324075008,698969.202167808,pca
3547.911913016811,21.363572736,165.317844992,698969.202167808,pca
3548.4127136692405,21.363572736,165.317320704,698969.202167808,pca
3548.9139489121735,21.363572736,165.315600384,698969.202167808,pca
3549.416938520968,21.363572736,165.315043328,698969.202167808,pca
3549.9194363318384,21.363572736,165.32246528,698969.061679104,pca
3550.4227756373584,21.363572736,165.321940992,698969.061679104,pca
3550.9244567230344,21.363572736,165.318193152,698969.061679104,pca
3551.425469664857,21.363572736,165.318193152,698969.061679104,pca
3551.926895948127,21.363572736,165.322899456,698969.07905024,pca
3552.428442986682,21.363572736,165.321981952,698969.07905024,pca
3552.9307330604643,21.363572736,165.316780032,698969.07905024,pca
3553.4331194125116,21.363572736,165.315731456,698969.07905024,pca
3553.9353381171823,21.363572736,165.314686976,698968.592416768,pca
3554.4370518047363,8.058699776,178.790494208,698968.592416768,pca
3554.948924060911,7.881207808,179.213692928,698968.592416768,pca
3555.350267285481,3.453861888,179.213692928,698968.592416768,pca
3555.3621752895415,3.453861888,179.220918272,698968.592416768,neighbors
3555.4497798699886,3.48325888,179.188985856,698968.592416768,neighbors
3555.9503363426775,5.459382272,177.210646528,698966.572171264,neighbors
3556.4512033089995,6.955692032,176.029138944,698966.572171264,neighbors
3556.95238112472,7.417061376,176.023212032,698966.572171264,neighbors
3557.4532156754285,7.876870144,176.022450176,698966.572171264,neighbors
3557.954656396061,8.335699968,176.021561344,698966.572171264,neighbors
3558.455947196111,8.79808512,176.020799488,698966.572171264,neighbors
3558.958208972588,9.25718528,176.015495168,698966.572171264,neighbors
3559.459666987881,9.718165504,176.014352384,698966.572171264,neighbors
3559.961492529139,10.173771776,176.020299776,698971.789651968,neighbors
3560.462621724233,10.629976064,176.019283968,698971.789651968,neighbors
3560.964500712231,11.593220096,175.491334144,698971.789651968,neighbors
3561.4657401759177,11.07001344,176.008466432,698971.789651968,neighbors
3561.9676238242537,11.14742784,175.929982976,698971.789651968,neighbors
3562.468940531835,11.324432384,175.75211008,698971.789651968,neighbors
3562.970462180674,11.333722112,175.742681088,698971.789651968,neighbors
3563.4722935073078,11.439579136,175.636508672,698971.789651968,neighbors
3563.9741624649614,11.453476864,175.618830336,698971.789651968,neighbors
3564.4754335433245,11.706585088,175.364698112,698971.789651968,neighbors
3564.9765144046396,12.596092928,174.485745664,698971.789651968,neighbors
3565.4787655677646,13.448167424,173.632397312,698971.789651968,neighbors
3565.9810209795833,16.068640768,171.003457536,698978.533888,neighbors
3566.482941588387,15.839625216,171.23313664,698978.533888,neighbors
3566.9844959881157,15.3798656,171.691810816,698978.533888,neighbors
3567.4862879049033,16.051621888,171.019935744,698978.533888,neighbors
3567.9881948530674,16.585986048,170.48037376,698978.533888,neighbors
3568.4893035441637,17.194901504,169.869451264,698978.533888,neighbors
3568.9904090519994,17.747263488,169.312731136,698978.533888,neighbors
3569.491874177009,17.847877632,169.21092096,698978.533888,neighbors
3569.993800053373,18.08336896,168.975220736,698978.37611008,neighbors
3570.498211566359,18.13123072,168.940609536,698978.37611008,neighbors
3571.000283708796,19.128479744,167.939739648,698978.37611008,neighbors
3571.5011716280133,20.51637248,166.54946304,698978.37611008,neighbors
3572.0031989254057,21.221564416,165.840969728,698978.37611008,neighbors
3572.5043526776135,21.118058496,165.942513664,698978.37611008,neighbors
3573.0051656682044,21.231955968,165.824557056,698978.37611008,neighbors
3573.5060542803258,21.298335744,165.759504384,698978.37611008,neighbors
3574.007169380784,21.313114112,165.745934336,698978.326687744,neighbors
3574.5083848014474,21.1848192,165.873086464,698978.326687744,neighbors
3575.0092587526888,21.912088576,165.1424256,698978.326687744,neighbors
3575.5101500488818,22.381776896,164.66970624,698978.326687744,neighbors
3576.011221241206,23.622402048,163.439497216,698978.523766784,neighbors
3576.5126745011657,24.49000448,162.569895936,698978.523766784,neighbors
3577.0145911611617,22.929383424,164.127932416,698978.523766784,neighbors
3577.5158197600394,22.582145024,164.47434752,698978.523766784,neighbors
3578.0168169289827,22.741118976,164.314652672,698978.523766784,neighbors
3578.5190245360136,23.95654144,163.097100288,698978.523766784,neighbors
3579.021109553054,24.677613568,162.373107712,698978.523766784,neighbors
3579.522973626852,24.67995648,162.370568192,698978.523766784,neighbors
3580.0250039733946,24.38014976,162.668490752,698978.856157184,neighbors
3580.5293445028365,24.344387584,162.71464448,698978.856157184,neighbors
3581.0307274330407,24.34650112,162.710663168,698978.856157184,neighbors
3581.532788284123,24.41250816,162.644893696,698978.856157184,neighbors
3582.0347830373794,24.415236096,162.64040448,698978.856157184,neighbors
3582.5366764329374,24.370847744,162.68361728,698978.856157184,neighbors
3583.038133300841,24.370966528,162.68142592,698978.856157184,neighbors
3583.540202513337,23.5111424,163.542216704,698978.856157184,neighbors
3584.0422306042165,23.597850624,163.454656512,698978.715111424,neighbors
3584.5433368608356,24.155045888,162.906918912,698978.715111424,neighbors
3585.044160887599,23.86604032,163.192967168,698978.715111424,neighbors
3585.545008853078,23.826219008,163.23239936,698978.715111424,neighbors
3586.0470139104873,23.969746944,163.088969728,698978.825109504,neighbors
3586.548400307074,24.84813824,162.20872704,698978.825109504,neighbors
3587.049179356545,25.407021056,161.645277184,698978.825109504,neighbors
3587.5510720890015,25.411756032,161.640198144,698978.825109504,neighbors
3588.051655188203,25.412562944,161.639432192,698978.825109504,neighbors
3588.5525065287948,25.411821568,161.63753984,698978.825109504,neighbors
3589.054316760972,23.080906752,163.971919872,698978.825109504,neighbors
3589.556361960247,22.130786304,164.922068992,698978.825109504,neighbors
3590.0571967121214,21.750398976,165.314891776,698979.037888512,neighbors
3590.5585491415113,21.666615296,165.395816448,698979.037888512,neighbors
3591.059408057481,21.758603264,165.305069568,698979.037888512,neighbors
3591.5602645073086,21.76868352,165.29135616,698979.037888512,neighbors
3592.0611593052745,22.112616448,164.9468416,698979.037888512,neighbors
3592.5624991208315,21.23911168,165.819785216,698979.037888512,neighbors
3593.0634382888675,21.168603136,165.890842624,698979.037888512,neighbors
3593.5645947009325,21.913870336,165.139079168,698979.037888512,neighbors
3594.0656171888113,21.970300928,165.083475968,698978.955300864,neighbors
3594.5666267611086,20.340969472,166.714589184,698978.955300864,neighbors
3595.0676074810326,20.625256448,166.441480192,698978.955300864,neighbors
3595.5685244929045,20.63448064,166.427901952,698978.955300864,neighbors
3596.069403620437,17.702821888,169.364226048,698978.473193472,neighbors
3596.570534300059,17.952825344,169.114914816,698978.473193472,neighbors
3597.0713758580387,17.536004096,169.53157632,698978.473193472,neighbors
3597.5722855329514,17.95663872,169.106505728,698978.473193472,neighbors
3598.0743222869933,17.800118272,169.263050752,698978.473193472,neighbors
3598.575504872948,17.06586112,169.998204928,698978.473193472,neighbors
3599.0763335488737,15.689101312,171.37659904,698978.473193472,neighbors
3599.5773956887424,15.23351552,171.828375552,698978.473193472,neighbors
3600.0785189885646,12.665901056,174.403239936,698978.589933568,neighbors
3600.583055296913,12.543229952,174.538305536,698978.589933568,neighbors
3601.085104564205,12.841426944,174.238633984,698978.589933568,neighbors
3601.58605674468,12.644749312,174.430314496,698978.589933568,neighbors
3602.0880935210735,12.992385024,174.083264512,698978.589933568,neighbors
3602.589322084561,12.697202688,174.376640512,698978.589933568,neighbors
3603.090155478567,12.385390592,174.686056448,698978.589933568,neighbors
3603.5910878814757,12.4379136,174.633934848,698978.589933568,neighbors
3604.0932278446853,12.291883008,174.778994688,698977.89415424,neighbors
3604.594383612275,12.699865088,174.367875072,698977.89415424,neighbors
3605.095537479967,12.7695872,174.298361856,698977.89415424,neighbors
3605.59653605707,12.809310208,174.271086592,698977.89415424,neighbors
3606.09777774103,14.097145856,172.97997824,698975.980036096,neighbors
3606.6003837864846,16.39497728,170.67317248,698975.980036096,neighbors
3607.1015384681523,17.092214784,169.97470208,698975.980036096,neighbors
3607.6024675946683,17.135005696,169.929129984,698975.980036096,neighbors
3608.1033945214003,17.3666304,169.700585472,698975.980036096,neighbors
3608.6048232670873,17.768173568,169.292562432,698975.980036096,neighbors
3609.106870053336,18.742484992,168.317648896,698975.980036096,neighbors
3609.60768244043,19.511717888,167.55564544,698975.980036096,neighbors
3610.1090555209666,21.986111488,165.076967424,698976.74088448,neighbors
3610.6102087255567,25.507930112,161.543684096,698976.74088448,neighbors
3611.112269423902,26.228170752,160.82081792,698976.74088448,neighbors
3611.613288667053,26.333888512,160.7130112,698976.74088448,neighbors
3612.1143670920283,27.054903296,159.9901696,698976.74088448,neighbors
3612.6155839562416,27.08805632,159.956041728,698976.74088448,neighbors
3613.117617296055,27.09522432,159.949336576,698976.74088448,neighbors
3613.618902584538,27.096846336,159.94525696,698976.74088448,neighbors
3614.1209097411484,27.096846336,159.94525696,698976.724381696,neighbors
3614.6230003610253,27.55702784,159.481409536,698976.724381696,neighbors
3615.1243939250708,28.83629056,158.212841472,698976.724381696,neighbors
3615.626423496753,29.054799872,157.9920384,698976.724381696,neighbors
3616.128499140963,29.366972416,157.680013312,698976.32878592,neighbors
3616.629979144782,29.384466432,157.659369472,698976.32878592,neighbors
3617.131901593879,29.439287296,157.60574464,698976.32878592,neighbors
3617.63340754807,29.4351872,157.60779264,698976.32878592,neighbors
3618.13545890525,29.603844096,157.440151552,698976.32878592,neighbors
3618.6369918249547,30.182309888,156.854448128,698976.32878592,neighbors
3619.139058113098,29.17103616,157.867565056,698976.32878592,neighbors
3619.641083750874,29.0628608,157.976547328,698976.32878592,neighbors
3620.1431439798325,27.546292224,159.495458816,698976.117809152,neighbors
3620.6469338685274,28.014915584,159.035686912,698976.117809152,neighbors
3621.1489451806992,29.273468928,157.774983168,698976.117809152,neighbors
3621.65101727657,29.577719808,157.468188672,698976.117809152,neighbors
3622.152308575809,29.750370304,157.294256128,698976.117809152,neighbors
3622.6545529495925,30.019960832,157.021458432,698976.117809152,neighbors
3623.1563160419464,30.068350976,156.973740032,698976.117809152,neighbors
3623.657881654799,30.074970112,156.965113856,698976.117809152,neighbors
3624.1587872877717,30.074970112,156.965113856,698976.099561472,neighbors
3624.6603661999106,30.074970112,156.9627136,698976.099561472,neighbors
3625.1611855570227,30.076051456,156.973088768,698976.099561472,neighbors
3625.662333568558,30.078308352,156.966793216,698976.099561472,neighbors
3626.1634810604155,30.078390272,156.966412288,698975.855710208,neighbors
3626.6650911401957,29.46256896,157.583089664,698975.855710208,neighbors
3627.1660378575325,28.508155904,158.537740288,698975.855710208,neighbors
3627.667092381045,28.736516096,158.306390016,698975.855710208,neighbors
3628.1680815964937,28.675252224,158.367526912,698975.855710208,neighbors
3628.669395633042,28.51592192,158.526717952,698975.855710208,neighbors
3629.1702657602727,28.591161344,158.45179392,698975.855710208,neighbors
3629.671090506017,28.774600704,158.264283136,698975.855710208,neighbors
3630.172070093453,28.708503552,158.330249216,698976.402505728,neighbors
3630.67676002346,28.667420672,158.384418816,698976.402505728,neighbors
3631.1777200121433,28.645277696,158.406537216,698976.402505728,neighbors
3631.678960967809,26.23899648,160.813182976,698976.402505728,neighbors
3632.1801819838583,26.102951936,160.94887936,698976.402505728,neighbors
3632.681619606912,26.899705856,160.148832256,698976.402505728,neighbors
3633.182793531567,24.836579328,162.215456768,698976.402505728,neighbors
3633.683883478865,25.113608192,161.936474112,698976.402505728,neighbors
3634.184762408957,25.11659008,161.933586432,698976.296275968,neighbors
3634.6879565361887,25.816358912,161.23908096,698976.296275968,neighbors
3635.188745940104,25.666850816,161.389060096,698976.296275968,neighbors
3635.6896176040173,25.817903104,161.237315584,698976.296275968,neighbors
3636.1906380485743,25.677979648,161.37627648,698976.186646528,neighbors
3636.691699096933,22.476849152,164.577939456,698976.186646528,neighbors
3637.192589296028,22.435344384,164.620517376,698976.186646528,neighbors
3637.6937130615115,22.3478784,164.708982784,698976.186646528,neighbors
3638.194735536352,20.737626112,166.322774016,698976.186646528,neighbors
3638.6961573921144,17.328070656,169.73283328,698976.186646528,neighbors
3639.202072184533,14.462029824,172.601290752,698976.186646528,neighbors
3639.703214837238,14.7318784,172.34649088,698976.186646528,neighbors
3640.2040997948498,14.708379648,172.369416192,698976.09271296,neighbors
3640.705486692488,14.853861376,172.219092992,698976.09271296,neighbors
3641.2065567970276,14.972473344,172.102209536,698976.09271296,neighbors
3641.707422837615,13.780185088,173.291175936,698976.09271296,neighbors
3642.208501940593,13.93205248,173.13861632,698976.09271296,neighbors
3642.70957028307,13.215387648,173.853974528,698976.09271296,neighbors
3643.2106703966856,13.1641344,173.903638528,698976.09271296,neighbors
3643.711763009429,13.264449536,173.801795584,698976.09271296,neighbors
3644.213018730283,13.238255616,173.837344768,698976.140353536,neighbors
3644.7146372478455,13.484187648,173.592358912,698976.140353536,neighbors
3645.21575159207,13.818028032,173.258530816,698976.140353536,neighbors
3645.71661536023,13.839306752,173.232726016,698976.140353536,neighbors
3646.217501029372,13.935775744,173.13695744,698975.849480192,neighbors
3646.7185618169606,14.403776512,172.664864768,698975.849480192,neighbors
3647.21942255646,14.429577216,172.639100928,698975.849480192,neighbors
3647.720197716728,14.233915392,172.835069952,698975.849480192,neighbors
3648.220996901393,14.479409152,172.58747904,698975.849480192,neighbors
3648.7224600668997,16.23222272,170.827309056,698975.849480192,neighbors
3649.223562389612,17.72732416,169.329504256,698975.849480192,neighbors
3649.7247537802905,17.679151104,169.378308096,698975.849480192,neighbors
3650.225622214377,17.067839488,170.001600512,698975.626625024,neighbors
3650.7267321441323,18.42540544,168.636878848,698975.626625024,neighbors
3651.227620428428,19.853418496,167.205617664,698975.626625024,neighbors
3651.7285173442215,20.135288832,166.925053952,698975.626625024,neighbors
3652.229638610035,21.25326336,165.797064704,698975.626625024,neighbors
3652.7308564390987,22.561153024,164.491952128,698975.626625024,neighbors
3653.2319705188274,22.838923264,164.214673408,698975.626625024,neighbors
3653.733116209507,22.618832896,164.431532032,698975.626625024,neighbors
3654.2342723999172,23.799308288,163.251154944,698975.7411328,neighbors
3654.7385971602052,25.338310656,161.718571008,698975.7411328,neighbors
3655.2397206369787,26.130190336,160.924831744,698975.7411328,neighbors
3655.7405937630683,26.139406336,160.910774272,698975.7411328,neighbors
3656.2417472861707,26.144620544,160.906391552,698975.241334784,neighbors
3656.7432827372104,25.719345152,161.329815552,698975.241334784,neighbors
3657.2444148771465,26.356477952,160.692219904,698975.241334784,neighbors
3657.7453694399446,26.54375936,160.500404224,698975.241334784,neighbors
3658.2461888287216,26.818670592,160.225845248,698975.241334784,neighbors
3658.747639182955,26.84295168,160.201281536,698975.241334784,neighbors
3659.248807620257,27.19145984,159.860846592,698975.241334784,neighbors
3659.749747188762,28.783669248,158.258982912,698975.241334784,neighbors
3660.2505255211145,30.381125632,156.659822592,698974.664073216,neighbors
3660.751856310293,30.4074752,156.632973312,698974.664073216,neighbors
3661.2526459451765,30.444937216,156.595613696,698974.664073216,neighbors
3661.7538712881505,30.520983552,156.516134912,698974.664073216,neighbors
3662.2548575680703,30.504157184,156.532785152,698974.664073216,neighbors
3662.7563464045525,30.519943168,156.515078144,698974.664073216,neighbors
3663.257226476446,29.506748416,157.529718784,698974.664073216,neighbors
3663.7585386242718,29.688512512,157.356990464,698974.664073216,neighbors
3664.259399048984,29.716103168,157.330681856,698974.270779392,neighbors
3664.7605988644063,29.83079936,157.2139008,698974.270779392,neighbors
3665.261459700763,29.831340032,157.21326592,698974.270779392,neighbors
3665.7627129778266,29.831610368,157.213138944,698974.270779392,neighbors
3666.263554751873,29.561114624,157.483352064,698973.519507456,neighbors
3666.7650391981006,28.732981248,158.308900864,698973.519507456,neighbors
3667.266502847895,28.791717888,158.250565632,698973.519507456,neighbors
3667.767460808158,28.813361152,158.229024768,698973.519507456,neighbors
3668.2685529198498,28.618756096,158.423359488,698973.519507456,neighbors
3668.7700919453055,28.659539968,158.378143744,698973.519507456,neighbors
3669.2715535815805,28.541472768,158.495264768,698973.519507456,neighbors
3669.772937864065,28.637958144,158.410641408,698973.519507456,neighbors
3670.273855600506,29.204226048,157.843324928,698974.461382656,neighbors
3670.7754995878786,29.25299712,157.79291136,698974.461382656,neighbors
3671.276522193104,29.62581504,157.418856448,698974.461382656,neighbors
3671.7778043281287,29.626351616,157.415886848,698974.461382656,neighbors
3672.278804620728,29.631258624,157.418115072,698974.461382656,neighbors
3672.7800075635314,29.633961984,157.414137856,698974.461382656,neighbors
3673.2815792206675,29.258993664,157.789077504,698974.461382656,neighbors
3673.78297973983,29.259264,157.786873856,698974.461382656,neighbors
3674.2845071405172,29.90577664,157.139173376,698974.42250752,neighbors
3674.7858994882554,27.190054912,159.858925568,698974.42250752,neighbors
3675.2875063251704,25.226846208,161.825292288,698974.42250752,neighbors
3675.788382207975,24.707928064,162.342658048,698974.42250752,neighbors
3676.289848929271,24.466378752,162.58414592,698975.132512256,neighbors
3676.7915007807314,24.466378752,162.591141888,698975.132512256,neighbors
3677.292362527922,20.768256,166.296670208,698975.132512256,neighbors
3677.7937066182494,21.187723264,165.87579392,698975.132512256,neighbors
3678.294897204265,19.080921088,167.986905088,698975.132512256,neighbors
3678.7961734887213,19.104710656,167.959724032,698975.132512256,neighbors
3679.2974795680493,18.934059008,168.13162496,698975.132512256,neighbors
3679.799537187442,15.9184896,171.149381632,698975.132512256,neighbors
3680.300995035097,16.606900224,170.460483584,698974.88726016,neighbors
3680.8031109161675,15.965671424,171.10032384,698974.88726016,neighbors
3681.3044770248234,15.534780416,171.531145216,698974.88726016,neighbors
3681.805512253195,15.734157312,171.341217792,698974.88726016,neighbors
3682.3063642159104,15.705505792,171.369373696,698974.88726016,neighbors
3682.807449668646,15.726956544,171.345047552,698974.88726016,neighbors
3683.3086652252823,15.687737344,171.385577472,698974.88726016,neighbors
3683.810079921037,16.221917184,170.84461056,698974.88726016,neighbors
3684.311651704833,16.379088896,170.686775296,698974.937862144,neighbors
3684.8133167922497,15.735689216,170.944950272,698974.937862144,neighbors
3685.3144064471126,15.970476032,171.09868544,698974.937862144,neighbors
3685.8153417035937,15.478710272,171.586781184,698974.937862144,neighbors
3686.3161390200257,15.125008384,171.937390592,698974.89246208,neighbors
3686.8172169867903,15.1422976,171.919785984,698974.89246208,neighbors
3687.3184745013714,15.513366528,171.559849984,698974.89246208,neighbors
3687.8195335678756,15.93223168,171.137560576,698974.89246208,neighbors
3688.320510815829,17.650515968,169.415749632,698974.89246208,neighbors
3688.821691028774,19.540037632,167.522340864,698974.89246208,neighbors
3689.322538888082,20.546584576,166.511788032,698974.89246208,neighbors
3689.8233845513314,20.537204736,166.517141504,698974.89246208,neighbors
3690.3246054314077,19.950743552,167.102980096,698974.714621952,neighbors
3690.8263386730105,21.867773952,165.18152192,698974.714621952,neighbors
3691.327151171863,22.500999168,164.546506752,698974.714621952,neighbors
3691.8284428417683,22.847545344,164.210716672,698974.714621952,neighbors
3692.329440863803,22.949941248,164.108763136,698974.714621952,neighbors
3692.8310765959322,23.426854912,163.627290624,698974.714621952,neighbors
3693.332468194887,23.63465728,163.419295744,698974.714621952,neighbors
3693.833925165236,23.542157312,163.511128064,698974.714621952,neighbors
3694.33473992534,25.543880704,161.505939456,698975.381725184,neighbors
3694.836541911587,25.6351232,161.410154496,698975.381725184,neighbors
3695.338602485135,26.231353344,160.814886912,698975.381725184,neighbors
3695.839547039941,27.095035904,159.948251136,698975.381725184,neighbors
3696.341113269329,27.504541696,159.538704384,698977.03221248,neighbors
3696.843218686059,28.998115328,158.036967424,698977.03221248,neighbors
3697.3453054409474,29.70503168,157.330173952,698977.03221248,neighbors
3697.8467404749244,29.710364672,157.336756224,698977.03221248,neighbors
3698.348099756986,29.763989504,157.283688448,698977.03221248,neighbors
3698.8496939931065,29.739343872,157.304823808,698977.03221248,neighbors
3699.3505490664393,29.760897024,157.283729408,698977.03221248,neighbors
3699.8514854293317,30.727237632,156.310491136,698977.903796224,neighbors
3700.3526547458023,30.804312064,156.234182656,698977.903796224,neighbors
3700.8545248489827,30.80726528,156.228866048,698977.903796224,neighbors
3701.356083948165,30.8104192,156.226134016,698977.903796224,neighbors
3701.8581417165697,30.807535616,156.227485696,698977.903796224,neighbors
3702.363169502467,30.827040768,156.21728256,698977.903796224,neighbors
3702.8641625605524,29.182021632,157.863747584,698977.903796224,neighbors
3703.3662207201123,29.090332672,157.955858432,698977.903796224,neighbors
3703.868145512417,29.16466688,157.879185408,698977.903796224,neighbors
3704.36992485635,29.299204096,157.744652288,698977.903796224,neighbors
3704.871502250433,28.071428096,158.97229312,698977.903796224,neighbors
3705.3723523598164,26.709610496,160.336510976,698977.903796224,neighbors
3705.8743704203516,26.576592896,160.469368832,698977.717956608,neighbors
3706.375386117026,26.938712064,160.105549824,698977.717956608,neighbors
3706.876786585897,27.57625856,159.465750528,698977.717956608,neighbors
3707.378830868751,27.576795136,159.464996864,698977.717956608,neighbors
3707.8808593619615,27.580043264,159.459282944,698977.717956608,neighbors
3708.385058576241,26.652430336,160.402378752,698977.717956608,neighbors
3708.8860213942826,27.499331584,159.552131072,698977.717956608,neighbors
3709.388101428747,28.49030144,158.557667328,698977.717956608,neighbors
3709.8889693953097,28.135120896,158.911778816,698977.731366912,neighbors
3710.3900536689907,26.18456064,160.865857536,698977.731366912,neighbors
3710.890837531537,27.539259392,159.506796544,698977.731366912,neighbors
3711.3916711583734,27.55047424,159.49531136,698977.731366912,neighbors
3711.892333716154,27.573219328,159.472451584,698977.731366912,neighbors
3712.3960083853453,27.573219328,159.483461632,698977.731366912,neighbors
3712.89767502062,27.580440576,159.473577984,698977.731366912,neighbors
3713.3985908087343,27.073671168,159.98134272,698977.731366912,neighbors
3713.8994776681066,27.235360768,159.813300224,698977.731366912,neighbors
3714.400503948331,27.25656576,159.792836608,698977.731366912,neighbors
3714.901317929849,26.93986304,160.109330432,698977.731366912,neighbors
3715.402209436521,26.79468032,160.255602688,698977.731366912,neighbors
3715.903896909207,26.488049664,160.557182976,698978.124271616,neighbors
3716.4050311204046,25.936973824,161.11151104,698978.124271616,neighbors
3716.905893759802,25.799581696,161.256206336,698978.124271616,neighbors
3717.4066010564566,25.310113792,161.744371712,698978.124271616,neighbors
3717.908195953816,25.340465152,161.713549312,698978.124271616,neighbors
3718.4104978051037,26.040160256,161.01189632,698978.124271616,neighbors
3718.9123145844787,23.667617792,163.390124032,698978.124271616,neighbors
3719.4133969973773,23.787409408,163.269255168,698978.124271616,neighbors
3719.9152650013566,20.150091776,166.906376192,698978.641399808,neighbors
3720.4166146386415,16.618070016,170.445488128,698978.641399808,neighbors
3720.917850755155,16.785297408,170.274152448,698978.641399808,neighbors
3721.41990769282,17.050415104,170.010386432,698978.641399808,neighbors
3721.921668568626,16.60557312,170.451562496,698978.597736448,neighbors
3722.4270003121346,16.466362368,170.60417536,698978.597736448,neighbors
3722.9287955965847,16.605937664,170.461212672,698978.597736448,neighbors
3723.430820496753,16.606179328,170.459992064,698978.597736448,neighbors
3723.93195717223,16.777216,170.291314688,698978.597736448,neighbors
3724.434272909537,16.921022464,170.14738944,698978.597736448,neighbors
3724.936344223097,16.14573568,170.918064128,698978.597736448,neighbors
3725.437280545011,16.831668224,170.232672256,698978.597736448,neighbors
3725.9383474010974,17.401442304,169.662705664,698978.805547008,neighbors
3726.439448915422,18.24995328,168.81195008,698978.805547008,neighbors
3726.9405176807195,18.12396032,168.932356096,698978.805547008,neighbors
3727.4416307453066,18.145562624,168.92301312,698978.805547008,neighbors
3727.942422380671,17.951711232,169.1121664,698978.805547008,neighbors
3728.4446581043303,18.594107392,168.472236032,698978.805547008,neighbors
3728.9466253444552,18.921971712,168.140111872,698978.805547008,neighbors
3729.44837410748,18.941403136,168.119967744,698978.805547008,neighbors
3729.9493571650237,18.963300352,168.096456704,698978.34049536,neighbors
3730.4506161939353,18.851721216,168.20772864,698978.34049536,neighbors
3730.9516515489668,19.262001152,167.795892224,698978.34049536,neighbors
3731.4525066372007,19.261362176,167.79538432,698978.34049536,neighbors
3731.954074203968,19.019972608,168.032784384,698978.35505664,neighbors
3732.4585304260254,19.54502656,167.519039488,698978.35505664,neighbors
3732.9600593447685,19.97826048,167.08194304,698978.35505664,neighbors
3733.4621320609003,20.160978944,166.900023296,698978.35505664,neighbors
3733.964215343818,20.40162304,166.657605632,698978.35505664,neighbors
3734.4651773050427,20.841426944,166.216691712,698978.35505664,neighbors
3734.967084828764,21.441847296,165.610852352,698978.35505664,neighbors
3735.4692566823214,21.329874944,165.723144192,698978.35505664,neighbors
3735.9713900238276,21.401325568,165.651959808,698978.158710784,neighbors
3736.472455864772,21.1089408,165.945540608,698978.158710784,neighbors
3736.974283432588,21.863841792,165.184380928,698978.158710784,neighbors
3737.4762977287173,22.098583552,164.947857408,698978.158710784,neighbors
3737.978356877342,22.218919936,164.828901376,698978.158710784,neighbors
3738.4830734375864,22.304321536,164.756987904,698978.158710784,neighbors
3738.984756572172,20.980813824,166.080638976,698978.158710784,neighbors
3739.4858528543264,20.810006528,166.252732416,698978.158710784,neighbors
3739.9873196873814,21.390462976,165.667598336,698978.370220032,neighbors
3740.4885182864964,21.399580672,165.659148288,698978.370220032,neighbors
3740.9897051844746,21.52716288,165.528055808,698978.370220032,neighbors
3741.490820657462,21.248749568,165.807169536,698978.370220032,neighbors
3741.992691088468,21.687148544,165.363335168,698978.370220032,neighbors
3742.4951075222343,22.50297344,164.54582272,698978.370220032,neighbors
3742.9959119018167,23.084388352,163.975503872,698978.370220032,neighbors
3743.4972165562212,24.051478528,163.00750848,698978.370220032,neighbors
3743.999323245138,24.499085312,162.553122816,698978.370220032,neighbors
3744.5006561819464,25.46020352,161.590964224,698978.370220032,neighbors
3745.001468848437,25.591779328,161.459101696,698978.370220032,neighbors
3745.5029214080423,26.108465152,160.941551616,698978.370220032,neighbors
3746.005339164287,25.359286272,161.68769536,698977.903140864,neighbors
3746.5076805967838,25.359355904,161.687822336,698977.903140864,neighbors
3747.0084221698344,25.935179776,161.111814144,698977.903140864,neighbors
3747.5098650138825,23.08292608,163.978702848,698977.903140864,neighbors
3748.011866984889,23.372259328,163.686653952,698977.903140864,neighbors
3748.51296303235,23.997202432,163.059798016,698977.903140864,neighbors
3749.0143612455577,23.732191232,163.324612608,698977.903140864,neighbors
3749.5152166485786,24.380616704,162.675380224,698977.903140864,neighbors
3750.0172767825425,25.587556352,161.462566912,698977.723449344,neighbors
3750.5184941776097,25.032134656,162.017665024,698977.723449344,neighbors
3751.019363388419,25.366777856,161.680379904,698977.723449344,neighbors
3751.520419381559,25.39948032,161.647652864,698977.723449344,neighbors
3752.022490112111,25.403224064,161.642078208,698977.723449344,neighbors
3752.5237753558904,25.530769408,161.52522752,698977.723449344,neighbors
3753.024625953287,25.44637952,161.606664192,698977.723449344,neighbors
3753.5266722477973,26.503016448,160.548175872,698977.723449344,neighbors
3754.02861757949,26.52045312,160.531202048,698977.723449344,neighbors
3754.529690053314,26.00282112,161.049325568,698977.723449344,neighbors
3755.030472757295,26.180886528,160.867045376,698977.723449344,neighbors
3755.531540116295,25.420034048,161.628192768,698977.723449344,neighbors
3756.0323880650103,25.57558784,161.472360448,698979.715825664,neighbors
3756.5336069967598,24.737185792,162.312491008,698979.715825664,neighbors
3757.0345443133265,24.557400064,162.486677504,698979.715825664,neighbors
3757.5354304611683,23.39739648,163.649830912,698979.715825664,neighbors
3758.036763127893,22.238068736,164.822818816,698979.715825664,neighbors
3758.53898909688,21.875458048,165.186060288,698979.715825664,neighbors
3759.0397969931364,22.153289728,164.90326016,698979.715825664,neighbors
3759.5406949408352,22.46144,164.594753536,698979.715825664,neighbors
3760.041797148064,21.93522688,165.120688128,698981.229613056,neighbors
3760.5431551206857,22.0936192,164.962439168,698981.229613056,neighbors
3761.045257041231,20.540792832,166.516514816,698981.229613056,neighbors
3761.546733336523,20.508889088,166.54733312,698981.229613056,neighbors
3762.048483032733,20.390957056,166.661668864,698981.229613056,neighbors
3762.549998257309,20.124061696,166.928801792,698981.229613056,neighbors
3763.052011407912,20.082429952,166.969049088,698981.229613056,neighbors
3763.553457899019,20.082429952,166.978945024,698981.229613056,neighbors
3764.055276747793,18.419744768,166.842589184,698981.229613056,neighbors
3764.556362276897,18.323144704,168.73965568,698981.229613056,neighbors
3765.057609507814,18.426535936,168.63717376,698981.229613056,neighbors
3765.5586624518037,18.972327936,168.086577152,698981.229613056,neighbors
3766.0596592202783,18.875777024,168.185032704,698981.279039488,neighbors
3766.561030201614,18.680070144,168.379129856,698981.279039488,neighbors
3767.0618402007967,16.700985344,170.362077184,698981.279039488,neighbors
3767.562693487853,16.88952832,170.169270272,698981.279039488,neighbors
3768.064399152994,17.475035136,169.583751168,698981.279039488,neighbors
3768.5682218614966,17.472442368,169.594138624,698981.279039488,neighbors
3769.0702747981995,17.967702016,169.098657792,698981.279039488,neighbors
3769.5723086819053,18.512646144,168.550395904,698981.279039488,neighbors
3770.0743711013347,18.09248256,168.96937984,698981.168226304,neighbors
3770.5754575803876,19.4173952,167.6418048,698981.168226304,neighbors
3771.0771946571767,20.536438784,166.520672256,698981.168226304,neighbors
3771.5792631488293,20.04854784,167.006838784,698981.168226304,neighbors
3772.0801852885634,20.1631744,166.891896832,698981.168226304,neighbors
3772.5813595112413,20.389113856,166.66400768,698981.168226304,neighbors
3773.0827076192945,19.671834624,167.394496512,698981.168226304,neighbors
3773.5847493335605,19.635269632,167.428001792,698981.168226304,neighbors
3774.0856122840196,20.446203904,166.615334912,698981.168226304,neighbors
3774.5867336280644,21.983850496,165.07355136,698981.168226304,neighbors
3775.0876044984907,22.616113152,164.43990016,698981.168226304,neighbors
3775.588501131162,22.617092096,164.437159936,698981.168226304,neighbors
3776.089508185163,22.76145152,164.293476352,698981.044518912,neighbors
3776.5906394161284,22.793715712,164.25918464,698981.044518912,neighbors
3777.091617187485,22.632677376,164.419842048,698981.044518912,neighbors
3777.592653732747,21.905965056,165.156130816,698981.044518912,neighbors
3778.093615176156,21.84579072,165.212946432,698981.044518912,neighbors
3778.5946698971093,21.75229952,165.306998784,698981.044518912,neighbors
3779.09555750899,21.088436224,165.96969472,698981.044518912,neighbors
3779.5964494608343,21.8672128,165.188513792,698981.044518912,neighbors
3780.097221693024,22.705876992,164.349210624,698981.163491328,neighbors
3780.598317526281,23.361212416,163.691986944,698981.163491328,neighbors
3781.0993566289544,22.182199296,164.8728064,698981.163491328,neighbors
3781.60027965717,23.174152192,163.876306944,698981.163491328,neighbors
3782.1013324391097,24.451477504,162.596798464,698981.163491328,neighbors
3782.6026818733662,26.384580608,160.658161664,698981.163491328,neighbors
3783.1039923038334,26.401542144,160.651698176,698981.163491328,neighbors
3783.60609588027,27.74482944,159.304544256,698981.163491328,neighbors
3784.10800999403,27.904028672,159.144083456,698981.163491328,neighbors
3784.609663495794,26.444402688,160.605085696,698981.163491328,neighbors
3785.1109322141856,26.351099904,160.695402496,698981.163491328,neighbors
3785.613329038024,26.574897152,160.469643264,698981.163491328,neighbors
3786.1148863248527,26.652045312,160.393506816,698981.162450944,neighbors
3786.615825952962,25.809125376,161.235177472,698981.162450944,neighbors
3788.0316318478435,27.602747392,159.447842816,698981.162450944,neighbors
3788.532743368298,27.649949696,159.399501824,698981.162450944,neighbors
3789.034699290991,27.651280896,159.394766848,698981.162450944,neighbors
3789.535953756422,27.657883648,159.388860416,698981.162450944,neighbors
3790.037922443822,27.224408064,159.823290368,698980.100513792,neighbors
3790.539851501584,27.207786496,159.839428608,698980.100513792,neighbors
3791.0406633038074,27.191865344,159.85147904,698980.100513792,neighbors
3791.541947970167,26.371395584,160.674340864,698980.100513792,neighbors
3792.043099587783,26.463879168,160.581046272,698980.100513792,neighbors
3792.544200865552,26.375380992,160.668942336,698980.100513792,neighbors
3793.046213325113,26.223710208,160.816058368,698980.100513792,neighbors
3793.548345312476,26.376716288,160.664039424,698980.100513792,neighbors
3794.0498729608953,25.759285248,161.2942336,698980.100513792,neighbors
3794.5511107482016,24.222859264,162.830127104,698980.100513792,neighbors
3795.053132236004,24.21123072,162.841939968,698980.100513792,neighbors
3795.5547536201775,24.160989184,162.89150976,698980.100513792,neighbors
3796.056410605088,24.327958528,162.725896192,698981.230784512,neighbors
3796.55748902075,24.365056,162.686062592,698981.230784512,neighbors
3797.0594105944037,24.286093312,162.765307904,698981.230784512,neighbors
3797.5603688079864,24.48584704,162.561093632,698981.230784512,neighbors
3798.061319136992,24.773902336,162.273406976,698981.230784512,neighbors
3798.565272409469,24.546770944,162.510331904,698981.230784512,neighbors
3799.0663416218013,23.021535232,164.03838976,698981.230784512,neighbors
3799.5671790651977,24.165429248,162.887196672,698981.230784512,neighbors
3800.069219894707,25.023729664,162.026668032,698981.852377088,neighbors
3800.5706438366324,24.626335744,162.423853056,698981.852377088,neighbors
3801.071606883779,24.626335744,162.42804736,698981.852377088,neighbors
3801.572452072054,24.626335744,162.423939072,698981.852377088,neighbors
3802.0733578167856,24.626335744,162.423939072,698981.852377088,neighbors
3802.574517628178,22.060343296,164.994379776,698981.852377088,neighbors
3803.0753016415983,22.060343296,164.994379776,698981.852377088,neighbors
3803.5772872567177,22.060343296,164.989968384,698981.852377088,neighbors
3804.0793212354183,22.060343296,164.989968384,698981.852377088,neighbors
3804.5804136171937,22.060343296,164.99009536,698981.852377088,neighbors
3805.08156315051,22.060343296,164.99009536,698981.852377088,neighbors
3805.5832060202956,22.060343296,164.985806848,698981.852377088,neighbors
3806.085278749466,22.060343296,164.985806848,698983.514722304,neighbors
3806.5893309209496,22.060343296,164.997095424,698983.514722304,neighbors
3807.0902110207826,22.060343296,164.997095424,698983.514722304,neighbors
3807.591076301411,22.060343296,164.99488768,698983.514722304,neighbors
3808.093118587509,22.060343296,164.99488768,698983.514722304,neighbors
3808.594210160896,22.060343296,164.99294208,698983.514722304,neighbors
3809.0962701868266,22.060343296,164.99294208,698983.514722304,neighbors
3809.5971318110824,22.060343296,164.990615552,698983.514722304,neighbors
3810.0985861290246,22.120820736,164.931006464,698983.334821888,neighbors
3810.5995525568724,18.971807744,168.082460672,698983.334821888,neighbors
3811.1003678608686,18.971807744,168.082460672,698983.334821888,neighbors
3811.601071825251,18.971807744,168.093597696,698983.334821888,neighbors
3812.102870400995,18.971807744,168.093597696,698983.334821888,neighbors
3812.6039429251105,18.971807744,168.08931328,698983.334821888,neighbors
3813.105942612514,18.971807744,168.08931328,698983.334821888,neighbors
3813.6068021841347,18.971807744,168.087359488,698983.334821888,neighbors
3814.1076357252896,18.971807744,168.087359488,698983.334821888,neighbors
3814.608774429187,18.971807744,168.08527872,698983.334821888,neighbors
3815.109667332843,18.971807744,168.08527872,698983.334821888,neighbors
3815.610476665199,18.971807744,168.083202048,698983.334821888,neighbors
3816.111353730783,18.971807744,168.083202048,698983.891152896,neighbors
3816.61235499382,18.971807744,168.081002496,698983.891152896,neighbors
3817.1132295131683,18.971807744,168.094109696,698983.891152896,neighbors
3817.614131992683,18.971807744,168.0922624,698983.891152896,neighbors
3818.1151685081422,18.971807744,168.0922624,698983.891152896,neighbors
3818.616342360154,18.971807744,168.089985024,698983.891152896,neighbors
3819.1172951292247,18.971807744,168.089985024,698983.891152896,neighbors
3819.618197115138,18.971807744,168.0879616,698983.891152896,neighbors
3820.1192654147744,18.971807744,168.088088576,698983.777439744,neighbors
3820.620382228866,16.342970368,170.719014912,698983.777439744,neighbors
3821.1216180175543,16.415404032,170.649960448,698983.777439744,neighbors
3821.6226713638753,16.67698688,170.386464768,698983.777439744,neighbors
3822.123347401619,16.970358784,170.105421824,698983.777439744,neighbors
3822.624001145363,17.315557376,169.754689536,698983.777439744,neighbors
3823.12466968596,17.7016832,169.36665088,698983.777439744,neighbors
3823.625311212614,18.235604992,168.833245184,698983.777439744,neighbors
3824.1258233133703,18.862399488,168.204713984,698983.777439744,neighbors
3824.6265149321407,19.171794944,167.89000192,698983.777439744,neighbors
3825.1270499043167,19.283300352,167.77650176,698983.777439744,neighbors
3825.6280302722007,19.388092416,167.674195968,698983.777439744,neighbors
3826.1291470918804,17.476190208,169.567076352,698983.816753152,neighbors
3826.6339210439473,16.963866624,170.102444032,698983.816753152,neighbors
3827.1363264191896,17.49723136,169.566478336,698983.816753152,neighbors
3827.6371506694704,17.98705152,169.076297728,698983.816753152,neighbors
3828.1379242166877,18.55492096,168.520425472,698983.816753152,neighbors
3828.6389202065766,19.06417664,168.007241728,698983.816753152,neighbors
3829.13975693658,19.386032128,167.682527232,698983.816753152,neighbors
3829.6408808026463,19.386032128,167.680229376,698983.816753152,neighbors
3830.1420149989426,19.386032128,167.679361024,698983.519133696,neighbors
3830.6435358040035,19.386032128,167.67739904,698983.519133696,neighbors
3831.144405407831,19.386032128,167.67770624,698983.519133696,neighbors
3831.6457230169326,16.65497088,170.408849408,698983.519133696,neighbors
3832.1466060467064,17.04003584,170.02397696,698983.519133696,neighbors
3832.650603853166,17.35806976,169.715806208,698983.519133696,neighbors
3833.1515592802316,17.686417408,169.390235648,698983.519133696,neighbors
3833.6536181010306,18.014216192,169.057038336,698983.519133696,neighbors
3834.154553886503,18.3308288,168.739704832,698983.519133696,neighbors
3834.6560992393643,18.610229248,168.460599296,698983.519133696,neighbors
3835.1568003222346,18.951565312,168.120692736,698983.519133696,neighbors
3835.6573397889733,19.382280192,167.681241088,698983.519133696,neighbors
3836.1581485886127,19.382603776,167.681241088,698983.610912768,neighbors
3836.659940376878,19.382603776,167.680786432,698983.610912768,neighbors
3837.161008344963,19.382603776,167.680278528,698983.610912768,neighbors
3837.662556555122,16.718913536,170.344706048,698983.610912768,neighbors
3838.163193853572,17.257525248,169.808232448,698983.610912768,neighbors
3838.6668018121272,17.976213504,169.100029952,698983.610912768,neighbors
3839.1673129722476,18.487914496,168.58793984,698983.610912768,neighbors
3839.6678176037967,18.971766784,168.099651584,698983.610912768,neighbors
3840.1684310771525,19.384725504,167.686344704,698983.568736256,neighbors
3840.6694689542055,19.384725504,167.681847296,698983.568736256,neighbors
3841.17034063302,19.384725504,167.681851392,698983.568736256,neighbors
3841.6711669638753,17.741524992,169.299505152,698983.568736256,neighbors
3842.1718786396086,16.823697408,170.248052736,698983.568736256,neighbors
3842.673098832369,17.308696576,169.757745152,698983.568736256,neighbors
3843.175529198721,17.913360384,169.166249984,698983.568736256,neighbors
3843.6768148839474,18.538819584,168.534532096,698983.568736256,neighbors
3844.177325660363,19.23346432,167.839965184,698983.568736256,neighbors
3844.6782187167555,19.397107712,167.670542336,698983.568736256,neighbors
3845.1790334079415,19.397107712,167.670542336,698983.568736256,neighbors
3845.6797836087644,19.086962688,167.952994304,698983.568736256,neighbors
3846.1804007291794,16.862183424,170.205732864,698983.230722048,neighbors
3846.6810754481703,17.552781312,169.512910848,698983.230722048,neighbors
3847.1816142201424,18.209964032,168.854286336,698983.230722048,neighbors
3847.6821210570633,18.841739264,168.229064704,698983.230722048,neighbors
3848.1826516613364,19.390304256,167.677923328,698983.230722048,neighbors
3848.6836036723107,19.390304256,167.678369792,698983.230722048,neighbors
3849.1844955477864,19.390304256,167.678124032,698983.230722048,neighbors
3849.6854027844965,16.655003648,170.412453888,698983.230722048,neighbors
3850.186361944303,16.91308032,170.156617728,698984.045707264,neighbors
3850.6872058007866,17.26285824,169.807613952,698984.045707264,neighbors
3851.1877418849617,17.678667776,169.39001856,698984.045707264,neighbors
3851.6882619988173,18.264895488,168.801456128,698984.045707264,neighbors
3852.1887740325183,18.85966336,168.205303808,698984.045707264,neighbors
3852.6895251926035,19.3865728,167.679062016,698984.045707264,neighbors
3853.19032003358,19.386810368,167.681519616,698984.045707264,neighbors
3853.876258911565,16.957554688,170.112438272,698984.045707264,neighbors
3854.411863796413,17.046380544,170.025848832,698984.045707264,neighbors
3854.912909388542,17.532448768,169.533894656,698984.045707264,neighbors
3855.413691468537,18.048626688,169.016848384,698984.045707264,neighbors
3855.9142764844,18.69678592,168.369901568,698984.744943616,neighbors
3856.4150470755994,19.373846528,167.690346496,698984.744943616,neighbors
3856.9157216735184,19.385524224,167.678701568,698984.744943616,neighbors
3857.416600285098,19.385491456,167.678967808,698984.744943616,neighbors
3857.917511837557,16.674553856,170.394554368,698984.744943616,neighbors
3858.4183968175203,17.252061184,169.81950464,698984.744943616,neighbors
3858.918933460489,17.833828352,169.234378752,698984.744943616,neighbors
3859.419469969347,18.19092992,168.877174784,698984.744943616,neighbors
3859.9199729841202,18.589106176,168.477605888,698984.549158912,neighbors
3860.420834120363,18.954539008,168.111398912,698984.549158912,neighbors
3860.9217537753284,19.294728192,167.764738048,698984.549158912,neighbors
3861.4224717393517,19.385401344,167.6729344,698984.549158912,neighbors
3861.923478640616,18.657574912,168.377700352,698985.672794112,neighbors
3862.4245890360326,16.726196224,170.335076352,698985.672794112,neighbors
3862.925854517147,17.152110592,169.907781632,698985.672794112,neighbors
3863.4286292754114,17.682436096,169.388199936,698985.672794112,neighbors
3863.9305906239897,18.345209856,168.723255296,698985.672794112,neighbors
3864.4312888290733,19.024318464,168.04278272,698985.672794112,neighbors
3864.9318439997733,19.385868288,167.674486784,698985.672794112,neighbors
3865.4324185904115,19.385495552,167.673843712,698985.672794112,neighbors
3865.9329890739173,16.650776576,170.412437504,698985.878474752,neighbors
3866.433714753017,17.294815232,169.763639296,698985.878474752,neighbors
3866.9342884905636,17.993887744,169.061310464,698985.878474752,neighbors
3867.434793110937,18.656047104,168.397627392,698985.878474752,neighbors
3867.935325063765,19.141095424,167.9095808,698985.878474752,neighbors
3868.437886973843,19.378978816,167.681482752,698985.878474752,neighbors
3868.938444431871,19.378978816,167.67817728,698985.878474752,neighbors
3869.438958829269,16.646365184,170.415210496,698985.878474752,neighbors
3869.939483432099,17.04077312,170.021052416,698985.878474752,neighbors
3870.4401869606227,17.454780416,169.606955008,698985.878474752,neighbors
3870.940700214356,18.004414464,169.055260672,698985.878474752,neighbors
3871.4418810810894,18.630242304,168.429318144,698985.878474752,neighbors
3871.9427659250796,19.157958656,167.895482368,698986.758393856,neighbors
3872.4447147883475,19.3759232,167.67526912,698986.758393856,neighbors
3872.9457716364413,18.503344128,168.542539776,698986.758393856,neighbors
3873.4464038535953,16.837132288,170.213920768,698986.758393856,neighbors
3873.9479981902987,17.395666944,169.65638144,698986.758393856,neighbors
3874.4523584358394,17.855623168,169.21212928,698986.758393856,neighbors
3874.952986208722,18.388504576,168.672628736,698986.758393856,neighbors
3875.453997550532,18.94668288,168.114593792,698986.758393856,neighbors
3875.954938871786,19.376074752,167.683375104,698986.808705024,neighbors
3876.4563937503844,19.376074752,167.683223552,698986.808705024,neighbors
3876.957078212872,16.69490688,170.348314624,698986.808705024,neighbors
3877.457595460117,16.87908352,170.180059136,698986.808705024,neighbors
3877.958168933168,17.0960896,169.964150784,698986.808705024,neighbors
3878.4589569773525,17.335287808,169.734848512,698986.808705024,neighbors
3878.9597221910954,17.607581696,169.459040256,698986.808705024,neighbors
3879.460511162877,17.812873216,169.254375424,698986.808705024,neighbors
3879.961133405566,17.970139136,169.093701632,698986.964107264,neighbors
3880.4619755540043,18.176032768,168.887652352,698986.964107264,neighbors
3880.963956868276,18.466504704,168.593072128,698986.964107264,neighbors
3881.4660766441375,18.859634688,168.202108928,698986.964107264,neighbors
3881.971027009189,19.312123904,167.751286784,698986.964107264,neighbors
3882.4743051771075,19.37905664,167.676035072,698986.964107264,neighbors
3882.97514247708,18.99747328,168.0247808,698986.964107264,neighbors
3883.4762781485915,16.707899392,170.351017984,698986.964107264,neighbors
3883.9769137930125,17.174540288,169.882165248,698986.964107264,neighbors
3884.4805681612343,17.668395008,169.401765888,698986.964107264,neighbors
3884.9811150990427,18.249060352,168.81608704,698986.964107264,neighbors
3885.481630688533,18.928070656,168.134475776,698986.964107264,neighbors
3885.982154296711,19.37291264,167.687458816,698986.902147072,neighbors
3886.48300187476,19.37291264,167.686012928,698986.902147072,neighbors
3886.9836188089103,16.646152192,170.415374336,698986.902147072,neighbors
3887.484185323119,16.751980544,170.310660096,698986.902147072,neighbors
3887.984736625105,17.069551616,169.991057408,698986.902147072,neighbors
3888.485436787829,17.359204352,169.709645824,698986.902147072,neighbors
3888.985957989469,17.67503872,169.39005952,698986.902147072,neighbors
3889.4882793053985,18.079535104,168.980533248,698986.902147072,neighbors
3889.9894182961434,18.680918016,168.377491456,698987.101564928,neighbors
3890.4906145650893,19.334828032,167.723442176,698987.101564928,neighbors
3890.991517284885,19.367780352,167.686930432,698987.101564928,neighbors
3891.492137717083,16.654860288,170.404818944,698987.101564928,neighbors
3891.9926774166524,17.301327872,169.756643328,698987.101564928,neighbors
3892.4933612570167,17.992843264,169.064538112,698987.101564928,neighbors
3892.99386398308,18.695241728,168.358166528,698987.101564928,neighbors
3893.494390869513,19.338268672,167.714275328,698987.101564928,neighbors
3893.9949352052063,19.382054912,167.679393792,698987.101564928,neighbors
3894.4957519955933,16.641642496,170.423984128,698987.101564928,neighbors
3894.9964010808617,16.673890304,170.390822912,698987.101564928,neighbors
3895.497000971809,16.847388672,170.21790208,698987.101564928,neighbors
3895.9975562877953,17.00919296,170.053697536,698987.268960256,neighbors
3896.4982906412333,17.224331264,169.838215168,698987.268960256,neighbors
3896.9988202843815,17.452478464,169.607876608,698987.268960256,neighbors
3897.49943090789,17.838239744,169.220898816,698987.268960256,neighbors
3897.9999772906303,18.273173504,168.780787712,698987.268960256,neighbors
3898.5023171249777,18.800574464,168.253116416,698987.268960256,neighbors
3899.0031182914972,19.29385984,167.836561408,698987.268960256,neighbors
3899.504676612094,19.360436224,167.807561728,698987.268960256,neighbors
3900.005830241367,16.641036288,170.52391424,698987.160539136,neighbors
3900.5069507807493,17.079013376,170.087534592,698987.160539136,neighbors
3901.007595039904,17.628176384,169.577521152,698987.160539136,neighbors
3901.5081029608846,18.271256576,169.026449408,698987.160539136,neighbors
3902.0086125489324,18.90721792,168.383975424,698987.160539136,neighbors
3902.5093267243356,19.374944256,167.913725952,698987.160539136,neighbors
3903.0099813975394,19.374944256,167.913709568,698987.160539136,neighbors
3903.5105211231858,16.730976256,170.562850816,698987.160539136,neighbors
3904.0110366549343,17.381093376,169.908887552,698987.160539136,neighbors
3904.5143963061273,17.781088256,169.523052544,698987.160539136,neighbors
3905.0149201601744,18.046185472,169.255264256,698987.160539136,neighbors
3905.515449712053,18.326867968,168.972095488,698987.160539136,neighbors
3906.0159894786775,18.667241472,168.630071296,698987.244261376,neighbors
3906.516751674935,18.912960512,168.382529536,698987.244261376,neighbors
3907.0173101089895,19.114000384,168.180256768,698987.244261376,neighbors
3907.5178243201226,19.338043392,167.95512832,698987.244261376,neighbors
3908.018540967256,19.379695616,167.909937152,698987.244261376,neighbors
3908.519432781264,16.641036288,170.6523648,698987.244261376,neighbors
3909.0199944898486,16.936902656,170.355175424,698987.244261376,neighbors
3909.52051474154,17.4180352,169.88573696,698987.244261376,neighbors
3910.0210726391524,17.933406208,169.368559616,698986.592591872,neighbors
3910.521795419976,18.541273088,168.756678656,698986.592591872,neighbors
3911.0223039444536,19.122782208,168.174092288,698986.592591872,neighbors
3911.523033056408,19.370950656,167.923560448,698986.592591872,neighbors
3912.023727511987,16.641040384,170.655952896,698986.592591872,neighbors
3912.5244598481804,17.272311808,170.024841216,698986.592591872,neighbors
3913.025000590831,17.951637504,169.342816256,698986.592591872,neighbors
3913.525510765612,18.572562432,168.719847424,698986.592591872,neighbors
3914.0260179731995,19.217997824,168.07043072,698986.592591872,neighbors
3914.5289802830666,19.378003968,167.923175424,698986.592591872,neighbors
3915.029505264014,16.658939904,170.646175744,698986.592591872,neighbors
3915.530015213415,17.29988608,170.005823488,698986.592591872,neighbors
3916.0305169206113,17.97363712,169.329127424,698987.792031744,neighbors
3916.5311944894493,18.66600448,168.634822656,698987.792031744,neighbors
3917.0317094866186,19.27886848,168.021233664,698987.792031744,neighbors
3917.5324630588293,19.370582016,167.928659968,698987.792031744,neighbors
3918.0334300249815,16.641040384,170.658054144,698987.792031744,neighbors
3918.5349142383784,16.730345472,170.567856128,698987.792031744,neighbors
3919.035647202283,17.040986112,170.265628672,698987.792031744,neighbors
3919.536193119362,17.43937536,169.866919936,698987.792031744,neighbors
3920.0367382243276,17.664557056,169.639837696,698988.213010432,neighbors
3920.5374443493783,17.875836928,169.427382272,698988.213010432,neighbors
3921.037975512445,18.070892544,169.23082752,698988.213010432,neighbors
3921.5385195743293,18.323828736,168.97691648,698988.213010432,neighbors
3922.039005726576,18.705408,168.593453056,698988.213010432,neighbors
3922.539956729859,19.24263936,168.053243904,698988.213010432,neighbors
3923.04093137756,19.36340992,167.9263744,698988.213010432,neighbors
3923.542220680043,16.641040384,170.652868608,698988.213010432,neighbors
3924.042807340622,17.264140288,170.041593856,698988.213010432,neighbors
3924.543478805572,17.934106624,169.3717504,698988.213010432,neighbors
3925.0439863782376,18.581712896,168.719163392,698988.213010432,neighbors
3925.5445218607783,19.299622912,167.999000576,698988.213010432,neighbors
3926.045083500445,19.372232704,167.927640064,698988.04107264,neighbors
3926.5458206813782,16.641040384,170.66029056,698988.04107264,neighbors
3927.0463881958276,17.22175488,170.075783168,698988.04107264,neighbors
3927.5469096321613,17.893425152,169.403654144,698988.04107264,neighbors
3928.047446165234,18.55424512,168.742109184,698988.04107264,neighbors
3928.5481623020023,19.087966208,168.20875264,698988.04107264,neighbors
3929.0487025491893,19.385135104,167.906054144,698988.04107264,neighbors
3929.5493195373565,18.650025984,168.654426112,698988.04107264,neighbors
3930.049994792789,16.64098304,170.875756544,698988.011106304,neighbors
3930.5508746169508,16.762089472,170.849374208,698988.011106304,neighbors
3931.052777884528,17.056698368,170.55655936,698988.011106304,neighbors
3931.553395351395,17.284276224,170.326720512,698988.011106304,neighbors
3932.055032180622,17.481633792,170.129911808,698988.011106304,neighbors
3932.5556723363698,17.710780416,169.89892608,698988.011106304,neighbors
3933.056331118569,17.9894272,169.618690048,698988.011106304,neighbors
3933.557353515178,18.467643392,169.137577984,698988.011106304,neighbors
3934.0605215206742,19.058069504,168.546504704,698988.011106304,neighbors
3934.5626490153372,19.370729472,168.240922624,698988.011106304,neighbors
3935.0634267255664,17.0704896,170.5376768,698988.011106304,neighbors
3935.564046440646,17.140076544,170.474991616,698988.011106304,neighbors
3936.064517797902,17.84807424,169.7650688,698987.902185472,neighbors
3936.5652882792056,18.492461056,169.118572544,698987.902185472,neighbors
3937.0657750479877,19.14691584,168.464642048,698987.902185472,neighbors
3937.5664002634585,19.36068608,168.244842496,698987.902185472,neighbors
3938.0674181785434,16.641040384,170.96892416,698987.902185472,neighbors
3938.5684124082327,16.770338816,170.836140032,698987.902185472,neighbors
3939.0689291078597,17.117069312,170.48987648,698987.902185472,neighbors
3939.569464225322,17.393934336,170.21159424,698987.902185472,neighbors
3940.0699872523546,17.705865216,169.89986816,698988.243431424,neighbors
3940.5735211893916,18.0140032,169.601196032,698988.243431424,neighbors
3941.0740409251302,18.252128256,169.363750912,698988.243431424,neighbors
3941.574551820755,18.65009152,168.961568768,698988.243431424,neighbors
3942.0750629901886,19.172233216,168.439693312,698988.243431424,neighbors
3942.5759856086224,19.363385344,168.244436992,698988.243431424,neighbors
3943.0771391373128,16.641040384,170.970681344,698988.243431424,neighbors
3943.5780581291765,17.146851328,170.462683136,698988.243431424,neighbors
3944.0801368597895,17.696567296,169.91414272,698988.243431424,neighbors
3944.5813735984266,18.224951296,169.380462592,698988.243431424,neighbors
3945.0820555761456,18.711871488,168.905916416,698988.243431424,neighbors
3945.582741552964,19.297234944,168.315478016,698988.243431424,neighbors
3946.0837166160345,19.367100416,168.244473856,698988.146393088,neighbors
3946.5862306449562,18.05416448,169.555484672,698988.146393088,neighbors
3947.0877896547318,16.766005248,170.846957568,698988.146393088,neighbors
3947.5884235575795,17.287696384,170.32179712,698988.146393088,neighbors
3948.089719980955,17.76676864,169.8424832,698988.146393088,neighbors
3948.5911970678717,18.12123648,169.48707328,698988.146393088,neighbors
3949.091909589246,18.412331008,169.19717888,698988.146393088,neighbors
3949.592520652339,18.822029312,168.793759744,698988.146393088,neighbors
3950.0941896364093,19.076063232,168.539172864,698988.177268736,neighbors
3950.5954379960895,19.258523648,168.358739968,698988.177268736,neighbors
3951.0965685769916,19.367276544,168.249778176,698988.177268736,neighbors
3951.597936168313,18.899910656,168.710733824,698988.177268736,neighbors
3952.0990665853024,16.641040384,170.970796032,698988.177268736,neighbors
3952.6004992611706,16.927485952,170.685595648,698988.177268736,neighbors
3953.10338931717,17.436164096,170.176884736,698988.177268736,neighbors
3953.605090761557,18.046705664,169.564864512,698988.177268736,neighbors
3954.1056106667966,18.697101312,168.912842752,698988.177268736,neighbors
3954.6062650810927,19.366600704,168.244895744,698988.177268736,neighbors
3955.107065776363,19.28605696,168.31162368,698988.177268736,neighbors
3955.607767429203,16.641040384,170.970349568,698988.177268736,neighbors
3956.1083277203143,17.271537664,170.340040704,698989.245960192,neighbors
3956.6089969892055,17.92581632,169.683427328,698989.245960192,neighbors
3957.109509529546,18.381668352,169.227579392,698989.245960192,neighbors
3957.6100241374224,18.885677056,168.721948672,698989.245960192,neighbors
3958.1105128899217,19.238293504,168.368955392,698989.245960192,neighbors
3958.611210267991,19.373621248,168.2297856,698989.245960192,neighbors
3959.1118913404644,17.76257024,169.82245376,698989.245960192,neighbors
3959.612843748182,16.677945344,170.926870528,698989.245960192,neighbors
3960.1135406568646,16.97431552,170.631016448,698989.141741568,neighbors
3960.6179328262806,17.322893312,170.29472256,698989.141741568,neighbors
3961.1202797014266,17.723899904,169.89284352,698989.141741568,neighbors
3961.6231540534645,18.191601664,169.425055744,698989.141741568,neighbors
3962.126397272572,18.700038144,168.91500544,698989.141741568,neighbors
3962.6272686924785,19.214532608,168.39845888,698989.141741568,neighbors
3963.1279231403023,19.382276096,168.228798464,698989.141741568,neighbors
3963.628867339343,17.640071168,169.940824064,698989.141741568,neighbors
3964.1295032482594,16.929701888,170.679222272,698989.141741568,neighbors
3964.630198210478,17.595318272,170.010533888,698989.141741568,neighbors
3965.13071568124,18.281312256,169.322196992,698989.141741568,neighbors
3965.631211064756,18.940706816,168.671768576,698989.141741568,neighbors
3966.13172795251,19.370553344,168.237871104,698989.148422144,neighbors
3966.6327618081123,18.1157888,169.492606976,698989.148422144,neighbors
3967.133464196697,16.64776192,170.962866176,698989.148422144,neighbors
3967.634043261409,16.848789504,170.7600896,698989.148422144,neighbors
3968.1345878131688,17.233997824,170.375225344,698989.148422144,neighbors
3968.635310508311,17.498861568,170.107117568,698989.148422144,neighbors
3969.135838000104,17.797373952,169.807454208,698989.148422144,neighbors
3969.6363379843533,17.972191232,169.628356608,698989.148422144,neighbors
3970.1368367839605,18.173939712,169.426464768,698989.132992512,neighbors
3970.640245916322,18.496413696,169.116205056,698989.132992512,neighbors
3971.141097670421,18.974982144,168.636993536,698989.132992512,neighbors
3971.6417777091265,19.37217536,168.23324672,698989.132992512,neighbors
3972.1430378332734,18.06026752,169.5456256,698989.132992512,neighbors
3972.643741969019,16.886730752,170.72338944,698989.132992512,neighbors
3973.144274163991,17.563283456,170.046726144,698989.132992512,neighbors
3973.6447793077677,18.208698368,169.394917376,698989.132992512,neighbors
3974.1452878564596,18.867068928,168.735911936,698989.132992512,neighbors
3974.6459462922066,19.3727488,168.228007936,698989.132992512,neighbors
3975.1470754612237,19.030269952,168.57030656,698989.132992512,neighbors
3975.647666627541,16.832385024,170.781995008,698989.132992512,neighbors
3976.148176793009,17.518186496,170.093785088,698986.776260608,neighbors
3976.648890448734,18.160300032,169.453948928,698986.776260608,neighbors
3977.1494249720126,18.815475712,168.796848128,698986.776260608,neighbors
3977.6499517410994,19.374186496,168.231206912,698986.776260608,neighbors
3978.1506562326103,18.202968064,169.381937152,698986.776260608,neighbors
3978.6517271008343,16.688533504,170.920001536,698986.776260608,neighbors
3979.152622273192,16.986824704,170.624147456,698986.776260608,neighbors
3979.653339834884,17.283166208,170.326593536,698986.776260608,neighbors
3980.1542582232505,17.51404544,170.096132096,698987.584253952,neighbors
3980.6584034375846,17.710972928,169.9044352,698987.584253952,neighbors
3981.158996462822,17.902886912,169.71143168,698987.584253952,neighbors
3981.6595450062305,18.102923264,169.511174144,698987.584253952,neighbors
3982.160056605935,18.366062592,169.247064064,698987.584253952,neighbors
3982.6607369612902,18.740215808,168.8685568,698987.584253952,neighbors
3983.161246456206,19.213565952,168.39430144,698987.584253952,neighbors
3983.661814035848,19.375611904,168.231145472,698987.584253952,neighbors
3984.162517124787,16.645574656,170.965999616,698987.584253952,neighbors
3984.6644316017628,17.263501312,170.343739392,698987.584253952,neighbors
3985.165203748271,17.89636608,169.710129152,698987.584253952,neighbors
3985.665714977309,18.503102464,169.103261696,698987.584253952,neighbors
3986.166217001155,19.201101824,168.41754624,698987.566333952,neighbors
3986.6668990608305,19.379728384,168.231088128,698987.566333952,neighbors
3987.1674183681607,16.656408576,170.960297984,698987.566333952,neighbors
3987.6679406687617,17.3048832,170.311716864,698987.566333952,neighbors
3988.1684497967362,17.968263168,169.648386048,698987.566333952,neighbors
3988.6691461410373,18.621571072,168.987947008,698987.566333952,neighbors
3989.169657468796,19.316850688,168.291483648,698987.566333952,neighbors
3989.670379964635,19.375894528,168.23076864,698987.566333952,neighbors
3990.1709851343185,16.706363392,170.905010176,698986.407165952,neighbors
3990.6716958135366,17.358331904,170.251190272,698986.407165952,neighbors
3991.1722088251263,17.968939008,169.639165952,698986.407165952,neighbors
3991.6727603413165,18.335420416,169.283817472,698986.407165952,neighbors
3992.173304175958,18.60622336,169.013481472,698986.407165952,neighbors
3992.67401266098,18.967547904,168.64806912,698986.407165952,neighbors
3993.1745560131967,19.263950848,168.35094528,698986.407165952,neighbors
3993.675072664395,19.366039552,168.244523008,698986.407165952,neighbors
3994.1756977085024,16.641040384,170.97373696,698986.407165952,neighbors
3994.6764979530126,16.710647808,170.90224128,698986.407165952,neighbors
3995.1769951414317,16.994619392,170.619461632,698986.407165952,neighbors
3995.677524190396,17.452998656,170.15717888,698986.407165952,neighbors
3996.178036123514,17.903296512,169.718059008,698987.934396416,neighbors
3996.678716706112,18.367492096,169.250308096,698987.934396416,neighbors
3997.179328436032,18.967502848,168.650473472,698987.934396416,neighbors
3997.67989904806,19.370807296,168.241688576,698987.934396416,neighbors
3998.1827854067087,16.641040384,170.966740992,698987.934396416,neighbors
3998.685101136565,17.143291904,170.473500672,698987.934396416,neighbors
3999.1866665631533,17.829945344,169.785290752,698987.934396416,neighbors
3999.6871769092977,18.481229824,169.130737664,698987.934396416,neighbors
4000.1876917518675,19.152781312,168.459116544,698986.900369408,neighbors
4000.6885834112763,19.378827264,168.236814336,698986.900369408,neighbors
4001.1895084325224,16.646713344,170.974162944,698986.900369408,neighbors
4001.6901368759573,17.21591808,170.405236736,698986.900369408,neighbors
4002.1906526815146,17.875501056,169.745596416,698986.900369408,neighbors
4002.691365180537,18.643062784,168.97148928,698986.900369408,neighbors
4003.1918752603233,19.309748224,168.30296064,698986.900369408,neighbors
4003.692751865834,19.364237312,168.24772608,698986.900369408,neighbors
4004.1933888457716,16.643936256,170.973110272,698986.900369408,neighbors
4004.694015605375,17.095168,170.517635072,698986.900369408,neighbors
4005.1957741454244,17.483165696,170.129088512,698986.900369408,neighbors
4005.6963803526014,17.760456704,169.851244544,698986.900369408,neighbors
4006.1969291288406,18.099523584,169.523228672,698986.792992768,neighbors
4006.6976354010403,18.461212672,169.1564032,698986.792992768,neighbors
4007.1981756202877,18.688577536,168.92911616,698986.792992768,neighbors
4007.6987305134535,18.907717632,168.70934528,698986.792992768,neighbors
4008.1992811374366,19.146633216,168.474824704,698986.792992768,neighbors
4008.6999449655414,19.37260544,168.240852992,698986.792992768,neighbors
4009.2024700529873,18.312994816,169.257046016,698986.792992768,neighbors
4009.7033636327833,16.76832768,170.849308672,698986.792992768,neighbors
4010.204276856035,17.295069184,170.32464384,698985.889427456,neighbors
4010.7064658459276,17.79513344,169.819357184,698985.889427456,neighbors
4011.209096344188,18.462019584,169.14948096,698985.889427456,neighbors
4011.7098359968513,19.169275904,168.44648448,698985.889427456,neighbors
4012.210354525596,19.365572608,168.24967168,698985.489297408,neighbors
4012.7110305484384,16.657453056,170.958118912,698985.489297408,neighbors
4013.21155770123,17.308872704,170.305970176,698985.489297408,neighbors
4013.7120643723756,18.005880832,169.604923392,698985.489297408,neighbors
4014.212564907968,18.724216832,168.886112256,698985.489297408,neighbors
4014.713223412633,19.37256448,168.234487808,698985.489297408,neighbors
4015.2138520106673,18.61267456,168.994598912,698985.489297408,neighbors
4015.7148177213967,11.034472448,176.5838848,698985.489297408,neighbors
4016.215772088617,13.037252608,174.577168384,698985.503399936,neighbors
4016.7171725351363,15.055867904,172.563501056,698985.503399936,neighbors
4017.218017425388,17.074487296,170.5411584,698985.503399936,neighbors
4017.719304509461,18.927423488,168.682852352,698985.503399936,neighbors
4018.2200335580856,20.57578496,167.03131648,698985.503399936,neighbors
4018.720783561468,20.575789056,167.031103488,698985.503399936,neighbors
4019.22135390155,20.575789056,167.031103488,698985.503399936,neighbors
4019.721860120073,20.575789056,167.02654464,698985.503399936,neighbors
4020.222361575812,20.575789056,167.02654464,698984.54679552,neighbors
4020.7230219636112,20.575789056,167.026925568,698984.54679552,neighbors
4021.2235263884068,20.575789056,167.027052544,698984.54679552,neighbors
4021.7241032402962,20.575789056,167.022649344,698984.54679552,neighbors
4022.22461832501,20.575789056,167.022649344,698984.182726656,neighbors
4022.727740317583,20.575789056,167.03627264,698984.182726656,neighbors
4023.2282434049994,20.575789056,167.03627264,698984.182726656,neighbors
4023.7287983447313,20.575789056,167.031533568,698984.182726656,neighbors
4024.2293097935617,20.575789056,167.031533568,698984.182726656,neighbors
4024.7300118971616,20.575789056,167.030460416,698984.182726656,neighbors
4025.2305180933326,20.575793152,167.030460416,698984.182726656,neighbors
4025.731038812548,20.575793152,167.0281216,698984.182726656,neighbors
4026.2315422333777,20.575793152,167.0281216,698984.531329024,neighbors
4026.732176952064,20.575793152,167.025917952,698984.531329024,neighbors
4027.232680404559,20.575793152,167.036928,698984.531329024,neighbors
4027.733188563958,20.575793152,167.0349824,698984.531329024,neighbors
4028.233703240752,20.575793152,167.0349824,698984.531329024,neighbors
4028.734390778467,20.575801344,167.033085952,698984.531329024,neighbors
4029.234911540523,20.575801344,167.033212928,698984.531329024,neighbors
4029.735613040626,20.575870976,167.031230464,698984.531329024,neighbors
4030.2361879926175,20.575870976,167.031484416,698983.914610688,neighbors
4030.736799005419,20.575870976,167.029526528,698983.914610688,neighbors
4031.2373179495335,20.575870976,167.029526528,698983.914610688,neighbors
4031.7378259003162,20.575870976,167.027503104,698983.914610688,neighbors
4032.238331399858,20.575870976,167.038513152,698983.558438912,neighbors
4032.7390230279416,20.575870976,167.036448768,698983.558438912,neighbors
4033.239528272301,20.575870976,167.036575744,698983.558438912,neighbors
4033.740084335208,20.575870976,167.034863616,698983.558438912,neighbors
4034.2406438291073,20.575870976,167.034990592,698983.558438912,neighbors
4034.7412899453193,20.575870976,167.032672256,698983.558438912,neighbors
4035.241786217317,20.575870976,167.032672256,698983.558438912,neighbors
4035.7422792147845,20.575870976,167.030710272,698983.558438912,neighbors
4036.242768054828,20.575870976,167.030751232,698985.109254144,neighbors
4036.7434288654476,20.575870976,167.02867456,698985.109254144,neighbors
4037.243924004957,20.575870976,167.039811584,698985.109254144,neighbors
4037.744416397065,20.575870976,167.037976576,698985.109254144,neighbors
4038.2449045758694,20.575870976,167.037976576,698985.109254144,neighbors
4038.7455670256168,20.575870976,167.035768832,698985.109254144,neighbors
4039.2460648342967,20.575870976,167.035768832,698985.109254144,neighbors
4039.746514933184,20.575870976,167.033688064,698985.109254144,neighbors
4040.2470123115927,20.575870976,167.033688064,698984.203739136,neighbors
4040.747658263892,20.575870976,167.031566336,698984.203739136,neighbors
4041.248152848333,20.575870976,167.031648256,698984.203739136,neighbors
4041.7486715894192,20.575870976,167.027634176,698984.203739136,neighbors
4042.2491730134934,20.575870976,167.027634176,698984.120315904,neighbors
4042.7520560361445,20.575870976,167.040917504,698984.120315904,neighbors
4043.252521293238,20.575870976,167.040917504,698984.120315904,neighbors
4043.753019584343,20.575870976,167.036506112,698984.120315904,neighbors
4044.2535170111805,20.575870976,167.036506112,698984.120315904,neighbors
4044.754160137847,20.575870976,167.036506112,698984.120315904,neighbors
4045.2546598594636,20.575870976,167.036760064,698984.120315904,neighbors
4045.75521639362,20.664434688,166.94347776,698984.120315904,neighbors
4046.255781572312,20.664434688,166.94347776,698984.63664128,neighbors
4046.756555389613,20.664434688,166.943555584,698984.63664128,neighbors
4047.2574930526316,20.664434688,166.951944192,698984.63664128,neighbors
4047.7585480734706,20.664434688,166.947905536,698984.63664128,neighbors
4048.2593302521855,20.664434688,166.947905536,698984.63664128,neighbors
4048.760119287297,20.664434688,166.9479424,698984.63664128,neighbors
4049.260616650805,20.664434688,166.947950592,698984.63664128,neighbors
4049.7612804900855,20.664434688,166.943383552,698984.63664128,neighbors
4050.262059768662,20.664434688,166.943383552,698983.376990208,neighbors
4050.763037117198,20.664434688,166.943535104,698983.376990208,neighbors
4051.263835342601,20.664434688,166.943563776,698983.376990208,neighbors
4051.7646404411644,20.664434688,166.939107328,698983.376990208,neighbors
4052.2656686846167,20.664434688,166.939107328,698983.049404416,neighbors
4052.771042568609,20.664434688,166.952460288,698983.049404416,neighbors
4053.272209221497,20.664434688,166.952460288,698983.049404416,neighbors
4053.773027861491,20.664434688,166.94808576,698983.049404416,neighbors
4054.2741875890642,20.664434688,166.94808576,698983.049404416,neighbors
4054.775075688958,20.664434688,166.948052992,698983.049404416,neighbors
4055.2756048962474,20.664434688,166.948052992,698983.049404416,neighbors
4055.7763147931546,20.664434688,166.943838208,698983.049404416,neighbors
4056.2773884478956,20.664446976,166.943838208,698983.58272,neighbors
4056.778427137062,20.664446976,166.941290496,698983.58272,neighbors
4057.279834292829,20.664446976,166.941290496,698983.58272,neighbors
4057.7807317376137,20.664446976,166.950080512,698983.58272,neighbors
4058.2818181850016,20.664446976,166.950080512,698983.58272,neighbors
4058.7829333078116,20.664446976,166.947905536,698983.58272,neighbors
4059.2838731165975,20.664446976,166.947905536,698983.58272,neighbors
4059.784599095583,20.664446976,166.947639296,698983.58272,neighbors
4060.2853057775646,20.664446976,166.947643392,698983.437000704,neighbors
4060.7861503362656,20.664446976,166.943100928,698983.437000704,neighbors
4061.286788061261,20.664446976,166.943100928,698983.437000704,neighbors
4061.787560386583,20.664446976,166.943113216,698983.437000704,neighbors
4062.2886551842093,20.664446976,166.943117312,698983.369805824,neighbors
4062.7894808091223,20.664446976,166.938656768,698983.369805824,neighbors
4063.2905245441943,20.664446976,166.938656768,698983.369805824,neighbors
4063.79135357216,20.664446976,166.93850112,698983.369805824,neighbors
4064.2921537365764,20.664446976,166.95160832,698983.369805824,neighbors
4064.7931840140373,20.664446976,166.94740992,698983.369805824,neighbors
4065.29430212453,20.664446976,166.947422208,698983.369805824,neighbors
4065.796391984448,20.664446976,166.947401728,698983.369805824,neighbors
4066.2976299487054,20.664446976,166.947401728,698981.781921792,neighbors
4066.799600524828,20.664446976,166.942900224,698981.781921792,neighbors
4067.3016442991793,20.664446976,166.942900224,698981.781921792,neighbors
4067.802626935765,20.664446976,166.942879744,698981.781921792,neighbors
4068.3039673529565,20.664446976,166.953889792,698981.781921792,neighbors
4068.8056852929294,20.664446976,166.949269504,698981.781921792,neighbors
4069.307753484696,20.664446976,166.949269504,698981.781921792,neighbors
4069.808364633471,20.664446976,166.949249024,698981.781921792,neighbors
4070.308966357261,20.664446976,166.949249024,698981.951606784,neighbors
4070.8100250847638,20.664446976,166.944854016,698981.951606784,neighbors
4071.310799576342,20.664446976,166.944854016,698981.951606784,neighbors
4071.812141597271,20.664446976,166.9430272,698981.951606784,neighbors
4072.3130583893508,20.664446976,166.9430272,698982.134267904,neighbors
4072.814675549045,20.664446976,166.940491776,698982.134267904,neighbors
4073.3166300002486,20.664446976,166.940491776,698982.134267904,neighbors
4073.818311456591,20.664446976,166.949138432,698982.134267904,neighbors
4074.3206769693643,20.664446976,166.949138432,698982.134267904,neighbors
4074.821795338765,20.664446976,166.945767424,698982.134267904,neighbors
4075.322540996596,20.664446976,166.945767424,698982.134267904,neighbors
4075.8232125751674,20.664446976,166.943633408,698982.134267904,neighbors
4076.3240021169186,20.664446976,166.943633408,698982.292525056,neighbors
4076.824988203123,20.664446976,166.941319168,698982.292525056,neighbors
4077.325658639893,20.664446976,166.941323264,698982.292525056,neighbors
4077.8269721958786,20.664446976,166.938955776,698982.292525056,neighbors
4078.328317761421,20.664446976,166.938955776,698982.292525056,neighbors
4078.8326896093786,20.664446976,166.947885056,698982.292525056,neighbors
4079.3335324265063,20.664446976,166.947872768,698982.292525056,neighbors
4079.8346208520234,20.664446976,166.945693696,698982.292525056,neighbors
4080.3357691224664,20.664446976,166.94556672,698982.361939968,neighbors
4080.8371587470174,20.664446976,166.94321152,698982.361939968,neighbors
4081.338571321219,20.664446976,166.94321152,698982.361939968,neighbors
4081.8396536409855,20.664446976,166.94079488,698982.361939968,neighbors
4082.3410540521145,20.664446976,166.94079488,698983.709671424,neighbors
4082.842624735087,20.664446976,166.94089728,698983.709671424,neighbors
4083.343668555841,20.664446976,166.94089728,698983.709671424,neighbors
4083.8445446249098,20.664446976,166.936481792,698983.709671424,neighbors
4084.345682768151,20.664446976,166.936481792,698983.709671424,neighbors
4084.850398052484,20.664446976,166.947639296,698983.709671424,neighbors
4085.351387284696,20.664446976,166.947639296,698983.709671424,neighbors
4085.8528537061065,20.664446976,166.945415168,698983.033339904,neighbors
4086.353913774714,20.664446976,166.945415168,698983.033339904,neighbors
4086.854993492365,20.664446976,166.943338496,698983.033339904,neighbors
4087.3566609211266,20.664446976,166.943338496,698983.033339904,neighbors
4087.8581685721874,20.664446976,166.940909568,698983.033339904,neighbors
4088.360068572685,20.664446976,166.940909568,698983.033339904,neighbors
4088.8613765034825,20.664446976,166.949412864,698983.033339904,neighbors
4089.3632104005665,20.664446976,166.949031936,698983.033339904,neighbors
4089.8647479638457,20.664446976,166.946349056,698982.880038912,neighbors
4090.3666972573847,20.664446976,166.94622208,698982.880038912,neighbors
4090.868361128494,20.664446976,166.943727616,698982.880038912,neighbors
4091.370088674128,20.664446976,166.94360064,698982.880038912,neighbors
4091.8712940253317,20.664446976,166.941462528,698982.484074496,neighbors
4092.3731104638427,20.664446976,166.941335552,698982.484074496,neighbors
4092.874666823074,20.664446976,166.938968064,698982.484074496,neighbors
4093.3763325158507,20.664446976,166.93909504,698982.484074496,neighbors
4093.877683300525,20.664446976,166.947749888,698982.484074496,neighbors
4094.379616966471,20.664446976,166.947749888,698982.484074496,neighbors
4094.880668900907,20.664446976,166.945640448,698982.484074496,neighbors
4095.3817870449275,20.664446976,166.945755136,698982.484074496,neighbors
4095.8835102487355,20.664446976,166.941257728,698981.377605632,neighbors
4096.384655987844,20.664446976,166.941257728,698981.377605632,neighbors
4096.885571843013,20.575895552,167.028609024,698981.377605632,neighbors
4097.386487292126,20.575895552,167.028609024,698981.377605632,neighbors
4097.88808083348,20.575895552,167.024091136,698981.377605632,neighbors
4098.389212142676,20.575895552,167.024091136,698981.377605632,neighbors
4098.891161797568,20.575895552,167.024623616,698981.377605632,neighbors
4099.392023244873,20.575895552,167.036014592,698981.377605632,neighbors
4099.892537403852,20.575895552,167.031721984,698980.995526656,neighbors
4100.393277227879,20.575895552,167.031721984,698980.995526656,neighbors
4100.893775576726,20.575895552,167.031721984,698980.995526656,neighbors
4101.394471611828,20.575895552,167.031808,698980.995526656,neighbors
4101.895653923973,20.575895552,167.027245056,698980.984406016,neighbors
4102.396688604727,20.575895552,167.027245056,698980.984406016,neighbors
4102.897384332493,20.575895552,167.027585024,698980.984406016,neighbors
4103.398038573563,20.575895552,167.027748864,698980.984406016,neighbors
4103.899112775922,20.575895552,167.02326784,698980.984406016,neighbors
4104.404352689162,20.575895552,167.03637504,698980.984406016,neighbors
4104.905688174069,20.575895552,167.035867136,698980.984406016,neighbors
4105.406635360792,20.575895552,167.03588352,698980.984406016,neighbors
4105.907641245052,20.575895552,167.032635392,698981.01798912,neighbors
4106.408728023991,20.575895552,167.032635392,698981.01798912,neighbors
4106.909376237541,20.575895552,167.030689792,698981.01798912,neighbors
4107.4098862130195,20.575895552,167.030689792,698981.01798912,neighbors
4107.911615068093,20.575895552,167.02793728,698981.01798912,neighbors
4108.41250917688,20.575895552,167.028088832,698981.01798912,neighbors
4108.913142228499,20.575895552,167.025881088,698981.01798912,neighbors
4109.413793090731,20.575895552,167.025881088,698981.01798912,neighbors
4109.914308339357,20.575895552,167.034810368,698981.01798912,neighbors
4110.415156848729,20.575895552,167.034810368,698981.01798912,neighbors
4110.917168265209,20.575895552,167.032602624,698981.01798912,neighbors
4111.4181064888835,20.575895552,167.032602624,698981.01798912,neighbors
4111.919886188582,20.575895552,167.03039488,698981.066108928,neighbors
4112.421025976539,20.575895552,167.030263808,698981.066108928,neighbors
4112.922975001857,20.575895552,167.028195328,698981.066108928,neighbors
4113.423903673887,20.575895552,167.028195328,698981.066108928,neighbors
4113.924852181226,20.575895552,167.039336448,698981.066108928,neighbors
4114.426086207852,20.575895552,167.039336448,698981.066108928,neighbors
4114.927925596014,20.575895552,167.03479808,698981.066108928,neighbors
4115.429331485182,20.575903744,167.03479808,698981.066108928,neighbors
4115.930972693488,20.575903744,167.034789888,698980.77698048,neighbors
4116.432091740891,20.575903744,167.034789888,698980.77698048,neighbors
4116.934066247195,20.575903744,167.030378496,698980.77698048,neighbors
4117.43500258401,20.575903744,167.030378496,698980.77698048,neighbors
4117.936119962484,20.575903744,167.026069504,698980.77698048,neighbors
4118.437184847891,20.575903744,167.028293632,698980.77698048,neighbors
4118.938405003399,20.575903744,167.026085888,698980.77698048,neighbors
4119.439167890698,20.575903744,167.034998784,698980.77698048,neighbors
4119.939850710332,20.575903744,167.035273216,698980.8105472,neighbors
4120.440529132262,20.575903744,167.035281408,698980.8105472,neighbors
4120.941040020436,20.575903744,167.033073664,698980.8105472,neighbors
4121.441547181457,20.575903744,167.033073664,698980.8105472,neighbors
4121.942046944052,20.575903744,167.033032704,698980.957597696,neighbors
4122.443054737523,20.575903744,167.032508416,698980.957597696,neighbors
4122.9441599640995,20.575903744,167.028752384,698980.957597696,neighbors
4123.444791872054,20.575903744,167.028854784,698980.957597696,neighbors
4123.9454892762005,20.575903744,167.039873024,698980.957597696,neighbors
4124.446665095165,20.575903744,167.03936512,698980.957597696,neighbors
4124.947714172304,20.575903744,167.035367424,698980.957597696,neighbors
4125.448345331475,20.575903744,167.035367424,698980.957597696,neighbors
4125.948864305392,20.575903744,167.035240448,698980.464545792,neighbors
4126.449604175985,20.575903744,167.034454016,698980.464545792,neighbors
4126.950699593872,20.575903744,167.028842496,698980.464545792,neighbors
4127.451591100544,20.575903744,167.028842496,698980.464545792,neighbors
4127.952818218619,20.575903744,167.028842496,698980.464545792,neighbors
4128.454000722617,20.575903744,167.029092352,698980.464545792,neighbors
4128.954656513408,20.575903744,167.026778112,698980.464545792,neighbors
4129.455168733373,20.575903744,167.02664704,698980.464545792,neighbors
4129.955695493147,20.575903744,167.024336896,698981.907234816,neighbors
4130.459644084796,20.575903744,167.036915712,698981.907234816,neighbors
4130.960896557197,20.575903744,167.033430016,698981.907234816,neighbors
4131.461730340496,20.575903744,167.033430016,698981.907234816,neighbors
4131.962895875797,20.575903744,167.033556992,698982.11661824,neighbors
4132.463747093454,20.575903744,167.03348736,698982.11661824,neighbors
4132.964276112616,20.575903744,167.029256192,698982.11661824,neighbors
4133.4650025218725,20.575944704,167.029256192,698982.11661824,neighbors
4133.965586250648,20.575944704,167.029256192,698982.11661824,neighbors
4134.466455971822,20.575944704,167.036342272,698982.11661824,neighbors
4134.967058401555,20.575944704,167.032864768,698982.11661824,neighbors
4135.467584032565,20.575944704,167.03287296,698982.11661824,neighbors
4135.968089396134,20.575944704,167.032754176,698982.145056768,neighbors
4136.46884104982,20.664492032,166.944075776,698982.145056768,neighbors
4136.969620808959,20.664492032,166.939578368,698982.145056768,neighbors
4137.470303229988,20.664492032,166.939721728,698982.145056768,neighbors
4137.970848020166,20.664492032,166.93972992,698982.145056768,neighbors
4138.471517054364,20.664492032,166.939598848,698982.145056768,neighbors
4138.972022879869,20.664492032,166.93528576,698982.145056768,neighbors
4139.472518617287,20.664492032,166.948184064,698982.145056768,neighbors
4139.973019635305,20.664492032,166.946627584,698981.550329856,neighbors
4140.473811876029,20.664492032,166.946738176,698981.550329856,neighbors
4140.974385334179,20.664492032,166.944432128,698981.550329856,neighbors
4141.475051000714,20.664492032,166.944301056,698981.550329856,neighbors
4141.975938539952,20.664492032,166.942326784,698980.74896384,neighbors
4142.476843636483,20.664492032,166.942339072,698980.74896384,neighbors
4142.977529767901,20.664492032,166.942363648,698980.74896384,neighbors
4143.478260036558,20.664492032,166.942265344,698980.74896384,neighbors
4143.97900926508,20.664492032,166.937726976,698980.74896384,neighbors
4144.4799451660365,20.664492032,166.93798912,698980.74896384,neighbors
4144.980796441436,20.664492032,166.949019648,698980.74896384,neighbors
4145.48184566386,20.664492032,166.948630528,698980.74896384,neighbors
4145.982740279287,20.664492032,166.944657408,698980.844802048,neighbors
4146.484075913206,20.664492032,166.944653312,698980.844802048,neighbors
4146.98473707214,20.664492032,166.94464512,698980.844802048,neighbors
4147.485559932888,20.664492032,166.94441984,698980.844802048,neighbors
4147.987028660253,20.664492032,166.939426816,698980.844802048,neighbors
4148.488386912271,20.664492032,166.938558464,698980.844802048,neighbors
4148.989442957565,20.664492032,166.937300992,698980.844802048,neighbors
4149.490430230275,20.664492032,166.937145344,698980.844802048,neighbors
4149.991690149531,20.664492032,166.93495808,698980.335341568,neighbors
4150.495998861268,20.664492032,166.948057088,698980.335341568,neighbors
4150.996802583337,20.664492032,166.946107392,698980.335341568,neighbors
4151.497430207208,20.664492032,166.94611968,698980.335341568,neighbors
4151.998130785301,20.664492032,166.94382592,698979.524030464,neighbors
4152.499198073521,20.664492032,166.943694848,698979.524030464,neighbors
4152.9999764245,20.664492032,166.941753344,698979.524030464,neighbors
4153.50073023513,20.664492032,166.941761536,698979.524030464,neighbors
4154.001494884491,20.664492032,166.939500544,698979.524030464,neighbors
4154.5023964867,20.664492032,166.939332608,698979.524030464,neighbors
4155.003117604181,20.664492032,166.937268224,698979.524030464,neighbors
4155.5038027614355,20.664492032,166.948265984,698979.524030464,neighbors
4156.005112309009,20.664492032,166.946009088,698978.410180608,neighbors
4156.506751548499,20.664496128,166.94564864,698978.410180608,neighbors
4157.00884950906,20.664496128,166.943768576,698978.410180608,neighbors
4157.509643113241,20.664496128,166.94376448,698978.410180608,neighbors
4158.011497106403,20.664496128,166.939365376,698978.410180608,neighbors
4158.512859135866,20.664496128,166.93921792,698978.410180608,neighbors
4159.014352656901,20.664496128,166.939242496,698978.410180608,neighbors
4159.515036135912,20.664496128,166.950232064,698978.410180608,neighbors
4160.016224596649,20.664496128,166.946004992,698978.713452544,neighbors
4160.51765435189,20.664496128,166.94605824,698978.713452544,neighbors
4161.018650952727,20.664496128,166.94605824,698978.713452544,neighbors
4161.519719189033,20.664496128,166.945804288,698978.713452544,neighbors
4162.020896159112,20.664496128,166.94136832,698979.349331968,neighbors
4162.5223360955715,20.664496128,166.941257728,698979.349331968,neighbors
4163.023104568943,20.664496128,166.941130752,698979.349331968,neighbors
4163.523809200153,20.664496128,166.938021888,698979.349331968,neighbors
4164.024464063346,20.664496128,166.936723456,698979.349331968,neighbors
4164.525394400582,20.664496128,166.936727552,698979.349331968,neighbors
4165.026391444728,20.664496128,166.947979264,698979.349331968,neighbors
4165.527476584539,20.664496128,166.94747136,698979.349331968,neighbors
4166.028503060341,20.664496128,166.94335488,698979.309043712,neighbors
4166.529986228794,20.664496128,166.943158272,698979.309043712,neighbors
4167.03186497651,20.664496128,166.943346688,698979.309043712,neighbors
4167.532860726118,20.664496128,166.94300672,698979.309043712,neighbors
4168.033838160336,20.664496128,166.938861568,698979.309043712,neighbors
4168.534839013591,20.664496128,166.93743616,698979.309043712,neighbors
4169.035502301529,20.664496128,166.936846336,698979.309043712,neighbors
4169.536202387884,20.664496128,166.947631104,698979.309043712,neighbors
4170.036978941411,20.664496128,166.945804288,698978.898194432,neighbors
4170.537929175422,20.664496128,166.945071104,698978.898194432,neighbors
4171.039301415905,20.664496128,166.942937088,698978.898194432,neighbors
4171.5413455329835,20.664496128,166.942834688,698978.898194432,neighbors
4172.041981237009,20.664496128,166.9428224,698979.583410176,neighbors
4172.5431515052915,20.664496128,166.94269952,698979.583410176,neighbors
4173.044018324465,20.664496128,166.938230784,698979.583410176,neighbors
4173.545310048386,20.664496128,166.938374144,698979.583410176,neighbors
4174.046041980386,20.664496128,166.938365952,698979.583410176,neighbors
4174.546792758629,20.664496128,166.938124288,698979.583410176,neighbors
4175.047295557335,20.664496128,166.93395456,698979.583410176,neighbors
4175.547798868269,20.664496128,166.94714368,698979.583410176,neighbors
4176.048450764269,20.664496128,166.947508224,698979.788836864,neighbors
4176.549339713529,20.664496128,166.94751232,698979.788836864,neighbors
4177.049906136468,20.575944704,167.029604352,698979.788836864,neighbors
4177.550474753603,20.575944704,167.030554624,698979.788836864,neighbors
4178.051275623962,20.575944704,167.030587392,698979.788836864,neighbors
4178.552160445601,20.575944704,167.030378496,698979.788836864,neighbors
4179.052809797227,20.575944704,167.02590976,698979.788836864,neighbors
4179.553527301177,20.575944704,167.024422912,698979.788836864,neighbors
4180.054329553619,20.575944704,167.03488,698979.814547456,neighbors
4180.555377012119,20.575944704,167.034486784,698979.814547456,neighbors
4181.055960576981,20.575944704,167.034486784,698979.814547456,neighbors
4181.556540744379,20.575944704,167.030607872,698979.814547456,neighbors
4182.057056583464,20.575944704,167.030607872,698981.114372096,neighbors
4182.557813717052,20.575944704,167.028457472,698981.114372096,neighbors
4183.059395076707,20.575944704,167.028457472,698981.114372096,neighbors
4183.561083309352,20.575944704,167.026302976,698981.114372096,neighbors
4184.063097972423,20.575944704,167.026302976,698981.114372096,neighbors
4184.564284443855,20.575944704,167.024570368,698981.114372096,neighbors
4185.065192004666,20.575944704,167.035707392,698981.114372096,neighbors
4185.567190684378,20.575944704,167.03363072,698981.114372096,neighbors
4186.069218710065,20.575944704,167.03363072,698983.421677568,neighbors
4186.571065977216,20.575944704,167.031549952,698983.421677568,neighbors
4187.072367260233,20.575944704,167.031549952,698983.421677568,neighbors
4187.5735800899565,20.575944704,167.03141888,698983.421677568,neighbors
4188.074570143595,20.575944704,167.029198848,698983.421677568,neighbors
4188.575964964926,20.575944704,167.029190656,698983.421677568,neighbors
4189.076606588438,20.575944704,167.02926848,698983.421677568,neighbors
4189.577102156356,20.575944704,167.027347456,698983.421677568,neighbors
4190.0776190478355,20.575944704,167.025139712,698983.409782784,neighbors
4190.5807163491845,20.575944704,167.03614976,698983.409782784,neighbors
4191.081248167902,20.575944704,167.036350464,698983.409782784,neighbors
4191.582989657298,20.575944704,167.034413056,698983.409782784,neighbors
4192.083605024964,20.575944704,167.03207424,698983.879254016,neighbors
4192.5843558404595,20.575944704,167.032201216,698983.879254016,neighbors
4193.084845708683,20.575944704,167.032201216,698983.879254016,neighbors
4193.5854087248445,20.575944704,167.027802112,698983.879254016,neighbors
4194.08630143106,20.575944704,167.02767104,698983.879254016,neighbors
4194.587911086157,20.575944704,167.026642944,698983.879254016,neighbors
4195.089083133265,20.575944704,167.023271936,698983.879254016,neighbors
4195.5911158863455,20.575944704,167.023140864,698983.879254016,neighbors
4196.092092167586,20.575944704,167.023140864,698983.463612416,neighbors
4196.596486156806,20.575944704,167.032467456,698983.463612416,neighbors
4197.09730868414,20.575944704,167.032467456,698983.463612416,neighbors
4197.5980642437935,20.575944704,167.032479744,698983.463612416,neighbors
4198.0987632498145,20.575944704,167.032348672,698983.463612416,neighbors
4198.599559754133,20.575944704,167.030120448,698983.463612416,neighbors
4199.100092485547,20.575944704,167.030120448,698983.463612416,neighbors
4199.6006245631725,20.575944704,167.02803968,698983.463612416,neighbors
4200.101217670366,20.575944704,167.02803968,698983.547379712,neighbors
4200.604441316798,20.575944704,167.03705088,698983.547379712,neighbors
4201.105045814067,20.575944704,167.03705088,698983.547379712,neighbors
4201.605657111853,20.575944704,167.034912768,698983.547379712,neighbors
4202.1061876211315,20.575944704,167.034912768,698983.651160064,neighbors
4202.606969047338,20.575944704,167.032598528,698983.651160064,neighbors
4203.107549108565,20.575944704,167.032598528,698983.651160064,neighbors
4203.608184970915,20.575944704,167.030390784,698983.651160064,neighbors
4204.109006464481,20.575944704,167.030644736,698983.651160064,neighbors
4204.610137168318,20.575944704,167.02844928,698983.651160064,neighbors
4205.111916864291,20.575944704,167.02844928,698983.651160064,neighbors
4205.612892236561,20.575944704,167.03524864,698983.651160064,neighbors
4206.114949120209,20.575944704,167.03524864,698983.250710528,neighbors
4206.616430368274,20.575944704,167.035150336,698983.250710528,neighbors
4207.1172952558845,20.575944704,167.035150336,698983.250710528,neighbors
4207.61787536554,20.575944704,167.03086592,698983.250710528,neighbors
4208.118401864544,20.575944704,167.03086592,698983.250710528,neighbors
4208.619108002633,20.575944704,167.030816768,698983.250710528,neighbors
4209.119629938155,20.575944704,167.030816768,698983.250710528,neighbors
4209.620197061449,20.575944704,167.026479104,698983.250710528,neighbors
4210.120714975521,20.575944704,167.026479104,698983.554748416,neighbors
4210.621448015794,20.575944704,167.026499584,698983.554748416,neighbors
4211.121950665489,20.575944704,167.037509632,698983.554748416,neighbors
4211.622469136491,20.575944704,167.033192448,698983.554748416,neighbors
4212.122951595113,20.575944704,167.033192448,698985.794433024,neighbors
4212.623747909442,20.664492032,166.944161792,698985.794433024,neighbors
4213.124395281076,20.664492032,166.944288768,698985.794433024,neighbors
4213.624913204461,20.664492032,166.939365376,698985.794433024,neighbors
4214.125423740596,20.664492032,166.939365376,698985.794433024,neighbors
4214.62610091269,20.664492032,166.939541504,698985.794433024,neighbors
4215.126693639904,20.664492032,166.939639808,698985.794433024,neighbors
4215.62727333419,20.664492032,166.935199744,698985.794433024,neighbors
4216.127788612619,20.664492032,166.935199744,698985.76572416,neighbors
4216.631530720741,20.664492032,166.948528128,698985.76572416,neighbors
4217.132045280188,20.664492032,166.948745216,698985.76572416,neighbors
4217.632554672658,20.664492032,166.944354304,698985.76572416,neighbors
4218.133188769221,20.664492032,166.944354304,698985.76572416,neighbors
4218.634082457051,20.664492032,166.944370688,698985.76572416,neighbors
4219.134604236111,20.664492032,166.944239616,698985.76572416,neighbors
4219.635124940425,20.664492032,166.940024832,698985.76572416,neighbors
4220.135712713003,20.664496128,166.940024832,698985.761779712,neighbors
4220.6365924961865,20.664496128,166.94683648,698985.761779712,neighbors
4221.13767291978,20.664496128,166.94683648,698985.761779712,neighbors
4221.638523494825,20.664496128,166.944038912,698985.761779712,neighbors
4222.139195276424,20.664496128,166.943924224,698985.738747904,neighbors
4222.63990256004,20.664496128,166.941765632,698985.738747904,neighbors
4223.140679020435,20.664496128,166.941765632,698985.738747904,neighbors
4223.6423331368715,20.664496128,166.93952512,698985.738747904,neighbors
4224.143257452175,20.664496128,166.939521024,698985.738747904,neighbors
4224.644258668646,20.664496128,166.937194496,698985.738747904,neighbors
4225.145401457325,20.664496128,166.937194496,698985.738747904,neighbors
4225.6464557964355,20.664496128,166.946357248,698985.738747904,neighbors
4226.147274244577,20.664496128,166.946357248,698985.998389248,neighbors
4226.648554936051,20.664496128,166.944186368,698985.998389248,neighbors
4227.149422528222,20.664496128,166.944186368,698985.998389248,neighbors
4227.650082044303,20.664496128,167.026900992,698985.998389248,neighbors
4228.150625580922,20.664496128,167.251931136,698985.998389248,neighbors
4228.6513361521065,20.664496128,167.485997056,698985.998389248,neighbors
4229.151856455952,20.664496128,167.721181184,698985.998389248,neighbors
4229.652383496985,20.664496128,167.844356096,698985.998389248,neighbors
4230.152912432328,20.664496128,167.842418688,698986.0001792,neighbors
4230.65368725732,20.664496128,167.84175104,698986.0001792,neighbors
4231.1542213167995,20.664496128,167.83949824,698986.0001792,neighbors
4231.654764998704,20.575944704,167.926530048,698986.0001792,neighbors
4232.155470889062,20.575952896,167.939702784,698985.91389696,neighbors
4232.656180005521,20.575952896,167.937142784,698985.91389696,neighbors
4233.156690092757,20.575952896,167.935361024,698985.91389696,neighbors
4233.657209709287,20.575952896,167.935361024,698985.91389696,neighbors
4234.157716261223,20.575952896,167.935102976,698985.91389696,neighbors
4234.658342648298,20.575952896,167.933161472,698985.91389696,neighbors
4235.158848928288,20.575952896,167.930949632,698985.91389696,neighbors
4235.6593690197915,20.575952896,167.930970112,698985.91389696,neighbors
4236.159874835983,20.575952896,167.939756032,698985.962795008,neighbors
4236.66058764793,20.575952896,167.939383296,698985.962795008,neighbors
4237.161081144586,20.575952896,167.935291392,698985.962795008,neighbors
4237.661581069231,20.575952896,167.934910464,698985.962795008,neighbors
4238.162081679329,20.575952896,167.934906368,698985.962795008,neighbors
4238.662746192887,20.575952896,167.930712064,698985.962795008,neighbors
4239.163312898949,20.575952896,167.930712064,698985.962795008,neighbors
4239.663821192458,20.575952896,167.930712064,698985.962795008,neighbors
4240.1643213965,20.575952896,167.928639488,698985.962983424,neighbors
4240.6650048568845,20.575952896,167.928508416,698985.962983424,neighbors
4241.165499215946,20.575952896,167.928508416,698985.962983424,neighbors
4241.665995115414,20.575952896,167.926403072,698985.962983424,neighbors
4242.16649164632,20.575952896,167.939670016,698985.98162432,neighbors
4242.66711519286,20.575952896,167.936958464,698985.98162432,neighbors
4243.16761928983,20.575952896,167.935086592,698985.98162432,neighbors
4243.668115507811,20.575952896,167.935086592,698985.98162432,neighbors
4244.168627236038,20.575952896,167.934943232,698985.98162432,neighbors
4244.669308776036,20.575952896,167.930769408,698985.98162432,neighbors
4245.1698094327,20.575952896,167.930769408,698985.98162432,neighbors
4245.670309595764,20.575952896,167.930896384,698985.98162432,neighbors
4246.17080338113,20.575952896,167.938789376,698985.753645056,neighbors
4246.671478653327,20.575952896,167.938527232,698985.753645056,neighbors
4247.171975200996,20.575952896,167.935963136,698985.753645056,neighbors
4247.672471728176,20.575952896,167.93595904,698985.753645056,neighbors
4248.172972820699,20.575952896,167.93595904,698985.753645056,neighbors
4248.673626082018,20.575952896,167.931551744,698985.753645056,neighbors
4249.174120545387,20.575952896,167.931551744,698985.753645056,neighbors
4249.674632687122,20.575952896,167.930667008,698985.753645056,neighbors
4250.175178265199,20.575952896,167.929638912,698985.74972928,neighbors
4250.6759462524205,20.575952896,167.942488064,698985.74972928,neighbors
4251.176612352952,20.575952896,167.94017792,698985.74972928,neighbors
4251.677137199789,20.575952896,167.94003456,698985.74972928,neighbors
4252.177635747939,20.575952896,167.94003456,698987.602067456,neighbors
4252.678286753595,20.575952896,167.937810432,698987.602067456,neighbors
4253.178776441142,20.575952896,167.936262144,698987.602067456,neighbors
4253.6792764775455,20.575952896,167.936262144,698987.602067456,neighbors
4254.179772960022,20.575952896,167.936262144,698987.602067456,neighbors
4254.6804914381355,20.575952896,167.934836736,698987.602067456,neighbors
4255.1810012459755,20.575952896,167.93184256,698987.602067456,neighbors
4255.681503936648,20.575952896,167.93202688,698987.602067456,neighbors
4256.182004354894,20.575952896,167.931895808,698987.517648896,neighbors
4256.684516727924,20.575952896,167.940562944,698987.517648896,neighbors
4257.185010081157,20.575952896,167.939059712,698987.517648896,neighbors
4257.685514140874,20.575952896,167.93905152,698987.517648896,neighbors
4258.186011807993,20.575952896,167.93905152,698987.517648896,neighbors
4258.686666289344,20.575952896,167.934623744,698987.517648896,neighbors
4259.187524529174,20.659580928,167.850237952,698987.517648896,neighbors
4259.688201736659,20.664496128,167.844626432,698987.517648896,neighbors
4260.188785085455,20.664496128,167.843119104,698987.363160064,neighbors
4260.689651207998,20.664496128,167.852158976,698987.363160064,neighbors
4261.190777417272,20.664496128,167.852347392,698987.363160064,neighbors
4261.692112436518,20.664496128,167.848009728,698987.363160064,neighbors
4262.193128516898,20.664496128,167.848009728,698987.010347008,neighbors
4262.693969655782,20.664496128,167.848259584,698987.010347008,neighbors
4263.194515826181,20.664496128,167.848259584,698987.010347008,neighbors
4263.695152075961,20.664496128,167.843704832,698987.010347008,neighbors
4264.195784760639,20.664496128,167.843704832,698987.010347008,neighbors
4264.696591636166,20.664496128,167.844134912,698987.010347008,neighbors
4265.197185171768,20.664496128,167.844261888,698987.010347008,neighbors
4265.697772916406,20.664496128,167.839899648,698987.010347008,neighbors
4266.198333945125,20.664496128,167.839899648,698985.838505984,neighbors
4266.70200650394,20.664496128,167.853367296,698985.838505984,neighbors
4267.202714212239,20.664496128,167.853367296,698985.838505984,neighbors
4267.703765800223,20.664496128,167.848615936,698985.838505984,neighbors
4268.20503157191,20.664496128,167.848615936,698985.838505984,neighbors
4268.706180097535,20.664496128,167.848972288,698985.838505984,neighbors
4269.207361936569,20.575952896,167.937122304,698985.838505984,neighbors
4269.708837887272,20.575952896,167.936630784,698985.838505984,neighbors
4270.2097217179835,20.575952896,167.9330304,698986.03134976,neighbors
4270.710864668712,20.575952896,167.933067264,698986.03134976,neighbors
4271.2115770205855,20.575952896,167.944081408,698986.03134976,neighbors
4271.712115313858,20.575952896,167.940329472,698986.03134976,neighbors
4272.212773434818,20.575952896,167.939678208,698987.806265344,neighbors
4272.713620569557,20.575952896,167.939928064,698987.806265344,neighbors
4273.214132640511,20.575952896,167.940063232,698987.806265344,neighbors
4273.714830132201,20.575952896,167.935471616,698987.806265344,neighbors
4274.215568063781,20.575952896,167.935471616,698987.806265344,neighbors
4274.7162846289575,20.575952896,167.933673472,698987.806265344,neighbors
4275.216854862869,20.575952896,167.933546496,698987.806265344,neighbors
4275.71754781343,20.575952896,167.944572928,698987.806265344,neighbors
4276.2182644195855,20.575952896,167.944572928,698987.501678592,neighbors
4276.718934645876,20.575952896,167.944179712,698987.501678592,neighbors
4277.219448111951,20.575952896,167.940132864,698987.501678592,neighbors
4277.720005562529,20.575952896,167.940386816,698987.501678592,neighbors
4278.221062885597,20.575952896,167.940399104,698987.501678592,neighbors
4278.7233336325735,20.575952896,167.935881216,698987.501678592,neighbors
4279.224085409194,20.575952896,167.935881216,698987.501678592,neighbors
4279.724721156061,20.575952896,167.933804544,698987.501678592,neighbors
4280.225215321407,20.575952896,167.933997056,698987.492499456,neighbors
4280.726102843881,20.575952896,167.931920384,698987.492499456,neighbors
4281.22814312391,20.575952896,167.931920384,698987.492499456,neighbors
4281.728854320943,20.575952896,167.943094272,698987.492499456,neighbors
4282.229404604062,20.575952896,167.939985408,698987.723169792,neighbors
4282.730360813439,20.575952896,167.939723264,698987.723169792,neighbors
4283.231891900301,20.575952896,167.939723264,698987.723169792,neighbors
4283.733138855547,20.575952896,167.938629632,698987.723169792,neighbors
4284.234019393101,20.575952896,167.938756608,698987.723169792,neighbors
4284.734688509256,20.575952896,167.938367488,698987.723169792,neighbors
4285.235187353566,20.575952896,167.933825024,698987.723169792,neighbors
4285.735753225163,20.575952896,167.942742016,698987.723169792,neighbors
4286.236329970881,20.575952896,167.942742016,698988.289245184,neighbors
4286.73767022416,20.575952896,167.93833472,698988.289245184,neighbors
4287.2389731779695,20.575952896,167.93833472,698988.289245184,neighbors
4287.740169417113,20.575952896,167.938347008,698988.289245184,neighbors
4288.241838453338,20.575952896,167.938347008,698988.289245184,neighbors
4288.742864534259,20.575952896,167.934099456,698988.289245184,neighbors
4289.244224956259,20.575952896,167.934099456,698988.289245184,neighbors
4289.744918840006,20.575952896,167.931908096,698988.289245184,neighbors
4290.245442554355,20.575952896,167.931908096,698988.259565568,neighbors
4290.746331047267,20.575952896,167.931908096,698988.259565568,neighbors
4291.2473016846925,20.575952896,167.929720832,698988.259565568,neighbors
4291.748551243916,20.575952896,167.942766592,698988.259565568,neighbors
4292.249415025115,20.575952896,167.942766592,698988.188368896,neighbors
4292.750391444191,20.575952896,167.94068992,698988.188368896,neighbors
4293.251501619816,20.575952896,167.938244608,698988.188368896,neighbors
4293.7526621855795,20.575952896,167.938244608,698988.188368896,neighbors
4294.253475835547,20.575952896,167.938244608,698988.188368896,neighbors
4294.7547144871205,20.575952896,167.936671744,698988.188368896,neighbors
4295.255338361487,20.575952896,167.933067264,698988.188368896,neighbors
4295.7558452785015,20.575952896,167.933067264,698988.188368896,neighbors
4296.256369223818,20.575952896,167.933067264,698988.453400576,neighbors
4296.760341376066,20.575952896,167.941742592,698988.453400576,neighbors
4297.261162996292,20.575952896,167.940718592,698988.453400576,neighbors
4297.762530429289,20.575952896,167.94058752,698988.453400576,neighbors
4298.263896713033,20.575952896,167.94058752,698988.453400576,neighbors
4298.765367617831,20.575952896,167.936712704,698988.453400576,neighbors
4299.266748366877,20.575952896,167.936589824,698988.453400576,neighbors
4299.768082156777,20.575952896,167.935279104,698988.453400576,neighbors
4300.269117426127,20.575952896,167.934386176,698989.798465536,neighbors
4300.770224576816,20.575952896,167.945424896,698989.798465536,neighbors
4301.271621698514,20.575952896,167.94529792,698989.798465536,neighbors
4301.772954389453,20.575952896,167.941025792,698989.798465536,neighbors
4302.274397069588,20.575952896,167.941025792,698989.313974272,neighbors
4302.776006899774,20.664492032,167.852265472,698989.313974272,neighbors
4303.277099937201,20.664492032,167.852265472,698989.313974272,neighbors
4303.778851369396,20.664492032,167.847227392,698989.313974272,neighbors
4304.279956964776,20.664492032,167.847100416,698989.313974272,neighbors
4304.781703544781,20.664492032,167.844753408,698989.313974272,neighbors
4305.282963132486,20.66450432,167.844634624,698989.313974272,neighbors
4305.785218108445,20.66450432,167.842312192,698989.313974272,neighbors
4306.2864597812295,20.66450432,167.842164736,698989.773201408,neighbors
4306.790776221082,20.66450432,167.851065344,698989.773201408,neighbors
4307.291781816632,20.575952896,167.93858048,698989.773201408,neighbors
4307.793111268431,20.575952896,167.936086016,698989.773201408,neighbors
4308.294022480026,20.575952896,167.936106496,698989.773201408,neighbors
4308.79485203512,20.575952896,167.9337472,698989.773201408,neighbors
4309.295613866299,20.575952896,167.933874176,698989.773201408,neighbors
4309.796309098601,20.575952896,167.93147392,698989.773201408,neighbors
4310.297471633181,20.575952896,167.93147392,698989.754990592,neighbors
4310.798791186884,20.575952896,167.929253888,698989.754990592,neighbors
4311.299960449338,20.575952896,167.929253888,698989.754990592,neighbors
4311.8006745278835,20.575952896,167.940395008,698989.754990592,neighbors
4312.301426870748,20.575952896,167.940395008,698989.683986432,neighbors
4312.802375601605,20.575952896,167.935922176,698989.683986432,neighbors
4313.302944689989,20.575952896,167.935922176,698989.683986432,neighbors
4313.803524833173,20.575952896,167.935946752,698989.683986432,neighbors
4314.304131042212,20.575952896,167.935946752,698989.683986432,neighbors
4314.804903844371,20.575952896,167.931420672,698989.683986432,neighbors
4315.305477716029,20.575952896,167.931420672,698989.683986432,neighbors
4315.806812686846,20.575952896,167.929790464,698989.683986432,neighbors
4316.307626720518,20.575952896,167.940800512,698989.418508288,neighbors
4316.809335837141,20.575952896,167.938592768,698989.418508288,neighbors
4317.310649741441,20.575952896,167.938592768,698989.418508288,neighbors
4317.812778199092,20.575952896,167.93602048,698989.418508288,neighbors
4318.314336853102,20.575952896,167.936147456,698989.418508288,neighbors
4318.816424883902,20.575952896,167.933964288,698989.418508288,neighbors
4319.317650388926,20.575952896,167.933960192,698989.418508288,neighbors
4319.819047844037,20.575952896,167.93204736,698989.418508288,neighbors
4320.319949448109,20.575952896,167.929950208,698989.359157248,neighbors
4320.821542937309,20.575952896,167.929856,698989.359157248,neighbors
4321.322786228731,20.575952896,167.940866048,698989.359157248,neighbors
4321.8241962548345,20.575952896,167.938789376,698989.359157248,neighbors
4322.325500179082,20.575952896,167.938789376,698989.335580672,neighbors
4322.826440792531,20.575952896,167.936585728,698989.335580672,neighbors
4323.326987713575,20.575952896,167.936585728,698989.335580672,neighbors
4323.827500952408,20.575952896,167.93452544,698989.335580672,neighbors
4324.3280505966395,20.575952896,167.93452544,698989.335580672,neighbors
4324.829401036724,20.575952896,167.932219392,698989.335580672,neighbors
4325.331388745457,20.575952896,167.932219392,698989.335580672,neighbors
4325.832780618221,20.575952896,167.93001984,698989.335580672,neighbors
4326.3335647806525,20.575952896,167.941029888,698991.643615232,neighbors
4326.834376428276,20.575952896,167.939088384,698991.643615232,neighbors
4327.334863070399,20.575952896,167.939088384,698991.643615232,neighbors
4327.835605790839,20.575952896,167.936753664,698991.643615232,neighbors
4328.336878174916,20.575952896,167.936753664,698991.643615232,neighbors
4328.837741760537,20.575952896,167.93454592,698991.643615232,neighbors
4329.338895395398,20.575952896,167.934418944,698991.643615232,neighbors
4329.8406660128385,20.575952896,167.93208832,698991.643615232,neighbors
4330.342527909204,20.575952896,167.93208832,698991.64727296,neighbors
4330.844677137211,20.575952896,167.930003456,698991.64727296,neighbors
4331.346125500277,20.575952896,167.941013504,698991.64727296,neighbors
4331.846795801073,20.575952896,167.938957312,698991.64727296,neighbors
4332.347316728905,20.575952896,167.938957312,698992.870125568,neighbors
4332.848059484735,20.575952896,167.936802816,698992.870125568,neighbors
4333.348516272381,20.575952896,167.936802816,698992.870125568,neighbors
4333.849142065272,20.575952896,167.932686336,698992.870125568,neighbors
4334.349984824657,20.575952896,167.932686336,698992.870125568,neighbors
4334.851360777393,20.575952896,167.932674048,698992.870125568,neighbors
4335.352221328765,20.575952896,167.932674048,698992.870125568,neighbors
4335.852839209139,20.575952896,167.928139776,698991.57489664,neighbors
4336.353723488748,20.575952896,167.928139776,698991.57489664,neighbors
4336.855202613398,20.575952896,167.928225792,698991.57489664,neighbors
4337.35596572794,20.575952896,167.9414272,698991.57489664,neighbors
4337.856689115986,20.575952896,167.9394816,698991.57489664,neighbors
4338.357879100367,20.575952896,167.9394816,698991.57489664,neighbors
4338.858643796295,20.575952896,167.937150976,698991.57489664,neighbors
4339.360567236319,20.575952896,167.937150976,698991.57489664,neighbors
4339.861306637526,20.575952896,167.935004672,698991.57489664,neighbors
4340.3623773008585,20.575952896,167.935135744,698991.57489664,neighbors
4340.863125637174,20.575952896,167.932162048,698991.57489664,neighbors
4341.364446748048,20.607152128,167.900516352,698991.57489664,neighbors
4341.865438193083,20.664492032,167.840698368,698990.944804864,neighbors
4342.3688550610095,20.664492032,167.851708416,698990.944804864,neighbors
4342.869343932718,20.664492032,167.849156608,698990.944804864,neighbors
4343.370856085792,20.664492032,167.849156608,698990.944804864,neighbors
4343.871641499922,20.587012096,167.935725568,698990.944804864,neighbors
4344.372984496877,20.633780224,167.905492992,698990.944804864,neighbors
4344.873953735456,20.711907328,167.887343616,698990.944804864,neighbors
4345.374711910263,20.788682752,167.872557056,698990.944804864,neighbors
4345.87567952089,20.86924288,167.863103488,698995.572465664,neighbors
4346.37673066929,20.945199104,167.854927872,698995.572465664,neighbors
4346.877948872745,21.021089792,167.841435648,698995.572465664,neighbors
4347.3787938170135,21.10103552,167.827386368,698995.572465664,neighbors
4347.879741707817,21.18043648,167.819358208,698995.572465664,neighbors
4348.381029253826,21.260382208,167.81111296,698995.572465664,neighbors
4348.881960561499,21.339246592,167.797907456,698995.572465664,neighbors
4349.382769905031,21.416218624,167.787614208,698995.572465664,neighbors
4349.88358643651,21.496102912,167.791468544,698995.572465664,neighbors
4350.384942833334,21.578387456,167.783194624,698995.572465664,neighbors
4350.8859508521855,21.666615296,167.76779776,698995.572465664,neighbors
4351.387278808281,21.77777664,167.755460608,698995.572465664,neighbors
4351.890354869887,21.897576448,167.735611392,698994.425245696,neighbors
4352.391432952136,22.02466304,167.721066496,698994.425245696,neighbors
4352.892316415906,22.13259264,167.706304512,698994.425245696,neighbors
4353.393081171438,22.251319296,167.689658368,698994.425245696,neighbors
4353.893829874694,22.358163456,167.671988224,698994.425245696,neighbors
4354.394893100485,22.477971456,167.662166016,698994.425245696,neighbors
4354.8956245444715,22.594260992,167.644495872,698994.425245696,neighbors
4355.396644169465,22.723227648,167.65550592,698994.425245696,neighbors
4355.89777604118,22.844645376,167.650648064,698993.465868288,neighbors
4356.399924132973,22.973894656,167.650484224,698993.465868288,neighbors
4356.90148037672,23.095853056,167.6490752,698993.465868288,neighbors
4357.411692015827,10.437537792,180.378923008,698993.465868288,neighbors
4358.212147168815,7.87060736,180.3815936,698993.0901504,neighbors
4358.713008452207,7.871000576,180.380184576,698993.0901504,neighbors
4359.2140856646,7.871479808,180.37837824,698993.0901504,neighbors
4359.763088813052,7.871668224,180.385210368,698993.0901504,neighbors
4360.264076380059,7.91914496,180.362272768,698992.974266368,neighbors
4360.765741737559,7.992889344,180.329086976,698992.974266368,neighbors
4361.267058845609,8.070029312,180.29125632,698992.974266368,neighbors
4361.7683458235115,8.149487616,180.248899584,698992.974266368,neighbors
4362.26916956529,8.222601216,180.215218176,698992.90365952,neighbors
4362.77068265155,8.30144512,180.172992512,698992.90365952,neighbors
4363.272840928286,8.378400768,180.134989824,698992.90365952,neighbors
4363.773777920753,8.4580352,180.092588032,698992.90365952,neighbors
4364.274962324649,8.52795392,180.061130752,698992.90365952,neighbors
4364.776024868712,8.604622848,180.032311296,698992.90365952,neighbors
4365.2781731933355,8.679514112,179.996532736,698992.90365952,neighbors
4365.779620297253,8.76095488,179.952283648,698992.90365952,neighbors
4366.281364832073,8.835792896,179.916378112,698991.55750912,neighbors
4366.7830881830305,8.911347712,179.878756352,698991.55750912,neighbors
4367.285179309547,8.997244928,179.832365056,698991.55750912,neighbors
4367.78652706556,9.067692032,179.79860992,698991.55750912,neighbors
4368.287789417431,9.142607872,179.76283136,698991.55750912,neighbors
4368.789390685037,9.217241088,179.722715136,698991.55750912,neighbors
4369.290491446853,9.293447168,179.684839424,698991.55750912,neighbors
4369.79133624956,9.372811264,179.645022208,698991.55750912,neighbors
4370.292106755078,9.445380096,179.622350848,698991.775031296,neighbors
4370.794029828161,9.524482048,179.577823232,698991.775031296,neighbors
4371.295077981427,9.598550016,179.542044672,698991.775031296,neighbors
4371.79707599245,9.670791168,179.508477952,698991.775031296,neighbors
4372.298029750586,9.74727168,179.47060224,698992.455036928,neighbors
4372.799667837098,9.821810688,179.4304,698992.455036928,neighbors
4373.301191188395,9.903374336,179.388203008,698992.455036928,neighbors
4373.802708473057,9.978515456,179.352580096,698992.455036928,neighbors
4374.303840573877,10.054975488,179.314704384,698992.455036928,neighbors
4374.805134797469,10.127540224,179.289677824,698992.455036928,neighbors
4375.3063142653555,10.2032384,179.25339136,698992.455036928,neighbors
4375.807613488287,10.284969984,179.209355264,698992.455036928,neighbors
4376.308774827048,10.360365056,179.173576704,698992.977104896,neighbors
4376.809817120433,10.429517824,179.142053888,698992.977104896,neighbors
4377.311006648466,10.777870336,179.051094016,698992.977104896,neighbors
4377.812454722822,11.248795648,179.048271872,698992.977104896,neighbors
4378.313706232235,11.600306176,179.047636992,698992.977104896,neighbors
4378.815370101482,12.930277376,177.87961344,698992.977104896,neighbors
4379.316663721576,14.192463872,176.61503488,698992.977104896,neighbors
4379.818116204813,14.209601536,176.595890176,698992.977104896,neighbors
4380.319446489215,14.25993728,176.556314624,698992.973348864,neighbors
4380.821335040033,14.316560384,176.497487872,698992.973348864,neighbors
4381.322625044733,14.335434752,176.478613504,698992.973348864,neighbors
4381.824135579169,14.335434752,176.476397568,698992.973348864,neighbors
4382.325497644022,14.335434752,176.476397568,698993.484816384,neighbors
4382.827112967148,14.335434752,176.4742144,698993.484816384,neighbors
4383.328439988196,14.335639552,176.4742144,698993.484816384,neighbors
4383.829871332273,14.335639552,176.46946304,698993.484816384,neighbors
4384.331154549494,14.335639552,176.46946304,698993.484816384,neighbors
4384.832846632227,14.335639552,176.46946304,698993.484816384,neighbors
4385.33413365297,14.335639552,176.46946304,698993.484816384,neighbors
4385.835631890222,14.335639552,176.476049408,698993.484816384,neighbors
4386.336926842108,14.335639552,176.476049408,698993.436618752,neighbors
4386.838594604284,14.335639552,176.476049408,698993.436618752,neighbors
4387.339349545538,14.335639552,176.476049408,698993.436618752,neighbors
4387.840073397383,14.335639552,176.47382528,698993.436618752,neighbors
4388.341103227809,14.335639552,176.473718784,698993.436618752,neighbors
4388.842206761241,14.29387264,176.513748992,698993.436618752,neighbors
4389.343026867136,14.323638272,176.48451584,698993.436618752,neighbors
4390.086266107857,14.425022464,176.470257664,698993.436618752,neighbors
4390.587834468111,14.521085952,176.457437184,698993.436618752,neighbors
4391.08831804432,14.622007296,176.44294144,698993.436618752,neighbors
4391.58880388923,14.720598016,176.430063616,698993.436618752,neighbors
4392.089298415929,14.802276352,176.419753984,698993.26758912,neighbors
4392.589878397062,14.889689088,176.404414464,698993.26758912,neighbors
4393.092494703829,14.978945024,176.394043392,698993.26758912,neighbors
4393.595999263227,15.059398656,176.381161472,698993.26758912,neighbors
4394.096592012793,15.149539328,176.369098752,698993.26758912,neighbors
4394.597274409607,15.233871872,176.357511168,698993.26758912,neighbors
4395.097765536979,15.312039936,176.358428672,698993.26758912,neighbors
4395.598298117518,15.398494208,176.347451392,698993.26758912,neighbors
4396.098864432424,15.488159744,176.33406976,698996.496715776,neighbors
4396.599678156897,15.575445504,176.321847296,698996.496715776,neighbors
4397.100256502628,15.662698496,176.309293056,698996.496715776,neighbors
4397.600776324049,15.754760192,176.295284736,698996.496715776,neighbors
4398.101277852431,15.8430208,176.283058176,698996.496715776,neighbors
4398.601952468976,15.92969216,176.27318272,698996.496715776,neighbors
4399.102475617081,16.021086208,176.261746688,698996.496715776,neighbors
4399.602996584028,16.111566848,176.250687488,698996.496715776,neighbors
4400.103499053046,16.193355776,176.239161344,698996.496715776,neighbors
4400.606220532209,16.28657664,176.235220992,698996.496715776,neighbors
4401.106776969507,16.379748352,176.222703616,698996.496715776,neighbors
4401.607280924916,16.465666048,176.207806464,698996.496715776,neighbors
4402.1077701654285,16.558567424,176.196313088,698996.63417344,neighbors
4402.60841813311,16.647077888,176.182607872,698996.63417344,neighbors
4403.108915168792,16.731459584,176.169058304,698996.63417344,neighbors
4403.609420280904,16.82823168,176.155762688,698996.63417344,neighbors
4404.109939455986,16.921513984,176.143806464,698996.63417344,neighbors
4404.610589720309,17.008984064,176.132685824,698996.63417344,neighbors
4405.111087240279,17.104637952,176.130543616,698996.63417344,neighbors
4405.611589636654,17.196048384,176.118874112,698996.63417344,neighbors
4406.112076276913,17.285709824,176.104996864,698995.977801728,neighbors
4406.61274356395,17.375830016,176.092585984,698995.977801728,neighbors
4407.11327560246,17.466155008,176.079499264,698995.977801728,neighbors
4407.613777440041,17.556307968,176.065789952,698995.977801728,neighbors
4408.114320453256,17.646235648,176.053035008,698995.977801728,neighbors
4408.615032585338,17.738215424,176.03958784,698995.977801728,neighbors
4409.115517092869,17.826521088,176.026968064,698995.977801728,neighbors
4409.616064999253,17.918435328,176.015757312,698995.977801728,neighbors
4410.116682616994,18.012639232,176.000897024,698995.977801728,neighbors
4410.620022140443,18.093989888,176.003805184,698995.977801728,neighbors
4411.120544200763,18.187444224,175.992328192,698995.977801728,neighbors
4411.621043030173,18.277163008,175.975563264,698995.977801728,neighbors
4412.1215612161905,18.364772352,175.963742208,698994.207514624,neighbors
4412.6222123820335,18.453241856,175.950958592,698994.207514624,neighbors
4413.1227159854025,18.537668608,175.939575808,698994.207514624,neighbors
4413.623207936063,18.62356992,175.927578624,698994.207514624,neighbors
4414.123694103211,18.707181568,175.9159296,698994.207514624,neighbors
4414.694769596681,10.43939328,179.815936,698994.207514624,neighbors
4414.696442697197,10.43939328,179.824447488,698994.207514624,neighbors
4414.697582377121,10.43939328,179.824447488,698994.207514624,leiden
4415.195565240458,11.203022848,179.831574528,698994.207514624,leiden
4415.6973893959075,12.02403328,179.830173696,698994.207514624,leiden
4416.199077470228,12.736434176,179.824103424,698994.123747328,leiden
4416.700943509117,13.189455872,179.784192,698994.123747328,leiden
4417.201677700505,13.635239936,179.748794368,698994.123747328,leiden
4417.702375140041,14.082084864,179.714351104,698994.123747328,leiden
4418.203835219145,14.378033152,179.690643456,698994.123747328,leiden
4418.705623397604,14.770782208,179.65651968,698994.123747328,leiden
4419.206613404676,15.376048128,179.290730496,698994.123747328,leiden
4419.707798104733,15.58573056,179.078365184,698994.123747328,leiden
4420.208869000897,15.73771264,178.937495552,698994.123747328,leiden
4420.710056202486,15.73771264,178.9350912,698994.123747328,leiden
4421.21209345758,15.73771264,178.9350912,698994.123747328,leiden
4421.7141391038895,15.73771264,178.932604928,698994.123747328,leiden
4422.214939538389,15.73771264,178.93261312,698995.419250688,leiden
4422.716322377324,15.73771264,178.928349184,698995.419250688,leiden
4423.2173123229295,15.73771264,178.928324608,698995.419250688,leiden
4423.718734592199,15.73771264,178.928218112,698995.419250688,leiden
4424.219629352912,15.73771264,178.9282304,698995.419250688,leiden
4424.720704589039,15.73771264,178.92390912,698995.419250688,leiden
4425.222037786618,15.73771264,178.92390912,698995.419250688,leiden
4425.7235562969,15.73771264,178.92343808,698995.419250688,leiden
4426.224366215989,15.73771264,178.936553472,698995.293638656,leiden
4426.725664321333,15.73771264,178.932273152,698995.293638656,leiden
4427.227598864585,15.73771264,178.932289536,698995.293638656,leiden
4427.728741968051,15.73771264,178.932420608,698995.293638656,leiden
4428.229879654944,15.73771264,178.932420608,698995.293638656,leiden
4428.730950169265,15.73771264,178.930057216,698995.293638656,leiden
4429.232960833237,15.73771264,178.930065408,698995.293638656,leiden
4429.7350460365415,15.73771264,178.927730688,698995.293638656,leiden
4430.2366241924465,15.73771264,178.936643584,698995.293638656,leiden
4430.737908497453,15.73771264,178.934423552,698995.293638656,leiden
4431.23941376619,15.73771264,178.93443584,698995.293638656,leiden
4431.740486769006,15.73771264,178.932224,698995.293638656,leiden
4432.241855593398,15.73771264,178.932224,698995.945259008,leiden
4432.743397353217,15.73771264,178.930044928,698995.945259008,leiden
4433.245019592345,15.73771264,178.930036736,698995.945259008,leiden
4433.746578993276,15.73771264,178.927804416,698995.945259008,leiden
4434.247976768762,15.73771264,178.927804416,698995.945259008,leiden
4434.749487288296,15.73771264,178.925572096,698995.945259008,leiden
4435.25063453801,15.73771264,178.936582144,698995.945259008,leiden
4435.751867223531,15.73771264,178.9323264,698995.945259008,leiden
4436.253260847181,15.73771264,178.9323264,698996.068118528,leiden
4436.754721125588,15.73771264,178.932436992,698996.068118528,leiden
4437.255684942007,15.73771264,178.932436992,698996.068118528,leiden
4437.756933009252,15.73771264,178.925805568,698996.068118528,leiden
4438.258341820911,15.73771264,178.927751168,698996.068118528,leiden
4438.760710325092,15.73771264,178.927742976,698996.068118528,leiden
4439.261618163437,15.756406784,178.909052928,698996.068118528,leiden
4439.76350431703,15.756406784,178.90441216,698996.068118528,leiden
4440.264916554093,15.756406784,178.90441216,698996.068118528,leiden
4440.769806392491,15.756406784,178.917900288,698996.068118528,leiden
4441.271211290732,15.758503936,178.915803136,698996.068118528,leiden
4441.77274235338,15.758503936,178.911264768,698996.068118528,leiden
4442.2736383434385,15.758503936,178.911264768,698996.019707904,leiden
4442.774954332039,15.758503936,178.911379456,698996.019707904,leiden
4443.276978677139,15.760601088,178.909282304,698996.019707904,leiden
4443.778181416914,15.760601088,178.907090944,698996.019707904,leiden
4444.280203131959,15.760601088,178.907086848,698996.019707904,leiden
4444.781358890235,15.760601088,178.913267712,698996.019707904,leiden
4445.282579129562,15.760601088,178.913267712,698996.019707904,leiden
4445.783400649205,15.76269824,178.910347264,698996.019707904,leiden
4446.285402260721,15.76269824,178.908520448,698995.7807104,leiden
4446.786663059145,15.76269824,178.907070464,698995.7807104,leiden
4447.287576317787,15.76269824,178.907070464,698995.7807104,leiden
4447.789012271911,15.76269824,178.90502656,698995.7807104,leiden
4448.290816992521,15.764795392,178.902933504,698995.7807104,leiden
4448.79241586104,15.764795392,178.898681856,698995.7807104,leiden
4449.2933571226895,15.764795392,178.898681856,698995.7807104,leiden
4449.794271856546,15.764795392,178.898599936,698995.7807104,leiden
4450.2956565395,15.766892544,178.90746368,698995.7807104,leiden
4450.797187687829,15.766892544,178.90318336,698995.7807104,leiden
4451.298093924299,15.766892544,178.90318336,698995.7807104,leiden
4451.799365568906,15.766892544,178.903166976,698995.7807104,leiden
4452.300494324416,15.766892544,178.903171072,698995.802984448,leiden
4452.80206204392,15.768989696,178.896687104,698995.802984448,leiden
4453.303588718176,15.768989696,178.896687104,698995.802984448,leiden
4453.8044556919485,15.768989696,178.896723968,698995.802984448,leiden
4454.305542863905,15.768989696,178.896723968,698995.802984448,leiden
4454.807694980875,15.768989696,178.892075008,698995.802984448,leiden
4455.309290871024,15.771086848,178.889969664,698995.802984448,leiden
4455.81144987978,15.771086848,178.889945088,698995.802984448,leiden
4456.313087685034,15.771086848,178.903052288,698995.640262656,leiden
4456.8153040371835,15.771086848,178.89890304,698995.640262656,leiden
4457.3173748366535,15.771086848,178.89890304,698995.640262656,leiden
4457.818321593106,15.771480064,178.898649088,698995.640262656,leiden
4458.320053137839,15.771815936,178.898649088,698995.640262656,leiden
4458.821325980127,15.772274688,178.895941632,698995.640262656,leiden
4459.322166072205,15.774580736,178.893328384,698995.640262656,leiden
4459.824214844033,15.774580736,178.891108352,698995.640262656,leiden
4460.326178949326,15.774580736,178.900021248,698995.665457152,leiden
4460.827428828925,15.774580736,178.89779712,698995.665457152,leiden
4461.329361265525,15.774580736,178.89779712,698995.665457152,leiden
4461.830365037546,15.776677888,178.893492224,698995.665457152,leiden
4462.331846786663,15.776677888,178.893484032,698995.747618816,leiden
4462.8336172401905,15.776677888,178.891268096,698995.747618816,leiden
4463.334452316165,15.776677888,178.891268096,698995.747618816,leiden
4463.835727613419,15.776677888,178.88905216,698995.747618816,leiden
4464.336560685188,15.77877504,178.886955008,698995.747618816,leiden
4464.838017916307,15.77877504,178.884747264,698995.747618816,leiden
4465.339425411075,15.77877504,178.895757312,698995.747618816,leiden
4465.84058482945,15.77877504,178.893692928,698995.747618816,leiden
4466.341481642798,15.780872192,178.89161216,698995.65950976,leiden
4466.842708129436,15.780872192,178.88925696,698995.65950976,leiden
4467.343559427187,15.780872192,178.88925696,698995.65950976,leiden
4467.845305737108,15.780872192,178.884595712,698995.65950976,leiden
4468.347360037267,15.780872192,178.884591616,698995.65950976,leiden
4468.848625827581,15.780872192,178.884579328,698995.65950976,leiden
4469.349395604804,15.782969344,178.882482176,698995.65950976,leiden
4469.850893272087,15.782969344,178.878083072,698995.65950976,leiden
4470.355184782296,15.782969344,178.891190272,698995.65950976,leiden
4470.856696344912,15.782969344,178.891472896,698995.65950976,leiden
4471.35758943297,15.782969344,178.891452416,698995.65950976,leiden
4471.859172305092,15.785066496,178.884907008,698995.508514816,leiden
4472.361446227878,15.785066496,178.884907008,698995.508514816,leiden
4472.863029893488,15.785066496,178.8849152,698995.508514816,leiden
4473.364684812725,15.785066496,178.884907008,698995.508514816,leiden
4473.8658208642155,15.785066496,178.8826624,698995.508514816,leiden
4474.3680603690445,15.785066496,178.8826624,698995.508514816,leiden
4474.869745578617,15.787163648,178.8783616,698995.508514816,leiden
4475.371613623574,15.787163648,178.887274496,698995.508514816,leiden
4475.872795181349,15.787163648,178.885070848,698995.431194624,leiden
4476.374415047467,15.787163648,178.885054464,698995.431194624,leiden
4476.875289613381,15.787163648,178.882859008,698995.431194624,leiden
4477.376597627997,15.7892608,178.880761856,698995.431194624,leiden
4477.877531923354,15.7892608,178.878296064,698995.272732672,leiden
4478.379033137113,15.7892608,178.878287872,698995.272732672,leiden
4478.880302624777,15.7892608,178.876063744,698995.272732672,leiden
4479.381609480828,15.7892608,178.876063744,698995.272732672,leiden
4479.882525218651,15.791357952,178.871771136,698995.272732672,leiden
4480.38633015193,15.791357952,178.8827648,698995.272732672,leiden
4480.88779290393,15.791357952,178.880745472,698995.272732672,leiden
4481.388670457527,15.791357952,178.880745472,698995.272732672,leiden
4481.889511147514,15.791357952,178.8806144,698996.060172288,leiden
4482.391009639949,15.793455104,178.878509056,698996.060172288,leiden
4482.8925576824695,15.793455104,178.874097664,698996.060172288,leiden
4483.393351301551,15.793455104,178.874097664,698996.060172288,leiden
4483.894496116787,15.793455104,178.873995264,698996.060172288,leiden
4484.3957161568105,15.793455104,178.873995264,698996.060172288,leiden
4484.897694926709,15.793455104,178.869559296,698996.060172288,leiden
4485.398479113355,15.795552256,178.867462144,698996.060172288,leiden
4485.899614324793,15.795552256,178.867462144,698994.774544384,leiden
4486.403620848432,15.795552256,178.878472192,698994.774544384,leiden
4486.9053215850145,15.795552256,178.874159104,698994.774544384,leiden
4487.40732889995,15.795552256,178.874159104,698994.774544384,leiden
4487.909323800355,15.797649408,178.872061952,698994.454827008,leiden
4488.411114741117,15.797649408,178.872061952,698994.454827008,leiden
4488.91264782846,15.797649408,178.869727232,698994.454827008,leiden
4489.413596676663,15.797649408,178.869727232,698994.454827008,leiden
4489.914651913568,15.79974656,178.865414144,698994.454827008,leiden
4490.416625496,15.79974656,178.865414144,698994.454827008,leiden
4490.917882788926,15.79974656,178.874011648,698994.454827008,leiden
4491.418826537207,15.79974656,178.873991168,698994.454827008,leiden
4491.919705079868,15.79974656,178.8719104,698995.678244864,leiden
4492.420741325244,15.79974656,178.8719104,698995.678244864,leiden
4492.921750757843,15.801843712,178.867556352,698995.678244864,leiden
4493.422646956518,15.801843712,178.867556352,698995.678244864,leiden
4493.923811580986,15.801843712,178.865176576,698995.678244864,leiden
4494.424789553508,15.801843712,178.865180672,698995.678244864,leiden
4494.925880305469,15.801843712,178.862751744,698995.678244864,leiden
4495.42727850005,15.801843712,178.862751744,698995.678244864,leiden
4495.928455879912,15.801843712,178.87158272,698995.750858752,leiden
4496.429523224011,15.801843712,178.871463936,698995.750858752,leiden
4496.930667884648,15.803940864,178.86746624,698995.750858752,leiden
4497.432072117925,15.803940864,178.86746624,698995.750858752,leiden
4497.933760749176,15.803940864,178.865164288,698996.131500032,leiden
4498.4354972578585,15.803940864,178.865164288,698996.131500032,leiden
4498.936817469075,15.803940864,178.862948352,698996.131500032,leiden
4499.437654638663,15.803940864,178.862686208,698996.131500032,leiden
4499.939451336861,15.803940864,178.858262528,698996.131500032,leiden
4500.440609144047,15.803940864,178.858262528,698996.131500032,leiden
4500.942652065307,15.803940864,178.858262528,698996.131500032,leiden
4501.4436597675085,15.803940864,178.869272576,698996.131500032,leiden
4501.9457780607045,15.803940864,178.864975872,698996.224110592,leiden
4502.447117550299,15.803940864,178.864971776,698996.224110592,leiden
4502.94895007275,15.803940864,178.865020928,698996.224110592,leiden
4503.450583845377,15.803940864,178.864889856,698996.224110592,leiden
4503.952384246513,15.803940864,178.860572672,698996.224110592,leiden
4504.453503403813,15.803940864,178.860572672,698996.224110592,leiden
4504.954876432195,15.803940864,178.860597248,698996.224110592,leiden
4505.45650055632,15.803940864,178.860597248,698996.224110592,leiden
4505.958087852225,15.803940864,178.869362688,698996.262539264,leiden
4506.46033337526,15.803940864,178.869362688,698996.262539264,leiden
4506.961258938536,15.803940864,178.867294208,698996.262539264,leiden
4507.463280981407,15.803940864,178.867277824,698996.262539264,leiden
4507.964400645345,15.803940864,178.865094656,698996.262539264,leiden
4508.46554679051,15.803940864,178.865094656,698996.262539264,leiden
4508.966784177348,15.803940864,178.862870528,698996.262539264,leiden
4509.468812933192,15.803940864,178.862870528,698996.262539264,leiden
4509.969608934596,15.803940864,178.860662784,698996.262539264,leiden
4510.470612693578,15.803977728,178.860642304,698996.262539264,leiden
4510.971441054717,15.80404736,178.869579776,698996.262539264,leiden
4511.473464837298,15.80412928,178.869579776,698996.262539264,leiden
4511.975201066583,15.804207104,178.867249152,698996.24687616,leiden
4512.47640279308,15.804289024,178.867249152,698996.24687616,leiden
4512.978312432766,15.804366848,178.862710784,698996.24687616,leiden
4513.479428039864,15.804452864,178.862710784,698996.24687616,leiden
4513.980190092698,15.804534784,178.862649344,698996.24687616,leiden
4514.481497548521,15.804616704,178.862411776,698996.24687616,leiden
4514.982290260494,15.804678144,178.857906176,698996.24687616,leiden
4515.483061200008,15.804735488,178.857906176,698996.24687616,leiden
4515.984865160659,15.804792832,178.85775872,698996.131917824,leiden
4516.488495316356,15.80484608,178.868768768,698996.131917824,leiden
4516.989679360762,15.804915712,178.864091136,698996.131917824,leiden
4517.491228623316,15.80496896,178.864091136,698996.131917824,leiden
4517.99329360947,15.805042688,178.86408704,698996.131917824,leiden
4518.494361117482,15.805104128,178.863960064,698996.131917824,leiden
4518.995669264346,15.80722176,178.857193472,698996.131917824,leiden
4519.496571725234,15.80722176,178.857193472,698996.131917824,leiden
4519.997387886047,15.80722176,178.8571648,698996.131917824,leiden
4520.498264616355,15.80722176,178.857181184,698996.131917824,leiden
4520.999166255817,15.80722176,178.854961152,698996.131917824,leiden
4521.499832212925,15.80722176,178.854961152,698996.131917824,leiden
4522.000726629049,15.80722176,178.865864704,698996.262252544,leiden
4522.5016519241035,15.80722176,178.8658688,698996.262252544,leiden
4523.002512848005,15.80722176,178.863915008,698996.262252544,leiden
4523.50319140777,15.80722176,178.863915008,698996.262252544,leiden
4524.003788521513,15.80722176,178.861699072,698996.262252544,leiden
4524.504557872191,15.80722176,178.861703168,698996.262252544,leiden
4525.005136668682,15.80722176,178.859495424,698996.262252544,leiden
4525.505894944072,15.80722176,178.859483136,698996.262252544,leiden
4526.00647784397,15.80722176,178.857275392,698996.316049408,leiden
4526.5097892694175,15.80722176,178.868281344,698996.316049408,leiden
4527.010720418766,15.80722176,178.866065408,698996.316049408,leiden
4527.5115518998355,15.80722176,178.86554112,698996.316049408,leiden
4528.012902673334,15.80722176,178.861621248,698996.316049408,leiden
4528.514070900157,15.80722176,178.861637632,698996.316049408,leiden
4529.01605110988,15.80722176,178.861641728,698996.316049408,leiden
4529.517261205241,15.80722176,178.861641728,698996.316049408,leiden
4530.019215160981,15.80722176,178.857013248,698996.316049408,leiden
4530.521086240187,15.80722176,178.856996864,698996.316049408,leiden
4531.023087205365,15.80722176,178.85700096,698996.316049408,leiden
4531.524562176317,15.80722176,178.865913856,698996.316049408,leiden
4532.025501944125,15.80722176,178.861481984,698996.296777728,leiden
4532.527017949149,15.80722176,178.861481984,698996.296777728,leiden
4533.029270984232,15.80722176,178.861563904,698996.296777728,leiden
4533.530306607485,15.80722176,178.861563904,698996.296777728,leiden
4534.032363325357,15.80722176,178.857078784,698996.296777728,leiden
4534.536347122863,15.80722176,178.866008064,698996.296777728,leiden
4535.037180818617,15.80722176,178.865999872,698996.296777728,leiden
4535.539197277278,15.80722176,178.865999872,698996.296777728,leiden
4536.041012400761,15.809318912,178.861543424,698996.358713344,leiden
4536.542356001213,15.809318912,178.861531136,698996.358713344,leiden
4537.043565893546,15.809318912,178.859327488,698996.358713344,leiden
4537.544726200402,15.809318912,178.859327488,698996.358713344,leiden
4538.0461948774755,15.809318912,178.856992768,698996.358713344,leiden
4538.548426900059,15.809318912,178.856992768,698996.358713344,leiden
4539.049840461463,15.809318912,178.863570944,698996.358713344,leiden
4539.550793906674,15.809318912,178.861334528,698996.358713344,leiden
4540.0521283801645,15.809318912,178.861334528,698996.358713344,leiden
4540.553528428078,15.809318912,178.859139072,698996.358713344,leiden
4541.05534231849,15.809318912,178.859139072,698996.358713344,leiden
4541.55627467297,15.809318912,178.856923136,698996.358713344,leiden
4542.057147180662,15.809318912,178.856923136,698996.481916928,leiden
4542.558140287176,15.809318912,178.852507648,698996.481916928,leiden
4543.060152120888,15.809318912,178.852503552,698996.481916928,leiden
4543.562196711078,15.809318912,178.85251584,698996.481916928,leiden
4544.064268760383,15.809318912,178.85251584,698996.481916928,leiden
4544.568067891523,15.809318912,178.8592128,698996.481916928,leiden
4545.070062948391,15.809318912,178.859220992,698996.481916928,leiden
4545.572092300281,15.809318912,178.8592128,698996.481916928,leiden
4546.074139654636,15.809318912,178.8592128,698996.430491648,leiden
4546.575841121376,15.809318912,178.854662144,698996.430491648,leiden
4547.07678703405,15.809318912,178.854662144,698996.430491648,leiden
4547.578086864203,15.809318912,178.85466624,698996.430491648,leiden
4548.080101322383,15.809318912,178.85466624,698996.430491648,leiden
4548.581408113241,15.809318912,178.850234368,698996.430491648,leiden
4549.082357594743,15.809318912,178.850234368,698996.430491648,leiden
4549.583205873147,15.809318912,178.850217984,698996.430491648,leiden
4550.084413163364,15.809318912,178.863325184,698996.430491648,leiden
4550.586688924581,15.809318912,178.861133824,698996.430491648,leiden
4551.088700529188,15.809318912,178.861129728,698996.430491648,leiden
4551.589553853497,15.809318912,178.861125632,698996.430491648,leiden
4552.09112576209,15.809318912,178.858799104,698995.464941568,leiden
4552.592595940456,15.809318912,178.858799104,698995.464941568,leiden
4553.094312960282,15.809318912,178.85648896,698995.464941568,leiden
4553.595529701561,15.809318912,178.854289408,698995.464941568,leiden
4554.096450597048,15.809318912,178.854289408,698995.464941568,leiden
4554.600199425593,15.809318912,178.86318592,698995.464941568,leiden
4555.101574271917,15.809318912,178.863161344,698995.464941568,leiden
4555.602720981464,15.809318912,178.861613056,698995.464941568,leiden
4556.10361116007,15.809318912,178.858737664,698995.070017536,leiden
4556.604768177494,15.809318912,178.858733568,698995.070017536,leiden
4557.105497434735,15.809318912,178.858758144,698995.070017536,leiden
4557.607011305168,15.809318912,178.857316352,698995.070017536,leiden
4558.1090569496155,15.809318912,178.854326272,698995.070017536,leiden
4558.611351380125,15.809318912,178.854330368,698995.070017536,leiden
4559.112632444128,15.809318912,178.854330368,698995.070017536,leiden
4559.614038344473,15.809318912,178.86232576,698995.070017536,leiden
4560.116095816717,15.809318912,178.858774528,698995.070017536,leiden
4560.617568228394,15.809318912,178.858774528,698995.070017536,leiden
4561.11880838871,15.809318912,178.858774528,698995.070017536,leiden
4561.61967907846,15.809318912,178.854301696,698995.070017536,leiden
4562.120702631772,15.809318912,178.854309888,698993.686024192,leiden
4562.623195163906,15.809318912,178.854293504,698993.686024192,leiden
4563.124859977514,15.811416064,178.852196352,698993.686024192,leiden
4563.627022122964,15.811416064,178.849972224,698993.686024192,leiden
4564.12896393612,15.811416064,178.849972224,698993.686024192,leiden
4564.630211882293,15.811416064,178.8510208,698993.686024192,leiden
4565.131340499967,15.811416064,178.858692608,698993.686024192,leiden
4565.632317120209,15.811416064,178.858692608,698993.686024192,leiden
4566.133421100676,15.811416064,178.8587008,698992.843575296,leiden
4566.634579498321,15.811416064,178.857521152,698992.843575296,leiden
4567.135323621333,15.811416064,178.854350848,698992.843575296,leiden
4567.636296598241,15.811416064,178.854350848,698992.843575296,leiden
4568.137376705185,15.811416064,178.854350848,698992.843575296,leiden
4568.638534031808,15.811416064,178.849910784,698992.843575296,leiden
4569.13943736814,15.811416064,178.849902592,698992.843575296,leiden
4569.6404198892415,15.811416064,178.849902592,698992.843575296,leiden
4570.141331996769,15.811416064,178.849902592,698992.843575296,leiden
4570.645279273391,15.811416064,178.856333312,698992.843575296,leiden
4571.14638700895,15.811416064,178.856333312,698992.843575296,leiden
4571.647409142926,15.811416064,178.856333312,698992.843575296,leiden
4572.148330306634,15.811416064,178.860515328,698992.11368448,leiden
4572.649529794231,15.811416064,178.860515328,698992.11368448,leiden
4573.150372792035,15.811416064,178.856329216,698992.11368448,leiden
4573.651380864903,15.811416064,178.856333312,698992.11368448,leiden
4574.152497956529,15.811416064,178.856337408,698992.11368448,leiden
4574.653651712462,15.811416064,178.852544512,698992.11368448,leiden
4575.154703972861,15.811416064,178.852544512,698992.11368448,leiden
4575.655700668693,15.811416064,178.851889152,698992.11368448,leiden
4576.1568261329085,15.811416064,178.851147776,698991.48058624,leiden
4576.6580361016095,15.811416064,178.84983296,698991.48058624,leiden
4577.15919325687,15.811416064,178.86083072,698991.48058624,leiden
4577.65999831073,15.811416064,178.856538112,698991.48058624,leiden
4578.161096151918,15.811416064,178.85652992,698991.48058624,leiden
4578.662400269881,15.811416064,178.856415232,698991.48058624,leiden
4579.163561284542,15.811416064,178.856415232,698991.48058624,leiden
4579.664609491825,15.811416064,178.85628416,698991.48058624,leiden
4580.165749464184,15.811416064,178.851864576,698991.48058624,leiden
4580.667040333152,15.811416064,178.851864576,698991.48058624,leiden
4581.168264213949,15.811416064,178.851864576,698991.48058624,leiden
4581.669322129339,15.811416064,178.848587776,698991.48058624,leiden
4582.170501630753,15.811416064,178.847432704,698990.920994816,leiden
4582.674734501168,15.811416064,178.860822528,698990.920994816,leiden
4583.175808310509,15.811416064,178.860822528,698990.920994816,leiden
4583.6768417637795,15.811416064,178.856288256,698990.920994816,leiden
4584.177912574261,15.811416064,178.856288256,698990.920994816,leiden
4584.679067593068,15.811416064,178.856280064,698990.920994816,leiden
4585.180313354358,15.811416064,178.854055936,698990.920994816,leiden
4585.68139019236,15.811416064,178.854064128,698990.920994816,leiden
4586.182270172983,15.811416064,178.851823616,698990.10842624,leiden
4586.683532616124,15.811416064,178.85159424,698990.10842624,leiden
4587.184366548434,15.811416064,178.85159424,698990.10842624,leiden
4587.685426328331,15.811416064,178.84962816,698990.10842624,leiden
4588.186556626111,15.811416064,178.858422272,698990.10842624,leiden
4588.687836164609,15.811416064,178.85620224,698990.10842624,leiden
4589.188923515379,15.811416064,178.85620224,698990.10842624,leiden
4589.690184080973,15.811416064,178.85620224,698990.10842624,leiden
4590.191440982744,15.811416064,178.856189952,698990.10842624,leiden
4590.692699559033,15.811416064,178.856198144,698990.10842624,leiden
4591.193792600185,15.811416064,178.856198144,698990.10842624,leiden
4591.694879986346,15.811416064,178.856198144,698990.10842624,leiden
4592.1956805847585,15.811416064,178.860560384,698989.747019776,leiden
4592.696969866753,15.811416064,178.860548096,698989.747019776,leiden
4593.198502805084,15.811416064,178.860548096,698989.747019776,leiden
4593.699670743197,15.811416064,178.856247296,698989.747019776,leiden
4594.201057968661,15.811416064,178.856116224,698989.747019776,leiden
4594.702445296571,15.811416064,178.85585408,698989.747019776,leiden
4595.203419923782,15.811416064,178.851688448,698989.747019776,leiden
4595.704335261136,15.811416064,178.851688448,698989.747019776,leiden
4596.205293437466,15.811416064,178.851692544,698987.165249536,leiden
4596.706673268229,15.811416064,178.848284672,698987.165249536,leiden
4597.2076656371355,15.811416064,178.848284672,698987.165249536,leiden
4597.7085426766425,15.811416064,178.860163072,698987.165249536,leiden
4598.209487700835,15.811416064,178.860179456,698987.165249536,leiden
4598.710525847971,15.811416064,178.858082304,698987.165249536,leiden
4599.211471552029,15.811416064,178.858098688,698987.165249536,leiden
4599.71244052425,15.811416064,178.85384704,698987.165249536,leiden
4600.213134782389,15.811416064,178.853842944,698987.165249536,leiden
4600.714080031961,15.811416064,178.853842944,698987.165249536,leiden
4601.21535089612,15.811416064,178.853842944,698987.165249536,leiden
4601.7165194209665,15.811416064,178.849333248,698987.165249536,leiden
4602.217357385904,15.811416064,178.849312768,698987.510951936,leiden
4602.71850332059,15.811416064,178.849312768,698987.510951936,leiden
4603.219625376165,15.811416064,178.860449792,698987.510951936,leiden
4603.720730220899,15.811416064,178.856112128,698987.510951936,leiden
4604.221836579964,15.811416064,178.856112128,698987.510951936,leiden
4604.723683424294,15.811416064,178.85609984,698987.510951936,leiden
4605.22471626848,15.811416064,178.85609984,698987.510951936,leiden
4605.726734172553,15.811416064,178.851606528,698987.510951936,leiden
4606.2275806013495,15.811416064,178.851606528,698984.718761984,leiden
4606.729746200144,15.811416064,178.851659776,698984.718761984,leiden
4607.230599500239,15.811416064,178.851659776,698984.718761984,leiden
4607.732437156141,15.811416064,178.85888512,698984.718761984,leiden
4608.233276613057,15.811416064,178.8583936,698983.54683904,leiden
4608.735048159957,15.811416064,178.858409984,698983.54683904,leiden
4609.2359281573445,15.811416064,178.858409984,698983.54683904,leiden
4609.737216655165,15.811416064,178.853957632,698983.54683904,leiden
4610.2380849123,15.811416064,178.853957632,698983.54683904,leiden
4610.7393808383495,15.811416064,178.852773888,698983.54683904,leiden
4611.240224253386,15.813513216,178.850676736,698983.54683904,leiden
4611.741091776639,15.813513216,178.848731136,698983.54683904,leiden
4612.241976723075,15.813513216,178.848731136,698984.081379328,leiden
4612.7435500677675,15.813513216,178.858692608,698984.081379328,leiden
4613.244434922934,15.813513216,178.857271296,698984.081379328,leiden
4613.74556655623,15.813513216,178.855829504,698984.081379328,leiden
4614.246376937255,15.813513216,178.855829504,698984.081379328,leiden
4614.747482031584,15.813513216,178.851549184,698984.081379328,leiden
4615.248276328668,15.813513216,178.851549184,698984.081379328,leiden
4615.749177357182,15.813513216,178.851549184,698984.081379328,leiden
4616.249957282096,15.813513216,178.851405824,698984.151867392,leiden
4616.751670695841,15.813513216,178.846744576,698984.151867392,leiden
4617.252479810268,15.813513216,178.846744576,698984.151867392,leiden
4617.753377737477,15.813513216,178.846724096,698984.151867392,leiden
4618.254631005228,15.813513216,178.857734144,698984.151867392,leiden
4618.757006691769,15.813513216,178.853421056,698984.151867392,leiden
4619.259074680507,15.813513216,178.853421056,698984.151867392,leiden
4619.761111440137,15.813513216,178.853556224,698984.151867392,leiden
4620.262665750459,15.813513216,178.853556224,698984.151867392,leiden
4620.764378968626,15.813513216,178.84915712,698984.151867392,leiden
4621.266419060528,15.813513216,178.84915712,698984.151867392,leiden
4621.7673442438245,15.813513216,178.849288192,698984.151867392,leiden
4622.269212268293,15.813513216,178.849288192,698983.852249088,leiden
4622.77064868249,15.813513216,178.858082304,698983.852249088,leiden
4623.272756781429,15.813513216,178.858082304,698983.852249088,leiden
4623.773900059983,15.813513216,178.856267776,698983.852249088,leiden
4624.276369344443,15.813513216,178.856267776,698983.852249088,leiden
4624.7784906849265,15.813513216,178.854064128,698983.852249088,leiden
4625.280422046781,15.813513216,178.854064128,698983.852249088,leiden
4625.781783606857,15.813513216,178.851835904,698983.852249088,leiden
4626.28265379183,15.813513216,178.851835904,698984.3859456,leiden
4626.78370378539,15.813513216,178.849595392,698984.3859456,leiden
4627.285215368494,15.813513216,178.849595392,698984.3859456,leiden
4627.786852618679,15.813513216,178.848534528,698984.3859456,leiden
4628.287738053128,15.813513216,178.844893184,698984.3859456,leiden
4628.791803052649,15.813513216,178.858012672,698984.3859456,leiden
4629.292684124783,15.813513216,178.858012672,698984.3859456,leiden
4629.794204941019,15.813513216,178.854817792,698984.3859456,leiden
4630.296073576435,15.813513216,178.853736448,698984.3859456,leiden
4630.79841561988,15.813513216,178.853728256,698984.3859456,leiden
4631.2993558608,15.813513216,178.853728256,698984.3859456,leiden
4631.800192115828,15.813513216,178.852278272,698984.3859456,leiden
4632.302584769204,15.813513216,178.84940288,698982.677762048,leiden
4632.804662276059,15.813513216,178.849288192,698982.677762048,leiden
4633.305854685605,15.813513216,178.858328064,698982.677762048,leiden
4633.807201584801,15.813513216,178.855972864,698982.677762048,leiden
4634.309271203354,15.813513216,178.855972864,698982.677762048,leiden
4634.811550740153,15.813513216,178.85370368,698982.677762048,leiden
4635.312675362453,15.813513216,178.85370368,698982.677762048,leiden
4635.81365288794,15.813513216,178.851479552,698982.677762048,leiden
4636.314598876983,15.813513216,178.851479552,698983.239839744,leiden
4636.815642293543,15.813513216,178.84936192,698983.239839744,leiden
4637.316600687802,15.813513216,178.84936192,698983.239839744,leiden
4637.81779499352,15.813513216,178.847133696,698983.239839744,leiden
4638.318710984662,15.813513216,178.858143744,698983.239839744,leiden
4638.819571845233,15.813513216,178.856042496,698983.239839744,leiden
4639.320781616494,15.813513216,178.856042496,698983.239839744,leiden
4639.821680933237,15.813513216,178.853822464,698983.239839744,leiden
4640.322751708329,15.813513216,178.853822464,698983.239839744,leiden
4640.824429364875,15.813513216,178.851545088,698983.239839744,leiden
4641.32542502135,15.813513216,178.851545088,698983.239839744,leiden
4641.8264052942395,15.813513216,178.84919808,698983.239839744,leiden
4642.328162040561,15.813513216,178.84919808,698982.15950336,leiden
4642.829943032935,15.813513216,178.844545024,698982.15950336,leiden
4643.331094557419,15.813513216,178.844545024,698982.15950336,leiden
4643.833396732807,15.813513216,178.844545024,698982.15950336,leiden
4644.33482870087,15.813513216,178.844545024,698982.15950336,leiden
4644.839318588376,15.813513216,178.8534784,698982.15950336,leiden
4645.341377127916,15.813513216,178.8534784,698982.15950336,leiden
4645.842401858419,15.813513216,178.8534784,698982.15950336,leiden
4646.3433407414705,15.813513216,178.8534784,698980.315508736,leiden
4646.844604125246,15.813513216,178.851254272,698980.315508736,leiden
4647.345609692857,15.813513216,178.851254272,698980.315508736,leiden
4647.84694933705,15.813513216,178.849083392,698980.315508736,leiden
4648.348039600998,15.813513216,178.857472,698980.315508736,leiden
4648.8501905519515,15.813513216,178.853761024,698980.315508736,leiden
4649.35215822421,15.813513216,178.853761024,698980.315508736,leiden
4649.854210382327,15.813513216,178.852462592,698980.315508736,leiden
4650.35634320043,15.813513216,178.852462592,698980.315508736,leiden
4650.857406489551,15.813513216,178.850254848,698980.315508736,leiden
4651.358677236363,15.813513216,178.850254848,698980.315508736,leiden
4651.859470447525,15.813513216,178.848047104,698980.479905792,leiden
4652.361581785604,15.813513216,178.848047104,698980.479905792,leiden
4652.863568210974,15.813513216,178.845696,698980.479905792,leiden
4653.364401554689,15.813513216,178.856706048,698980.479905792,leiden
4653.865427106619,15.813513216,178.854490112,698980.479905792,leiden
4654.367764709517,15.813513216,178.854490112,698980.479905792,leiden
4654.868668049574,15.813513216,178.854490112,698980.479905792,leiden
4655.369697293267,15.813513216,178.852274176,698980.479905792,leiden
4655.8711410891265,15.813513216,178.852274176,698980.289671168,leiden
4656.37341301702,15.813513216,178.852274176,698980.289671168,leiden
4656.874367965385,15.813513216,178.847870976,698980.289671168,leiden
4657.3752956893295,15.813513216,178.847870976,698980.289671168,leiden
4657.87642657198,15.815610368,178.84346368,698979.816341504,leiden
4658.377588685602,15.815610368,178.84346368,698979.816341504,leiden
4658.879202799872,15.815610368,178.841239552,698979.816341504,leiden
4659.380177628249,15.815610368,178.854346752,698979.816341504,leiden
4659.882221624255,15.815610368,178.853158912,698979.816341504,leiden
4660.384425437078,15.815610368,178.850185216,698979.816341504,leiden
4660.885793467984,15.815610368,178.850189312,698979.816341504,leiden
4661.3870621379465,15.815610368,178.850189312,698979.816341504,leiden
4661.889289792627,15.815610368,178.849169408,698979.4214912,leiden
4662.390332153067,15.815610368,178.84798976,698979.4214912,leiden
4662.891255743802,15.815610368,178.847985664,698979.4214912,leiden
4663.39269813709,15.815610368,178.847985664,698979.4214912,leiden
4663.893652211875,15.815610368,178.843590656,698979.4214912,leiden
4664.397026851773,15.815610368,178.854600704,698979.4214912,leiden
4664.898525873199,15.815610368,178.852352,698979.4214912,leiden
4665.4003071933985,15.815610368,178.852450304,698979.4214912,leiden
4665.901168379933,15.815610368,178.852450304,698979.350151168,leiden
4666.403355900198,15.815610368,178.852450304,698979.350151168,leiden
4666.904140923172,15.815610368,178.847899648,698979.350151168,leiden
4667.406151516363,15.815610368,178.847899648,698979.350151168,leiden
4667.90819472447,15.815610368,178.845761536,698979.002482688,leiden
4668.409907663241,15.815610368,178.845761536,698979.002482688,leiden
4668.911223197356,15.815610368,178.85466624,698979.002482688,leiden
4669.413293756545,15.815610368,178.85466624,698979.002482688,leiden
4669.914985416457,15.815610368,178.85007872,698979.002482688,leiden
4670.417327743024,15.815610368,178.85007872,698979.002482688,leiden
4670.918227113783,15.815610368,178.85003776,698979.002482688,leiden
4671.420274903998,15.815610368,178.85003776,698979.002482688,leiden
4671.922320649028,15.815610368,178.845650944,698977.4111744,leiden
4672.423499329016,15.815610368,178.84577792,698977.4111744,leiden
4672.92514953576,15.815610368,178.84581888,698977.4111744,leiden
4673.426113760099,15.815610368,178.845687808,698977.4111744,leiden
4673.927799137309,15.815610368,178.841382912,698977.4111744,leiden
4674.431402575225,15.815610368,178.85435904,698977.4111744,leiden
4674.93305920437,15.815610368,178.852478976,698977.4111744,leiden
4675.434047644958,15.815610368,178.852499456,698977.4111744,leiden
4675.935754360631,15.815610368,178.850271232,698977.612877824,leiden
4676.4368100930005,15.815610368,178.850525184,698977.612877824,leiden
4676.9380298145115,15.815610368,178.84831744,698977.612877824,leiden
4677.4390164949,15.815610368,178.84831744,698977.612877824,leiden
4677.939865959808,15.815610368,178.846113792,698977.273192448,leiden
4678.4410508573055,15.815610368,178.846240768,698977.273192448,leiden
4678.942784421146,15.815610368,178.843549696,698977.273192448,leiden
4679.443761918694,15.815610368,178.843549696,698977.273192448,leiden
4679.945231920108,15.815610368,178.85466624,698977.273192448,leiden
4680.446321316063,15.815610368,178.854793216,698977.273192448,leiden
4680.947087496519,15.815610368,178.850271232,698977.273192448,leiden
4681.448083847761,15.815610368,178.850394112,698977.273192448,leiden
4681.949193133041,15.81770752,178.848305152,698976.878780416,leiden
4682.450498169288,15.81770752,178.84817408,698976.878780416,leiden
4682.951765766367,15.81770752,178.84389376,698976.878780416,leiden
4683.45263547264,15.81770752,178.84389376,698976.878780416,leiden
4683.953750580549,15.81770752,178.852806656,698976.878780416,leiden
4684.4548683054745,15.81770752,178.852806656,698976.878780416,leiden
4684.955957189202,15.81770752,178.848395264,698976.878780416,leiden
4685.456990420818,15.81770752,178.84852224,698976.878780416,leiden
4685.958444120362,15.81770752,178.84852224,698976.776228864,leiden
4686.459633167833,15.81770752,178.848391168,698976.776228864,leiden
4686.960488192737,15.81770752,178.848391168,698976.776228864,leiden
4687.461584810168,15.81770752,178.844094464,698976.776228864,leiden
4687.963496837765,15.81770752,178.843963392,698976.674340864,leiden
4688.4645773768425,15.81770752,178.842652672,698976.674340864,leiden
4688.965894449502,15.81770752,178.838663168,698976.674340864,leiden
4689.4667724743485,15.81770752,178.838941696,698976.674340864,leiden
4689.968535153195,15.81770752,178.849820672,698976.674340864,leiden
4690.469629326835,15.81770752,178.849820672,698976.674340864,leiden
4690.971362588927,15.81770752,178.8496896,698976.674340864,leiden
4691.472428325564,15.81770752,178.848641024,698976.674340864,leiden
4691.973486635834,15.81770752,178.845343744,698975.983665152,leiden
4692.47465800494,15.81770752,178.84532736,698975.983665152,leiden
4692.975970840082,15.81770752,178.845208576,698975.983665152,leiden
4693.477066941559,15.81770752,178.845220864,698975.983665152,leiden
4693.978881385177,15.81770752,178.840809472,698975.983665152,leiden
4694.480187509209,15.81770752,178.840817664,698975.983665152,leiden
4694.981229314581,15.81770752,178.851827712,698975.983665152,leiden
4695.482330793515,15.81770752,178.851815424,698975.983665152,leiden
4695.983840288594,15.81770752,178.847383552,698975.144005632,leiden
4696.484999328852,15.81770752,178.84739584,698975.144005632,leiden
4696.98682840541,15.81770752,178.84739584,698975.144005632,leiden
4697.487659187987,15.81770752,178.847383552,698975.144005632,leiden
4697.988641306758,15.81770752,178.842968064,698973.2856832,leiden
4698.48986312747,15.81770752,178.842984448,698973.2856832,leiden
4698.990823235363,15.81770752,178.842021888,698973.2856832,leiden
4699.491901524365,15.81770752,178.852896768,698973.2856832,leiden
4699.992807805538,15.81770752,178.849247232,698973.2856832,leiden
4700.493794865906,15.81770752,178.849247232,698973.2856832,leiden
4700.99455784075,15.81770752,178.849202176,698973.2856832,leiden
4701.495672851801,15.81770752,178.849202176,698973.2856832,leiden
4701.997524449602,15.81770752,178.849202176,698973.638934528,leiden
4702.498821172863,15.819804672,178.847096832,698973.638934528,leiden
4703.000552760437,15.819804672,178.847223808,698973.638934528,leiden
4703.501508155838,15.819804672,178.84499968,698973.638934528,leiden
4704.003089047968,15.819804672,178.84499968,698973.638934528,leiden
4704.504192885011,15.819804672,178.844680192,698973.638934528,leiden
4705.006058271974,15.819804672,178.843783168,698973.638934528,leiden
4705.50722897239,15.819804672,178.840498176,698973.638934528,leiden
4706.008555660024,15.819804672,178.840498176,698973.731192832,leiden
4706.512135678902,15.819804672,178.849140736,698973.731192832,leiden
4707.014025136828,15.819804672,178.848305152,698973.731192832,leiden
4707.515200501308,15.819804672,178.84706816,698973.731192832,leiden
4708.01615710929,15.819804672,178.84706816,698973.679874048,leiden
4708.51737916097,15.819804672,178.846539776,698973.679874048,leiden
4709.018654482439,15.819804672,178.84162048,698973.679874048,leiden
4709.519816271961,15.819804672,178.841636864,698973.679874048,leiden
4710.020841721445,15.819804672,178.841636864,698973.679874048,leiden
4710.521843921393,15.819804672,178.839855104,698973.679874048,leiden
4711.0237374641,15.819804672,178.839855104,698973.679874048,leiden
4711.524894753471,15.819804672,178.839851008,698973.679874048,leiden
4712.026502205059,15.819804672,178.848264192,698973.675986944,leiden
4712.52774181217,15.819804672,178.846429184,698973.675986944,leiden
4713.029434559867,15.819804672,178.845663232,698973.675986944,leiden
4713.530327061191,15.819804672,178.844352512,698973.675986944,leiden
4714.03202352114,15.819804672,178.844352512,698973.675986944,leiden
4714.533200737089,15.819804672,178.843828224,698973.675986944,leiden
4715.03512892127,15.819804672,178.843828224,698973.675986944,leiden
4715.536495108157,15.819804672,178.839953408,698973.675986944,leiden
4716.038176700473,15.819804672,178.839953408,698973.588639744,leiden
4716.539721123874,15.819804672,178.838642688,698973.588639744,leiden
4717.0407735724,15.819804672,178.848374784,698973.588639744,leiden
4717.5425139814615,15.819804672,178.84614656,698973.588639744,leiden
4718.043533977121,15.819804672,178.84444672,698973.304111104,leiden
4718.544649720192,15.819804672,178.844573696,698973.304111104,leiden
4719.045885365456,15.819804672,178.842968064,698973.304111104,leiden
4719.5468079559505,15.819804672,178.842836992,698973.304111104,leiden
4720.047790525481,15.819804672,178.842836992,698973.304111104,leiden
4720.54918500036,15.819804672,178.838757376,698973.304111104,leiden
4721.050107885152,15.819804672,178.838757376,698973.304111104,leiden
4721.55218324624,15.821901824,178.832891904,698973.304111104,leiden
4722.054262308404,15.821901824,178.832633856,698971.700785152,leiden
4722.558835122734,15.821901824,178.845745152,698971.700785152,leiden
4723.060833012685,15.821901824,178.845745152,698971.700785152,leiden
4723.5616319496185,15.821901824,178.841186304,698971.700785152,leiden
4724.062571413815,15.821901824,178.841186304,698971.700785152,leiden
4724.563575800508,15.821901824,178.83910144,698971.700785152,leiden
4725.064444268122,15.821901824,178.83910144,698971.700785152,leiden
4725.565431557596,15.821901824,178.838974464,698971.700785152,leiden
4726.066326197237,15.821901824,178.838974464,698969.600733184,leiden
4726.56791748479,15.821901824,178.838851584,698969.600733184,leiden
4727.068781314418,15.821901824,178.838851584,698969.600733184,leiden
4727.569602884352,15.821901824,178.845687808,698969.600733184,leiden
4728.071331564337,15.821901824,178.845683712,698969.161801728,leiden
4728.572722516954,15.821901824,178.841501696,698969.161801728,leiden
4729.073547692969,15.821901824,178.840686592,698969.161801728,leiden
4729.574862128124,15.821901824,178.84055552,698969.161801728,leiden
4730.075556088239,15.821901824,178.838290432,698969.161801728,leiden
4730.576526425779,15.821901824,178.838290432,698969.161801728,leiden
4731.077635796741,15.821901824,178.838290432,698969.161801728,leiden
4731.578575253487,15.821901824,178.836086784,698969.161801728,leiden
4732.079463988543,15.821901824,178.836086784,698970.345422848,leiden
4732.583300352097,15.821901824,178.846040064,698970.345422848,leiden
4733.084684474394,15.821901824,178.846138368,698970.345422848,leiden
4733.5858818255365,15.821901824,178.841604096,698970.345422848,leiden
4734.087908478454,15.821901824,178.841489408,698970.345422848,leiden
4734.589436752722,15.821901824,178.83940864,698970.345422848,leiden
4735.091273063794,15.821901824,178.839277568,698970.345422848,leiden
4735.593315096572,15.821901824,178.839150592,698970.345422848,leiden
4736.09534217231,15.821901824,178.839150592,698970.5076736,leiden
4736.596744609997,15.821901824,178.836987904,698970.5076736,leiden
4737.097725380212,15.821901824,178.847997952,698970.5076736,leiden
4737.598610568792,15.821901824,178.845847552,698970.5076736,leiden
4738.099508969113,15.823998976,178.8437504,698970.218897408,leiden
4738.600749500096,15.823998976,178.839334912,698970.218897408,leiden
4739.101853536442,15.823998976,178.8378112,698970.218897408,leiden
4739.602882971987,15.823998976,178.836332544,698970.218897408,leiden
4740.104020521045,15.823998976,178.836201472,698970.218897408,leiden
4740.605493718758,15.823998976,178.8360704,698970.218897408,leiden
4741.106633696705,15.823998976,178.8360704,698970.218897408,leiden
4741.607418589294,15.823998976,178.833891328,698970.218897408,leiden
4742.109392279759,15.823998976,178.833891328,698970.159878144,leiden
4742.6137006077915,15.823998976,178.844983296,698970.159878144,leiden
4743.1145970691,15.823998976,178.844983296,698970.159878144,leiden
4743.615823743865,15.823998976,178.842820608,698970.159878144,leiden
4744.117199080065,15.823998976,178.842820608,698970.159878144,leiden
4744.618719095364,15.823998976,178.840670208,698970.159878144,leiden
4745.119767094031,15.823998976,178.84014592,698970.159878144,leiden
4745.620666056871,15.823998976,178.836197376,698970.159878144,leiden
4746.122461782768,15.823998976,178.836197376,698969.6282624,leiden
4746.623497232795,15.823998976,178.836197376,698969.6282624,leiden
4747.124546892941,15.823998976,178.833092608,698969.6282624,leiden
4747.625485135242,15.823998976,178.832961536,698969.6282624,leiden
4748.126289950684,15.823998976,178.843734016,698969.608859648,leiden
4748.627660404891,15.823998976,178.841243648,698969.608859648,leiden
4749.12992657721,15.823998976,178.838642688,698969.608859648,leiden
4749.632121609524,15.823998976,178.836881408,698969.608859648,leiden
4750.1348816640675,15.823998976,178.836881408,698969.608859648,leiden
4750.636037968099,15.823998976,178.832461824,698969.608859648,leiden
4751.138087717816,15.823998976,178.832461824,698969.608859648,leiden
4751.640118129551,15.823998976,178.832613376,698969.608859648,leiden
4752.141336835921,15.823998976,178.840870912,698969.020604416,leiden
4752.642616407946,15.823998976,178.83711488,698969.020604416,leiden
4753.143480813131,15.823998976,178.83711488,698969.020604416,leiden
4753.645531749353,15.823998976,178.83711488,698969.020604416,leiden
4754.147441577166,15.823998976,178.83711488,698969.020604416,leiden
4754.648754375055,15.823998976,178.834915328,698969.020604416,leiden
4755.150388136506,15.826096128,178.832818176,698969.020604416,leiden
4755.651198536158,15.826096128,178.828525568,698969.020604416,leiden
4756.153193388134,15.826096128,178.828525568,698969.128251392,leiden
4756.654769420624,15.826096128,178.828517376,698969.128251392,leiden
4757.1556433960795,15.826096128,178.83953152,698969.128251392,leiden
4757.656554693356,15.826096128,178.839535616,698969.128251392,leiden
4758.157586431131,15.826096128,178.839535616,698969.443487744,leiden
4758.658676924184,15.826096128,178.834993152,698969.443487744,leiden
4759.159708116204,15.826096128,178.833371136,698969.443487744,leiden
4759.661370404065,15.826096128,178.82968064,698969.443487744,leiden
4760.162429919466,15.826096128,178.82968064,698969.443487744,leiden
4760.663598557934,15.826096128,178.829807616,698969.443487744,leiden
4761.1646210588515,15.826096128,178.829807616,698969.443487744,leiden
4761.665511669591,15.826096128,178.827599872,698969.443487744,leiden
4762.166570566595,15.826096128,178.827599872,698970.078674944,leiden
4762.670506307855,15.826096128,178.836533248,698970.078674944,leiden
4763.171323901042,15.826096128,178.836533248,698970.078674944,leiden
4763.672663044184,15.826096128,178.836533248,698970.078674944,leiden
4764.173471515998,15.826096128,178.835091456,698970.078674944,leiden
4764.674737486988,15.826096128,178.829606912,698970.078674944,leiden
4765.175602056086,15.826096128,178.829606912,698970.078674944,leiden
4765.676571661606,15.826096128,178.829750272,698970.078674944,leiden
4766.17816259712,15.826096128,178.829758464,698970.121527296,leiden
4766.679192764685,15.826096128,178.825207808,698970.121527296,leiden
4767.181002106518,15.826096128,178.825207808,698970.121527296,leiden
4767.681934148073,15.826096128,178.834526208,698970.121527296,leiden
4768.183682369068,15.826096128,178.834526208,698970.119950336,leiden
4768.684615412727,15.826096128,178.834735104,698970.119950336,leiden
4769.1850719973445,15.826096128,178.834644992,698970.119950336,leiden
4769.685816030949,15.826096128,178.830336,698970.119950336,leiden
4770.186778007075,15.826096128,178.830336,698970.119950336,leiden
4770.687827862799,15.826096128,178.830454784,698970.119950336,leiden
4771.188784493133,15.826096128,178.830708736,698970.119950336,leiden
4771.689417015761,15.826096128,178.826371072,698970.119950336,leiden
4772.189956501126,15.826096128,178.826371072,698968.235204608,leiden
4772.69328709133,15.826096128,178.83774976,698968.235204608,leiden
4773.193723414093,15.826096128,178.837745664,698968.235204608,leiden
4773.694533973932,15.826096128,178.833195008,698968.235204608,leiden
4774.196293968707,15.826096128,178.833195008,698968.235204608,leiden
4774.697187572718,15.826096128,178.832257024,698968.235204608,leiden
4775.198086503893,15.826096128,178.832257024,698968.235204608,leiden
4775.698812717572,15.826096128,178.831466496,698968.235204608,leiden
4776.199408467859,15.82610432,178.831466496,698968.591163392,leiden
4776.700329152867,15.82610432,178.826981376,698968.591163392,leiden
4777.201314397156,15.82610432,178.826981376,698968.591163392,leiden
4777.702069336548,15.82610432,178.83820032,698968.591163392,leiden
4778.2029508166015,15.82610432,178.838585344,698968.500269056,leiden
4778.703856006265,15.82610432,178.8383232,698968.500269056,leiden
4779.204753542319,15.82610432,178.837061632,698968.500269056,leiden
4779.7053280211985,15.82610432,178.832355328,698968.500269056,leiden
4780.206373523921,15.82610432,178.832355328,698968.500269056,leiden
4780.70737257041,15.82610432,178.831028224,698968.500269056,leiden
4781.2084525395185,15.82610432,178.831028224,698968.500269056,leiden
4781.709945222363,15.82610432,178.829078528,698968.500269056,leiden
4782.211283158511,15.82610432,178.829078528,698967.962468352,leiden
4782.7152686193585,15.82610432,178.836615168,698967.962468352,leiden
4783.216263940558,15.82610432,178.83664384,698967.962468352,leiden
4783.718298031017,15.82610432,178.834120704,698967.962468352,leiden
4784.219627296552,15.82610432,178.834120704,698967.962468352,leiden
4784.721487760544,15.82610432,178.834010112,698967.962468352,leiden
4785.2227762732655,15.82610432,178.833379328,698967.962468352,leiden
4785.724778721109,15.82610432,178.833375232,698967.962468352,leiden
4786.226050460711,15.82610432,178.833375232,698967.859089408,leiden
4786.727431263775,15.82610432,178.829606912,698967.859089408,leiden
4787.228718860075,15.82610432,178.829606912,698967.859089408,leiden
4787.729430451989,15.82610432,178.836447232,698967.859089408,leiden
4788.2306316532195,15.82610432,178.83631616,698967.827480576,leiden
4788.732498204336,15.82610432,178.83398144,698967.827480576,leiden
4789.233809437603,15.82610432,178.833133568,698967.827480576,leiden
4789.734844816849,15.82610432,178.833604608,698967.827480576,leiden
4790.236064380035,15.82610432,178.833604608,698967.827480576,leiden
4790.738318333402,15.82610432,178.829197312,698967.827480576,leiden
4791.239656347781,15.82610432,178.829197312,698967.827480576,leiden
4791.741655040532,15.82610432,178.829197312,698967.827480576,leiden
4792.242973903194,15.82610432,178.829197312,698967.398715392,leiden
4792.747007409111,15.82610432,178.83797504,698967.398715392,leiden
4793.2484066654,15.82610432,178.83797504,698967.398715392,leiden
4793.749650042504,15.82610432,178.835767296,698967.398715392,leiden
4794.2510146684945,15.82610432,178.835767296,698967.398715392,leiden
4794.753203528002,15.82610432,178.833575936,698967.398715392,leiden
4795.254112172872,15.82610432,178.833444864,698967.398715392,leiden
4795.756150688976,15.82610432,178.831228928,698967.398715392,leiden
4796.258187616244,15.82610432,178.831228928,698966.892691456,leiden
4796.759700894356,15.82610432,178.83148288,698966.892691456,leiden
4797.261173767969,15.82610432,178.83148288,698966.892691456,leiden
4797.763218425214,15.82610432,178.827067392,698966.892691456,leiden
4798.265281818807,15.568576512,179.084464128,698966.76292608,leiden
4798.768693273887,15.581650944,179.082387456,698966.76292608,leiden
4799.270125219598,15.594233856,179.068174336,698966.76292608,leiden
4799.772152457386,15.604719616,179.05381376,698966.76292608,leiden
4800.2741933092475,15.617302528,179.041230848,698966.76292608,leiden
4800.776109766215,15.623593984,179.032993792,698966.76292608,leiden
4801.278117792681,15.66134272,178.99511808,698966.76292608,leiden
4801.780053308234,15.66134272,178.992766976,698966.76292608,leiden
4802.2810849659145,15.66134272,178.992766976,698965.504331776,leiden
4802.78489565663,15.66134272,179.00167168,698965.504331776,leiden
4803.286903878674,15.66134272,179.00167168,698965.504331776,leiden
4803.787726536393,15.66134272,179.001663488,698965.504331776,leiden
4804.288512568921,15.667634176,178.995499008,698965.504331776,leiden
4804.789508156478,15.678119936,178.980614144,698965.504331776,leiden
4805.2915584575385,15.688605696,178.970128384,698965.504331776,leiden
4805.792906612158,15.694897152,178.964103168,698965.504331776,leiden
4806.294387895614,15.70328576,178.95571456,698965.411295232,leiden
4806.795405419543,15.711674368,178.942758912,698965.411295232,leiden
4807.297337520868,15.726354432,178.927951872,698965.411295232,leiden
4807.79930103384,15.726354432,178.934611968,698965.411295232,leiden
4808.30017962493,15.736840192,178.924126208,698965.336625152,leiden
4808.802149469033,15.749423104,178.909257728,698965.336625152,leiden
4809.30358229205,15.751520256,178.906361856,698965.336625152,leiden
4809.804454606026,15.768297472,178.888339456,698965.336625152,leiden
4810.305315023288,15.77668608,178.879950848,698965.336625152,leiden
4810.806607412174,15.778783232,178.877874176,698965.336625152,leiden
4811.307601088658,15.78717184,178.869358592,698965.336625152,leiden
4811.808640956879,15.7976576,178.854404096,698965.336625152,leiden
4812.309508910403,15.814434816,178.83762688,698965.368315904,leiden
4812.813157327473,15.81862912,178.842619904,698965.368315904,leiden
4813.314684057608,15.827017728,178.834231296,698965.368315904,leiden
4813.816376363859,15.845892096,178.812932096,698965.368315904,leiden
4814.317195836455,15.845892096,178.812932096,698965.368315904,leiden
4814.8194210175425,15.854280704,178.802323456,698965.368315904,leiden
4815.320205010474,15.864766464,178.791837696,698965.368315904,leiden
4815.822162140161,15.875252224,178.779164672,698965.368315904,leiden
4816.323947744444,15.887835136,178.766651392,698967.367548928,leiden
4816.825923835859,15.898320896,178.754105344,698967.367548928,leiden
4817.326833773404,15.910903808,178.741522432,698967.367548928,leiden
4817.827967051417,15.919292416,178.744020992,698967.367548928,leiden
4818.330001041293,15.931875328,178.73143808,698968.226332672,leiden
4818.832266597077,15.94445824,178.714574848,698968.226332672,leiden
4819.334301387891,15.957041152,178.701991936,698968.226332672,leiden
4819.836126148701,15.969624064,178.687176704,698968.226332672,leiden
4820.337890828028,15.97591552,178.680885248,698968.226332672,leiden
4820.839074360207,15.98640128,178.66807296,698968.226332672,leiden
4821.340448832139,15.998984192,178.655490048,698968.226332672,leiden
4821.841956188902,16.009469952,178.64265728,698968.226332672,leiden
4822.3428898490965,16.019955712,178.63217152,698969.643651072,leiden
4822.843767648563,16.032538624,178.630352896,698969.643651072,leiden
4823.345526108518,16.045121536,178.617643008,698969.643651072,leiden
4823.846252484247,16.057704448,178.603094016,698969.643651072,leiden
4824.34702173993,16.072384512,178.587779072,698969.643651072,leiden
4824.848628249019,16.084967424,178.572685312,698969.643651072,leiden
4825.3494205046445,16.095453184,178.562199552,698969.643651072,leiden
4825.850929029286,16.110133248,178.54353408,698969.643651072,leiden
4826.351811213419,16.126910464,178.526756864,698969.643651072,leiden
4826.853402713314,16.137396224,178.514051072,698969.643651072,leiden
4827.35502451472,16.152076288,178.499371008,698969.643651072,leiden
4827.85651582852,16.166756352,178.493489152,698969.58625792,leiden
4828.358159106225,16.177094656,178.483068928,698969.58625792,leiden
4828.8599819764495,15.472070656,179.186806784,698969.58625792,leiden
4829.360901787877,15.957454848,178.70045184,698969.58625792,leiden
4829.861940417439,16.548851712,178.106314752,698969.58625792,leiden
4830.3641875088215,17.041690624,177.6125952,698969.58625792,leiden
4830.8662131447345,17.647767552,177.003024384,698969.58625792,leiden
4831.368271235377,17.912008704,176.738275328,698969.58625792,leiden
4831.869679037482,18.364993536,176.282066944,698969.020841984,leiden
4832.3719436805695,18.78861824,175.857680384,698969.020841984,leiden
4832.873865941539,19.090608128,175.55296256,698969.020841984,leiden
4833.375152112916,19.346460672,175.307726848,698969.020841984,leiden
4833.877188457176,19.463901184,175.188086784,698969.020841984,leiden
4834.379140136763,19.828805632,174.822547456,698969.020841984,leiden
4834.879793012515,20.002144256,174.647218176,698969.020841984,leiden
4835.380296984687,20.447952896,174.204690432,698969.020841984,leiden
4835.880785983056,20.935385088,173.712437248,698969.020841984,leiden
4836.381446208805,21.416431616,173.232451584,698969.020841984,leiden
4836.882126012817,21.891121152,172.755750912,698969.020841984,leiden
4837.382821194828,22.368796672,172.278059008,698969.020841984,leiden
4837.883357737213,22.85369344,171.78947584,698969.182707712,leiden
4838.3865341525525,23.3327616,171.32132352,698969.182707712,leiden
4838.88718300499,23.8082048,170.842968064,698969.182707712,leiden
4839.387703148648,24.626741248,170.020233216,698969.182707712,leiden
4839.888540001586,25.880838144,168.76120064,698969.182707712,leiden
4840.3896613474935,27.002003456,167.637766144,698969.182707712,leiden
4840.890825681388,27.037851648,167.599714304,698969.182707712,leiden
4841.392653530464,27.046424576,167.591366656,698969.182707712,leiden
4841.893863912672,18.52379136,176.126140416,698969.05519104,leiden
4842.394914308563,18.197897216,176.45359104,698969.05519104,leiden
4842.896503280848,18.197897216,176.45135872,698969.05519104,leiden
4843.398225072771,18.197897216,176.45135872,698969.05519104,leiden
4843.8997938893735,18.197897216,176.460353536,698969.05519104,leiden
4844.402085771784,18.197897216,176.460353536,698969.05519104,leiden
4844.903086712584,18.197897216,176.458018816,698969.05519104,leiden
4845.403879089281,18.197897216,176.458018816,698969.05519104,leiden
4845.904765155166,18.197897216,176.45592576,698969.05519104,leiden
4846.405754413456,18.197897216,176.455172096,698969.05519104,leiden
4846.9068944603205,18.197897216,176.45314048,698969.05519104,leiden
4847.40855467692,18.197897216,176.453267456,698969.05519104,leiden
4847.910174949095,18.197897216,176.451002368,698967.595114496,leiden
4848.414405180141,18.197897216,176.462012416,698967.595114496,leiden
4848.915531240404,18.197897216,176.459870208,698967.595114496,leiden
4849.416551368311,18.197897216,176.459870208,698967.595114496,leiden
4849.917395601049,18.197897216,176.457842688,698967.595114496,leiden
4850.418497009203,18.197897216,176.457969664,698967.595114496,leiden
4850.9199974332005,18.197897216,176.45615104,698967.595114496,leiden
4851.422023663297,18.197897216,176.456019968,698967.595114496,leiden
4851.92370560579,18.197897216,176.453681152,698967.935004672,leiden
4852.425290443003,18.197897216,176.45355008,698967.935004672,leiden
4852.926952900365,18.197897216,176.4625408,698967.935004672,leiden
4853.428939735517,18.197897216,176.4625408,698967.935004672,leiden
4853.929804617539,18.197897216,176.460464128,698967.935004672,leiden
4854.431731032208,18.197897216,176.460660736,698967.935004672,leiden
4854.933435369283,18.197897216,176.458448896,698967.935004672,leiden
4855.434634236619,18.178592768,176.478277632,698967.935004672,leiden
4855.93577901274,18.188046336,176.466141184,698967.935004672,leiden
4856.43688727729,18.194337792,176.459849728,698967.935004672,leiden
4856.938596982509,18.2027264,176.449236992,698967.935004672,leiden
4857.43962370418,18.2027264,176.44926976,698967.935004672,leiden
4857.941061420366,18.209017856,176.451915776,698968.463138816,leiden
4858.443315908313,18.21321216,176.447594496,698968.463138816,leiden
4858.944257866591,18.217406464,176.441327616,698968.463138816,leiden
4859.445611080155,18.22369792,176.434778112,698968.463138816,leiden
4859.946743445471,18.223767552,176.43270144,698968.463138816,leiden
4860.4479425139725,18.230059008,176.426409984,698968.463138816,leiden
4860.948776775971,18.238447616,176.415797248,698968.463138816,leiden
4861.449775464833,18.238447616,176.415797248,698968.463138816,leiden
4861.951691577211,18.246836224,176.405184512,698968.35764224,leiden
4862.452898232266,18.25312768,176.398893056,698968.35764224,leiden
4862.9545394238085,18.257321984,176.402980864,698968.35764224,leiden
4863.4557480327785,18.261516288,176.39878656,698968.35764224,leiden
4863.957911986858,18.267807744,176.390811648,698968.35764224,leiden
4864.459177566692,18.2740992,176.383721472,698968.35764224,leiden
4864.960573231801,18.282487808,176.374042624,698968.35764224,leiden
4865.461599092931,18.290876416,176.365654016,698968.35764224,leiden
4865.963622337207,18.297167872,176.357154816,698968.35764224,leiden
4866.464886100963,18.303459328,176.350605312,698968.35764224,leiden
4866.966841164976,18.311847936,176.342216704,698968.35764224,leiden
4867.467869533226,18.31604224,176.335310848,698968.35764224,leiden
4867.96881807223,18.324430848,176.337932288,698968.143794176,leiden
4868.469910129905,18.330722304,176.33019904,698968.143794176,leiden
4868.97173579596,18.341208064,176.317571072,698968.143794176,leiden
4869.472578641027,18.341404672,176.3175424,698968.143794176,leiden
4869.974551342428,18.34719232,176.30507008,698968.143794176,leiden
4870.475820636377,18.766974976,175.885324288,698968.143794176,leiden
4870.977699285373,19.402420224,175.248617472,698968.143794176,leiden
4871.478765055537,19.968708608,174.68073984,698968.143794176,leiden
4871.980092339218,20.407017472,174.241144832,698967.86849792,leiden
4872.481221508235,20.771958784,173.875478528,698967.86849792,leiden
4872.98239996843,21.032013824,173.622652928,698967.86849792,leiden
4873.483018953353,21.24959744,173.40659712,698967.86849792,leiden
4873.983517924324,21.774311424,172.880842752,698967.86849792,leiden
4874.484216785058,22.271438848,172.381274112,698967.86849792,leiden
4874.984730144963,22.77451776,171.875725312,698967.86849792,leiden
4875.48524547182,23.290294272,171.3577984,698967.86849792,leiden
4875.986373838037,24.150167552,170.49368576,698967.86849792,leiden
4876.487224744633,25.244880896,169.393954816,698967.86849792,leiden
4876.989198517054,25.264836608,169.374130176,698967.86849792,leiden
4877.491226889193,16.989589504,177.663336448,698967.86849792,leiden
4877.992225198075,16.989589504,177.672134656,698967.92408064,leiden
4878.494466315955,16.989589504,177.672003584,698967.92408064,leiden
4878.995476452634,16.989589504,177.670078464,698967.92408064,leiden
4879.4974141884595,16.989589504,177.670078464,698967.92408064,leiden
4879.999014897272,16.989589504,177.667813376,698967.92408064,leiden
4880.500114720315,16.989589504,177.667940352,698967.92408064,leiden
4881.002154760063,16.989589504,177.665540096,698967.92408064,leiden
4881.503218980506,16.989589504,177.663967232,698967.92408064,leiden
4882.004788933322,16.989589504,177.661042688,698967.73699584,leiden
4882.506936818361,16.989589504,177.661042688,698967.73699584,leiden
4883.008889209479,16.989589504,177.661300736,698967.73699584,leiden
4883.509642511606,16.989589504,177.672310784,698967.73699584,leiden
4884.011649372056,16.989589504,177.668050944,698967.73699584,leiden
4884.512819334865,16.989589504,177.66817792,698967.73699584,leiden
4885.01431075111,16.989589504,177.668329472,698967.73699584,leiden
4885.516120929271,16.989589504,177.668329472,698967.73699584,leiden
4886.017147121951,16.989589504,177.666064384,698967.73543936,leiden
4886.518402572721,16.989589504,177.664753664,698967.73543936,leiden
4887.020308770239,16.989589504,177.661632512,698967.73543936,leiden
4887.522328585386,16.989589504,177.661693952,698967.73543936,leiden
4888.024575652555,17.498112,177.152786432,698967.588995072,leiden
4888.52847177349,18.148237312,176.512528384,698967.588995072,leiden
4889.0306633375585,18.572017664,176.083853312,698967.588995072,leiden
4889.531325012445,18.742185984,175.912964096,698967.588995072,leiden
4890.031836921349,19.443941376,175.209951232,698967.588995072,leiden
4890.532796980813,15.581294592,179.076816896,698967.588995072,leiden
4891.034420479089,15.581294592,179.073470464,698967.588995072,leiden
4891.536372141913,15.581294592,179.073470464,698967.588995072,leiden
4892.037135509774,15.581294592,179.071266816,698967.996473344,leiden
4892.538469256833,15.581294592,179.071266816,698967.996473344,leiden
4893.039302019402,15.897178112,178.764201984,698967.996473344,leiden
4893.540108844638,15.125037056,179.534098432,698967.996473344,leiden
4894.0411037597805,15.125037056,179.531812864,698967.996473344,leiden
4894.542644497007,15.125037056,179.531812864,698967.996473344,leiden
4895.043515937403,15.125037056,179.532640256,698967.996473344,leiden
4895.544551048428,15.125037056,179.53251328,698967.996473344,leiden
4896.046464329585,15.125037056,179.52823296,698967.939289088,leiden
4896.547857873142,15.125037056,179.52823296,698967.939289088,leiden
4897.0495476890355,15.125037056,179.528257536,698967.939289088,leiden
4897.550778873265,15.125037056,179.526148096,698967.939289088,leiden
4898.052624683827,15.125037056,179.526275072,698968.130338816,leiden
4898.557267460972,15.177457664,179.48479488,698968.130338816,leiden
4899.059259951115,15.479230464,179.18107648,698968.130338816,leiden
4899.560570256785,15.5685888,179.091460096,698968.130338816,leiden
4900.06168025732,15.5685888,179.091460096,698968.130338816,leiden
4900.563156720251,15.5685888,179.08963328,698968.130338816,leiden
4901.065190084279,15.5685888,179.08963328,698968.130338816,leiden
4901.566525500268,15.5685888,179.089657856,698968.130338816,leiden
4902.067978385836,15.5685888,179.089657856,698968.312885248,leiden
4902.569519840181,15.5685888,179.085484032,698968.312885248,leiden
4903.070865660906,15.5685888,179.096481792,698968.312885248,leiden
4903.571690805256,15.5685888,179.092447232,698968.312885248,leiden
4904.072870261967,15.5685888,179.092447232,698968.312885248,leiden
4904.574137261137,15.5685888,179.09270528,698968.312885248,leiden
4905.074840601534,15.5685888,179.091402752,698968.312885248,leiden
4905.576034337282,15.5685888,179.090870272,698968.312885248,leiden
4906.07815647684,15.5685888,179.090870272,698968.271015936,leiden
4906.579765385017,15.5685888,179.088273408,698968.271015936,leiden
4907.0808237455785,15.5685888,179.08852736,698968.271015936,leiden
4907.582165095955,15.5685888,179.086585856,698968.271015936,leiden
4908.084224412218,15.5685888,179.084255232,698967.9542272,leiden
4908.588119991124,15.5685888,179.095523328,698967.9542272,leiden
4909.089907065034,15.5685888,179.095658496,698967.9542272,leiden
4909.590762369335,15.5685888,179.095277568,698967.9542272,leiden
4910.091937512159,15.5685888,179.095277568,698967.9542272,leiden
4910.593072231859,15.5685888,179.090939904,698967.9542272,leiden
4911.095129614696,15.5685888,179.090939904,698967.9542272,leiden
4911.596017681062,15.5685888,179.089891328,698967.9542272,leiden
4912.098004741594,15.5685888,179.089494016,698967.884828672,leiden
4912.600793167949,15.5685888,179.098263552,698967.884828672,leiden
4913.10193162784,15.5685888,179.094061056,698967.884828672,leiden
4913.602964555845,15.5685888,179.094061056,698967.884828672,leiden
4914.1043932605535,15.5685888,179.094188032,698967.884828672,leiden
4914.605527341366,15.5685888,179.089895424,698967.884828672,leiden
4915.10638955608,15.5685888,179.089764352,698967.884828672,leiden
4915.607174685225,15.5685888,179.090214912,698967.884828672,leiden
4916.108003284782,15.5685888,179.090214912,698967.88123648,leiden
4916.611125877127,15.5685888,179.096690688,698967.88123648,leiden
4917.113158823922,15.5685888,179.096690688,698967.88123648,leiden
4917.61408697255,15.5685888,179.094867968,698967.88123648,leiden
4918.116121431813,15.5685888,179.094867968,698967.82993408,leiden
4918.6172898653895,15.5685888,179.093004288,698967.82993408,leiden
4919.118347093463,15.5685888,179.093004288,698967.82993408,leiden
4919.619295433164,15.5685888,179.091431424,698967.82993408,leiden
4920.121351581067,15.5685888,179.091431424,698967.82993408,leiden
4920.622949140146,15.5685888,179.088601088,698967.82993408,leiden
4921.124471653253,15.5685888,179.08885504,698967.82993408,leiden
4921.625311847776,15.5685888,179.086147584,698967.82993408,leiden
4922.127344248816,15.5685888,179.084558336,698967.578181632,leiden
4922.631560632959,15.5685888,179.095785472,698967.578181632,leiden
4923.13226974383,15.5685888,179.095928832,698967.578181632,leiden
4923.633812328801,15.5685888,179.093594112,698967.578181632,leiden
4924.134577970952,15.5685888,179.093745664,698967.578181632,leiden
4924.635646821931,15.578218496,179.082092544,698967.578181632,leiden
4925.136565119028,15.587495936,179.072815104,698967.578181632,leiden
4925.637532133609,15.595884544,179.062095872,698967.578181632,leiden
4926.1388528663665,15.610564608,179.047415808,698967.411134464,leiden
4926.639881374314,15.618953216,179.036848128,698967.411134464,leiden
4927.140642711893,15.639924736,179.015876608,698967.411134464,leiden
4927.641617560759,15.639924736,179.015876608,698967.411134464,leiden
4928.143180208281,15.6546048,179.012206592,698967.049056256,leiden
4928.644421586767,15.660896256,179.001757696,698967.049056256,leiden
4929.145227411762,15.669284864,178.993369088,698967.049056256,leiden
4929.646213918924,15.690256384,178.970120192,698967.049056256,leiden
4930.148282939568,15.690256384,178.970120192,698967.049056256,leiden
4930.64943308942,15.698644992,178.959650816,698967.049056256,leiden
4931.150684181601,15.702839296,178.955456512,698967.049056256,leiden
4931.651610914618,15.711227904,178.95364608,698967.049056256,leiden
4932.153427967802,15.734296576,178.930577408,698967.258288128,leiden
4932.654604971409,15.763656704,178.8987392,698967.258288128,leiden
4933.1560664363205,15.763656704,178.8987392,698967.258288128,leiden
4933.657113496214,15.763656704,178.896646144,698967.258288128,leiden
4934.1581818163395,15.763656704,178.896646144,698967.258288128,leiden
4934.659363003448,15.763656704,178.896744448,698967.258288128,leiden
4935.161268072203,15.763656704,178.896744448,698967.258288128,leiden
4935.662313250825,15.763656704,178.892345344,698967.258288128,leiden
4936.16435725987,15.774142464,178.881859584,698967.105933312,leiden
4936.6656295042485,15.778336768,178.886721536,698967.105933312,leiden
4937.166809041053,15.793016832,178.870509568,698967.105933312,leiden
4937.667841700837,15.793016832,178.870509568,698967.105933312,leiden
4938.168671308085,15.80140544,178.86212096,698966.950936576,leiden
4938.669755568728,15.805599744,178.854944768,698966.950936576,leiden
4939.170695165172,15.813988352,178.846429184,698966.950936576,leiden
4939.671532807872,15.828668416,178.83174912,698966.950936576,leiden
4940.17301652953,15.828668416,178.83174912,698966.950936576,leiden
4940.674385888502,15.841251328,178.814754816,698966.950936576,leiden
4941.176287667826,15.845445632,178.810560512,698966.950936576,leiden
4941.677291743457,15.845445632,178.821574656,698966.950936576,leiden
4942.1793191526085,15.855931392,178.806808576,698967.005908992,leiden
4942.680675905198,15.872708608,178.789904384,698967.005908992,leiden
4943.182694284245,15.872708608,178.789904384,698967.005908992,leiden
4943.683799393475,15.881097216,178.779189248,698967.005908992,leiden
4944.184524331242,15.893680128,178.76647936,698967.005908992,leiden
4944.686018161476,15.90626304,178.751688704,698967.005908992,leiden
4945.187348362058,15.90626304,178.751557632,698967.005908992,leiden
4945.688620768487,15.910457344,178.745290752,698967.005908992,leiden
4946.189411370084,15.925137408,178.741100544,698966.987177984,leiden
4946.690613115206,15.92723456,178.737324032,698966.987177984,leiden
4947.192321050912,15.933526016,178.731032576,698966.987177984,leiden
4947.693424399942,15.952400384,178.709655552,698966.987177984,leiden
4948.19544054009,15.95869184,178.703364096,698966.992023552,leiden
4948.696809772402,15.9691776,178.690658304,698966.992023552,leiden
4949.198818970472,15.977566208,178.682269696,698966.992023552,leiden
4949.699933884665,15.994343424,178.66328064,698966.992023552,leiden
4950.201271831989,16.004829184,178.65279488,698966.992023552,leiden
4950.702352276072,16.013217792,178.642075648,698966.992023552,leiden
4951.204360632226,16.025800704,178.629492736,698966.992023552,leiden
4951.706078054383,16.034189312,178.618957824,698966.992023552,leiden
4952.20731325075,16.05306368,178.613190656,698967.817519104,leiden
4952.709019206464,16.059355136,178.604929024,698967.817519104,leiden
4953.209878060967,16.065646592,178.598637568,698967.817519104,leiden
4953.7110861204565,16.08452096,178.57742848,698967.817519104,leiden
4954.212408237159,16.08452096,178.57742848,698967.817519104,leiden
4954.7134680803865,16.092909568,178.566725632,698967.817519104,leiden
4955.214722156525,16.10549248,178.55414272,698967.817519104,leiden
4955.7159420941025,16.11597824,178.539094016,698967.817519104,leiden
4956.217210046947,16.130658304,178.524413952,698968.245551104,leiden
4956.718682445586,16.13694976,178.518122496,698968.245551104,leiden
4957.219961822033,16.14743552,178.507636736,698968.245551104,leiden
4957.7212191578,16.160018432,178.501787648,698968.245551104,leiden
4958.222552277148,16.174698496,178.487099392,698969.621958656,leiden
4958.723667284474,16.183087104,178.478583808,698969.621958656,leiden
4959.224872097373,16.305750016,178.355748864,698969.621958656,leiden
4959.72570521757,15.670337536,178.989723648,698969.621958656,leiden
4960.227011913434,16.253345792,178.405572608,698969.621958656,leiden
4960.72821706906,16.710524928,177.945182208,698969.621958656,leiden
4961.229585925117,17.218035712,177.434558464,698969.621958656,leiden
4961.7307019121945,17.763295232,176.88815616,698969.621958656,leiden
4962.231611166149,17.937358848,176.724721664,698969.394335744,leiden
4962.732960704714,18.29597184,176.361189376,698969.394335744,leiden
4963.234339730814,18.660876288,175.995523072,698969.394335744,leiden
4963.735350390896,18.988032,175.66773248,698969.394335744,leiden
4964.236460218206,19.201941504,175.453442048,698969.394335744,leiden
4964.737913014367,19.38649088,175.26396928,698969.394335744,leiden
4965.238810483366,19.493445632,175.156760576,698969.394335744,leiden
4965.739826902747,19.831087104,174.818484224,698969.394335744,leiden
4966.24068570137,20.034359296,174.614380544,698969.021063168,leiden
4966.7414981760085,20.424953856,174.237155328,698969.021063168,leiden
4967.242557998747,20.788826112,173.873864704,698969.021063168,leiden
4967.743175595999,21.15518464,173.502173184,698969.021063168,leiden
4968.244767991826,21.54641408,173.111513088,698968.261169152,leiden
4968.746573729441,21.917237248,172.737953792,698968.261169152,leiden
4969.247298967093,22.34138624,172.31269888,698968.261169152,leiden
4969.747905727476,22.82500096,171.823120384,698968.261169152,leiden
4970.248560376465,23.305510912,171.340726272,698968.261169152,leiden
4970.749431625009,23.781556224,170.864439296,698968.261169152,leiden
4971.250140318647,24.567230464,170.078519296,698968.261169152,leiden
4971.7515256572515,25.804550144,168.833196032,698968.261169152,leiden
4972.252367107198,26.98502144,167.64977152,698968.209883136,leiden
4972.756664501503,27.02094336,167.626092544,698968.209883136,leiden
4973.257473541424,25.65787648,168.989683712,698968.209883136,leiden
4973.758761798963,23.594336256,171.052732416,698968.209883136,leiden
4974.260086497292,18.365739008,176.292913152,698968.209883136,leiden
4974.761994523928,18.365739008,176.291045376,698968.209883136,leiden
4975.263575509191,18.365739008,176.291045376,698968.209883136,leiden
4975.764413814992,18.365739008,176.290779136,698968.209883136,leiden
4976.265162827447,18.365739008,176.290779136,698968.343994368,leiden
4976.766804797575,18.365739008,176.286302208,698968.343994368,leiden
4977.268074972555,18.365739008,176.286302208,698968.343994368,leiden
4977.769851161167,18.365739008,176.286302208,698968.343994368,leiden
4978.271165071055,18.365739008,176.297439232,698970.00394752,leiden
4978.773148229346,18.365739008,176.293097472,698970.00394752,leiden
4979.275174356997,18.365739008,176.293097472,698970.00394752,leiden
4979.776109063998,18.346139648,176.312987648,698970.00394752,leiden
4980.2781076692045,18.350686208,176.30828544,698970.00394752,leiden
4980.780000664294,18.354880512,176.299528192,698970.00394752,leiden
4981.282051585615,18.367463424,176.28694528,698970.00394752,leiden
4981.783702816814,18.369560576,176.291733504,698970.00394752,leiden
4982.284947475418,18.377949184,176.283344896,698969.876553728,leiden
4982.7864724732935,18.38424064,176.274726912,698969.876553728,leiden
4983.28751132451,18.398920704,176.260046848,698969.876553728,leiden
4983.788318576291,18.398920704,176.257953792,698969.876553728,leiden
4984.290295226499,18.398920704,176.257953792,698969.876553728,leiden
4984.792256120592,18.398920704,176.257953792,698969.876553728,leiden
4985.294033259153,18.407309312,176.249462784,698969.876553728,leiden
4985.795862020925,18.413600768,176.238628864,698969.876553728,leiden
4986.296718921512,18.41569792,176.236531712,698969.782669312,leiden
4986.798050608486,18.421989376,176.241373184,698969.782669312,leiden
4987.299386024475,18.42618368,176.23717888,698969.782669312,leiden
4987.801196964458,18.428280832,176.230981632,698969.782669312,leiden
4988.303217377514,18.438766592,176.220368896,698969.239568384,leiden
4988.805157722905,18.442960896,176.214061056,698969.239568384,leiden
4989.307180505246,18.449252352,176.2077696,698969.239568384,leiden
4989.809058405459,18.453446656,176.201224192,698969.239568384,leiden
4990.310417700559,18.45764096,176.197029888,698969.239568384,leiden
4990.8120378647,18.466029568,176.186507264,698969.239568384,leiden
4991.314093653113,18.472321024,176.180215808,698969.239568384,leiden
4991.814866885543,18.480709632,176.181813248,698969.239568384,leiden
4992.3168199863285,18.487001088,176.175521792,698969.537024,leiden
4992.818478632718,18.48909824,176.17016832,698969.537024,leiden
4993.319396786392,18.495389696,176.163876864,698969.537024,leiden
4993.820162139833,18.501681152,176.157462528,698969.537024,leiden
4994.32215603441,18.507972608,176.151171072,698969.537024,leiden
4994.823790621012,18.510237696,176.144723968,698969.537024,leiden
4995.3258058689535,18.488680448,176.166146048,698969.537024,leiden
4995.827254189178,19.15768832,175.493627904,698969.537024,leiden
4996.328833203763,19.612770304,175.037657088,698969.537024,leiden
4996.830828117207,20.103528448,174.543699968,698969.537024,leiden
4997.332334581763,20.472635392,174.18694656,698969.537024,leiden
4997.8344354406,20.820815872,173.836238848,698969.537024,leiden
4998.335642959923,21.034725376,173.62182144,698969.44912384,leiden
4998.836857587099,21.307363328,173.34652928,698969.44912384,leiden
4999.338511383161,21.53324544,173.122076672,698969.44912384,leiden
4999.840948076919,22.073069568,172.578451456,698969.44912384,leiden
5000.341711426154,22.6026496,172.047056896,698969.44912384,leiden
5000.842495940626,23.104364544,171.540754432,698969.44912384,leiden
5001.342993212864,23.613636608,171.030945792,698969.44912384,leiden
5001.844526223838,24.84989952,169.790394368,698969.44912384,leiden
5002.345217600465,25.393569792,169.255133184,698968.931094528,leiden
5002.846253314987,17.002663936,177.658978304,698968.931094528,leiden
5003.347044825554,17.002663936,177.658978304,698968.931094528,leiden
5003.8490189593285,17.002663936,177.65677056,698968.931094528,leiden
5004.350028671324,17.002663936,177.65677056,698968.931094528,leiden
5004.851794078946,17.002663936,177.654923264,698968.931094528,leiden
5005.352576045319,17.002663936,177.654923264,698968.931094528,leiden
5005.853698706254,17.002663936,177.65271552,698968.931094528,leiden
5006.354679953307,17.002663936,177.65271552,698968.931094528,leiden
5006.856548888609,17.002663936,177.650364416,698968.931094528,leiden
5007.357308031991,17.002663936,177.661374464,698968.931094528,leiden
5007.859135387465,17.002663936,177.657606144,698968.326008832,leiden
5008.3601526245475,17.002663936,177.657606144,698968.326008832,leiden
5008.862044192851,17.002663936,177.657081856,698968.326008832,leiden
5009.362853392959,17.002663936,177.657081856,698968.326008832,leiden
5009.864542528987,17.002663936,177.652649984,698968.326008832,leiden
5010.365507984534,17.002663936,177.652649984,698968.326008832,leiden
5010.866337940097,17.002663936,177.65277696,698968.326008832,leiden
5011.367183970287,17.002663936,177.65277696,698968.326008832,leiden
5011.8683813568205,17.002663936,177.650372608,698968.635047936,leiden
5012.369458204135,17.44637952,177.20635392,698968.635047936,leiden
5012.870983203873,18.148990976,176.51316736,698968.635047936,leiden
5013.371924912557,18.514255872,176.147247104,698968.635047936,leiden
5013.872548257932,18.724909056,175.936106496,698968.635047936,leiden
5014.373582256958,19.35669248,175.304384512,698968.635047936,leiden
5014.875333417207,15.762837504,178.896986112,698968.635047936,leiden
5015.376789513975,15.762837504,178.896986112,698968.635047936,leiden
5015.8787631988525,15.762837504,178.897227776,698968.635047936,leiden
5016.380097126588,15.762837504,178.897227776,698968.635047936,leiden
5016.882188748568,15.762837504,178.892972032,698968.635047936,leiden
5017.383048448712,16.22102016,178.435674112,698968.635047936,leiden
5017.884314941242,15.307972608,179.36064512,698966.231179264,leiden
5018.386046430096,15.307972608,179.36064512,698966.231179264,leiden
5018.887536160648,15.307972608,179.356422144,698966.231179264,leiden
5019.388978376985,15.307972608,179.356422144,698966.231179264,leiden
5019.890618469566,15.307972608,179.354222592,698966.231179264,leiden
5020.392217358574,15.307972608,179.354222592,698966.231179264,leiden
5020.893314532936,15.307972608,179.354349568,698966.231179264,leiden
5021.394458228722,15.307972608,179.354349568,698966.231179264,leiden
5021.895586993545,15.307972608,179.34985216,698967.347695616,leiden
5022.396435119212,15.307972608,179.34985216,698967.347695616,leiden
5022.89705950208,15.307972608,179.360862208,698967.347695616,leiden
5023.3986788243055,15.307972608,179.360292864,698967.347695616,leiden
5023.9004007373005,15.307972608,179.356123136,698967.808843776,leiden
5024.401618665084,15.307972608,179.356123136,698967.808843776,leiden
5024.903106156737,15.307972608,179.356250112,698967.808843776,leiden
5025.404312647879,15.307972608,179.356250112,698967.808843776,leiden
5025.905298389494,15.307972608,179.351764992,698967.808843776,leiden
5026.406503569335,15.307972608,179.351764992,698967.808843776,leiden
5026.907415501773,15.307972608,179.349434368,698967.808843776,leiden
5027.409168126062,15.307972608,179.349434368,698967.808843776,leiden
5027.911132600158,15.21942528,179.447279616,698966.786932736,leiden
5028.412537775934,15.21942528,179.447279616,698966.786932736,leiden
5028.913514424115,15.21942528,179.445198848,698966.786932736,leiden
5029.414449848235,15.21942528,179.445067776,698966.786932736,leiden
5029.91551849246,15.21942528,179.445080064,698966.786932736,leiden
5030.416486917064,15.21942528,179.445080064,698966.786932736,leiden
5030.917535433546,15.21942528,179.440545792,698966.786932736,leiden
5031.4184771850705,15.21942528,179.440545792,698966.786932736,leiden
5031.920208428055,15.21942528,179.438473216,698968.068235264,leiden
5032.4213855247945,15.21942528,179.438473216,698968.068235264,leiden
5032.9225351549685,15.21942528,179.436265472,698968.068235264,leiden
5033.423738252372,15.21942528,179.4492416,698968.068235264,leiden
5033.924604980275,14.974332928,179.693494272,698968.068235264,leiden
5033.951907085255,14.953824256,179.713028096,698968.068235264,leiden
5033.953597508371,14.953828352,179.713028096,698968.068235264,umap
5034.425431020558,14.953857024,179.712884736,698968.068235264,umap
5034.92594875209,14.953857024,179.710840832,698968.068235264,umap
5035.426474319771,14.953857024,179.710840832,698968.068235264,umap
5035.927031816915,14.953857024,179.708633088,698968.068235264,umap
5036.427925944328,14.953857024,179.708633088,698968.068235264,umap
5036.929056655616,14.953857024,179.70655232,698968.068235264,umap
5037.430398270488,14.953857024,179.70655232,698968.068235264,umap
5037.93144444935,14.953857024,179.704205312,698967.917961216,umap
5038.435221141204,14.953857024,179.71521536,698967.917961216,umap
5038.936749055982,14.953857024,179.713142784,698967.917961216,umap
5039.437692128122,14.953857024,179.713142784,698967.917961216,umap
5039.938913356513,14.953857024,179.711066112,698967.917961216,umap
5040.439960733056,14.953857024,179.711066112,698967.917961216,umap
5040.940744772553,14.953857024,179.708858368,698967.917961216,umap
5041.441440189257,14.953869312,179.708858368,698967.917961216,umap
5041.9422790315,14.953869312,179.70661376,698967.769550848,umap
5042.443414423615,15.145639936,179.51469568,698967.769550848,umap
5042.944756790996,15.147782144,179.510206464,698967.769550848,umap
5043.445629702881,15.149920256,179.519107072,698967.769550848,umap
5043.946902764961,15.149969408,179.51700992,698967.429701632,umap
5044.44774751924,15.150014464,179.51700992,698967.429701632,umap
5044.949327517301,15.15005952,179.514691584,698967.429701632,umap
5045.450065968558,15.152201728,179.511959552,698967.429701632,umap
5045.951605234295,15.152246784,179.508117504,698967.429701632,umap
5046.452553844079,15.15229184,179.508097024,698967.429701632,umap
5046.954108459875,15.152336896,179.507986432,698967.429701632,umap
5047.454991875216,15.152386048,179.507994624,698967.429701632,umap
5047.95663100481,15.152427008,179.51670272,698967.53211392,umap
5048.457960532978,15.152472064,179.516694528,698967.53211392,umap
5048.958755455911,15.152521216,179.514482688,698967.53211392,umap
5049.459665745497,15.152562176,179.514462208,698967.53211392,umap
5049.960479436442,15.152611328,179.51207424,698967.53211392,umap
5050.461583804339,15.152652288,179.512086528,698967.53211392,umap
5050.9636334721,15.15270144,179.507871744,698967.53211392,umap
5051.464751511812,15.1527424,179.507879936,698967.53211392,umap
5051.9663861151785,15.154888704,179.505504256,698967.57385216,umap
5052.467312352732,15.154929664,179.516506112,698967.57385216,umap
5052.969035020098,15.154978816,179.512111104,698967.57385216,umap
5053.470218701288,15.155019776,179.512107008,698967.57385216,umap
5053.972311280668,15.155060736,179.5121152,698967.57385216,umap
5054.4735019132495,15.155105792,179.512111104,698967.57385216,umap
5054.974475452676,15.155150848,179.507621888,698967.57385216,umap
5055.475367033854,15.157297152,179.505532928,698967.57385216,umap
5055.976030519232,15.157338112,179.505405952,698967.57385216,umap
5056.477128772065,15.157387264,179.505528832,698967.57385216,umap
5056.978451780975,15.157428224,179.503321088,698967.57385216,umap
5057.479524521157,15.157477376,179.503337472,698967.57385216,umap
5057.98086040467,15.157518336,179.509747712,698967.429722112,umap
5058.483010817319,15.157530624,179.509878784,698967.429722112,umap
5058.983716527,15.157530624,179.50988288,698967.429722112,umap
5059.484179433435,15.157530624,179.509727232,698967.429722112,umap
5059.985742535442,15.157530624,179.505385472,698967.429722112,umap
5060.48663158156,15.159627776,179.503161344,698967.429722112,umap
5060.9872480053455,15.159627776,179.503161344,698967.429722112,umap
5061.488506941125,15.159627776,179.503161344,698967.429722112,umap
5061.989156400785,15.159627776,179.498758144,698970.809901056,umap
5062.490310255438,15.159627776,179.498876928,698970.809901056,umap
5062.991466837004,15.159627776,179.50976,698970.809901056,umap
5063.492595689371,15.159627776,179.509628928,698970.809901056,umap
5063.993543293327,15.159627776,179.505491968,698970.809901056,umap
5064.494461534545,15.159627776,179.505491968,698970.809901056,umap
5064.9961212370545,15.159627776,179.503284224,698970.809901056,umap
5065.497050013393,15.159627776,179.503284224,698970.809901056,umap
5065.997938014567,15.161724928,179.501056,698970.809901056,umap
5066.49881407246,15.16382208,179.498958848,698970.809901056,umap
5066.999767204747,15.16382208,179.494432768,698970.809901056,umap
5067.500821579248,15.16382208,179.494559744,698970.809901056,umap
5068.001908821985,15.16382208,179.49454336,698970.8878848,umap
5068.505504541099,15.165919232,179.503325184,698970.8878848,umap
5069.006474152207,15.165919232,179.498917888,698970.8878848,umap
5069.507363660261,15.165919232,179.498917888,698970.8878848,umap
5070.008095432073,15.165919232,179.498930176,698970.8878848,umap
5070.509313244373,15.165919232,179.49892608,698970.8878848,umap
5071.010329457,15.165919232,179.49452288,698970.8878848,umap
5071.511302616447,15.165919232,179.494559744,698970.8878848,umap
5072.011797560379,15.165919232,179.494453248,698970.739585024,umap
5072.512832397595,15.165919232,179.494453248,698970.739585024,umap
5073.014722153544,15.170113536,179.497099264,698970.739585024,umap
5073.5157872680575,15.170113536,179.495804928,698970.739585024,umap
5074.017643015832,15.170113536,179.494907904,698970.739585024,umap
5074.518803235143,15.170113536,179.494903808,698970.739585024,umap
5075.019801130518,15.172210688,179.492806656,698970.739585024,umap
5075.520739454776,15.172210688,179.49282304,698970.739585024,umap
5076.021860295907,15.172210688,179.488395264,698970.739585024,umap
5076.522862933576,15.172210688,179.488391168,698970.739585024,umap
5077.0239104721695,15.172210688,179.48839936,698970.739585024,umap
5077.5248812083155,15.172210688,179.488403456,698970.739585024,umap
5078.026082888246,15.172210688,179.48397568,698970.699137024,umap
5078.529860934243,15.172210688,179.497029632,698970.699137024,umap
5079.03031318821,15.17430784,179.492859904,698970.699137024,umap
5079.531532520428,15.17430784,179.492868096,698970.699137024,umap
5080.032918171957,15.176404992,179.488571392,698970.699137024,umap
5080.534120740369,15.176404992,179.488546816,698970.699137024,umap
5081.0359612852335,15.176404992,179.486380032,698970.699137024,umap
5081.536599865183,15.176404992,179.486380032,698970.699137024,umap
5082.037010872737,15.176404992,179.486380032,698970.718425088,umap
5082.538870304823,15.176404992,179.486380032,698970.718425088,umap
5083.039529820904,15.176404992,179.48184576,698970.718425088,umap
5083.541384683922,15.176404992,179.48184576,698970.718425088,umap
5084.042605010793,15.176404992,179.492855808,698970.718425088,umap
5084.54419907555,15.176404992,179.492827136,698970.718425088,umap
5085.046291284263,15.176404992,179.488407552,698970.718425088,umap
5085.547707352787,15.176404992,179.488391168,698970.718425088,umap
5086.048473592848,15.176404992,179.488370688,698970.718425088,umap
5086.549913041294,15.176404992,179.488100352,698970.718425088,umap
5087.050710989162,15.176404992,179.48411904,698970.718425088,umap
5087.551903668791,15.176404992,179.4818048,698970.718425088,umap
5088.052619151771,15.176404992,179.4818048,698970.738765824,umap
5088.556420933455,15.178502144,179.488628736,698970.738765824,umap
5089.05724379234,15.180599296,179.486531584,698970.738765824,umap
5089.5578756053,15.180599296,179.484188672,698970.738765824,umap
5090.05856715329,15.180599296,179.484188672,698970.738765824,umap
5090.5593926962465,15.180599296,179.48413952,698970.738765824,umap
5091.060147931799,15.180599296,179.48413952,698970.738765824,umap
5091.56194982864,15.180599296,179.479662592,698970.738765824,umap
5092.062650954351,15.182696448,179.47756544,698969.706016768,umap
5092.563704490662,15.182696448,179.484372992,698969.706016768,umap
5093.06453566812,15.182696448,179.484372992,698969.706016768,umap
5093.565464293584,15.182696448,179.482210304,698969.706016768,umap
5094.066258104518,15.182696448,179.482210304,698969.706016768,umap
5094.567802956328,15.182696448,179.4799616,698969.706016768,umap
5095.069592360407,15.182696448,179.4799616,698969.706016768,umap
5095.5709012094885,15.182696448,179.477569536,698969.706016768,umap
5096.071510463953,15.182696448,179.477569536,698969.706016768,umap
5096.572336921468,15.182696448,179.475390464,698969.706016768,umap
5097.072934187949,15.182696448,179.475390464,698969.706016768,umap
5097.57374429144,15.182696448,179.48432384,698969.706016768,umap
5098.074327139184,15.182696448,179.48432384,698970.592944128,umap
5098.575070712715,15.182696448,179.482116096,698970.592944128,umap
5099.077102612704,15.182696448,179.482116096,698970.592944128,umap
5099.5783572699875,15.182696448,179.479908352,698970.592944128,umap
5100.079094979912,15.182696448,179.479908352,698970.592944128,umap
5100.580367296934,15.182696448,179.477700608,698970.592944128,umap
5101.080975916237,15.182696448,179.477700608,698970.592944128,umap
5101.582532057539,15.182696448,179.475488768,698970.592944128,umap
5102.08345409669,15.1847936,179.473391616,698970.480152576,umap
5102.584275063127,15.1847936,179.471159296,698970.480152576,umap
5103.085223468021,15.186890752,179.482169344,698970.480152576,umap
5103.585905384272,15.191085056,179.476058112,698970.480152576,umap
5104.08665670827,15.193182208,179.47396096,698970.480152576,umap
5104.587850308046,15.193182208,179.471740928,698970.480152576,umap
5105.088961306959,15.193182208,179.471781888,698970.480152576,umap
5105.590926652774,15.193182208,179.469565952,698970.480152576,umap
5106.092747753486,15.19527936,179.4674688,698970.480152576,umap
5106.593936610967,15.19527936,179.465355264,698970.480152576,umap
5107.095212496817,15.19527936,179.465224192,698970.480152576,umap
5107.595923684537,15.19527936,179.463016448,698970.480152576,umap
5108.0972027517855,15.19527936,179.463016448,698970.293358592,umap
5108.60049138777,15.19527936,179.471949824,698970.293358592,umap
5109.101538747549,15.19527936,179.471949824,698970.293358592,umap
5109.6023112125695,15.19527936,179.469398016,698970.293358592,umap
5110.103201892227,15.19527936,179.469398016,698970.293358592,umap
5110.605631472543,15.19527936,179.467096064,698970.293358592,umap
5111.106478800997,15.19527936,179.467096064,698970.293358592,umap
5111.608367089182,15.19527936,179.464863744,698970.293358592,umap
5112.109777517617,15.19527936,179.464863744,698971.724849152,umap
5112.610845623538,15.197376512,179.460542464,698971.724849152,umap
5113.11171897687,15.197376512,179.460542464,698971.724849152,umap
5113.612399732694,15.197376512,179.46945536,698971.724849152,umap
5114.113104613498,15.197376512,179.46945536,698971.724849152,umap
5114.615163272247,15.197376512,179.467239424,698971.724849152,umap
5115.117391400039,15.199473664,179.465179136,698971.724849152,umap
5115.618910493329,15.199473664,179.463118848,698971.724849152,umap
5116.1204517409205,15.199473664,179.462856704,698971.724849152,umap
5116.621324041858,15.199473664,179.460636672,698971.724849152,umap
5117.1219684984535,15.199473664,179.460636672,698971.724849152,umap
5117.622677763924,15.199473664,179.458453504,698971.724849152,umap
5118.123603085056,15.199473664,179.469463552,698972.640329728,umap
5118.624472931027,15.199473664,179.467378688,698972.640329728,umap
5119.125409422442,15.199473664,179.467378688,698972.640329728,umap
5119.626174814999,15.199473664,179.465138176,698972.640329728,umap
5120.128068175167,15.199473664,179.465138176,698972.640329728,umap
5120.628997024149,15.201570816,179.46077184,698972.640329728,umap
5121.130559032783,15.201570816,179.46077184,698972.640329728,umap
5121.6313170567155,15.201570816,179.458502656,698972.640329728,umap
5122.1324883122,15.201570816,179.458502656,698971.111653376,umap
5122.633457552642,15.201570816,179.462782976,698971.111653376,umap
5123.135275788605,15.201570816,179.462782976,698971.111653376,umap
5123.636225732043,15.201570816,179.462770688,698971.111653376,umap
5124.138380885124,15.201570816,179.462791168,698971.111653376,umap
5124.639343973249,15.201570816,179.46056704,698971.111653376,umap
5125.140758400783,15.201570816,179.46056704,698971.111653376,umap
5125.641571907327,15.201570816,179.458342912,698971.111653376,umap
5126.142319209874,15.201570816,179.458342912,698971.111653376,umap
5126.643283205107,15.201570816,179.45612288,698971.111653376,umap
5127.144036544487,15.201570816,179.45612288,698971.111653376,umap
5127.644847035408,15.201570816,179.453980672,698971.111653376,umap
5128.14613792114,15.201570816,179.467087872,698972.024373248,umap
5128.647064905614,15.201570816,179.465162752,698972.024373248,umap
5129.148983767256,15.201570816,179.465162752,698972.024373248,umap
5129.650121539831,15.203667968,179.46077184,698972.024373248,umap
5130.152106396854,15.203667968,179.46077184,698972.024373248,umap
5130.653720999137,15.203667968,179.458605056,698972.024373248,umap
5131.154358936474,15.203667968,179.458605056,698972.024373248,umap
5131.654987482354,15.203667968,179.456147456,698972.024373248,umap
5132.156536312774,15.203667968,179.456147456,698972.032483328,umap
5132.657315317541,15.203667968,179.453915136,698972.032483328,umap
5133.157966496423,15.203667968,179.464925184,698972.032483328,umap
5133.658552195877,15.203667968,179.462848512,698972.032483328,umap
5134.159525273368,15.209959424,179.456557056,698972.032483328,umap
5134.660330943763,15.209959424,179.454398464,698972.032483328,umap
5135.16097211279,15.209959424,179.454398464,698972.032483328,umap
5135.661930354312,15.212056576,179.450073088,698972.032483328,umap
5136.162586409599,15.212056576,179.450073088,698972.032483328,umap
5136.6639264933765,15.212056576,179.447762944,698972.032483328,umap
5137.165673919022,15.212056576,179.447762944,698972.032483328,umap
5137.6665239762515,15.212056576,179.445501952,698972.032483328,umap
5138.16798712872,15.212056576,179.445501952,698972.242010112,umap
5138.6712815612555,15.212056576,179.454451712,698972.242010112,umap
5139.1722643096,15.214153728,179.45235456,698972.242010112,umap
5139.673158338293,15.214153728,179.45008128,698972.242010112,umap
5140.174974232912,15.214153728,179.45008128,698972.242010112,umap
5140.675900267437,15.214153728,179.447898112,698972.242010112,umap
5141.176514420658,15.214153728,179.447898112,698972.242010112,umap
5141.677544780076,15.214153728,179.445669888,698972.242010112,umap
5142.178657216951,15.214153728,179.445669888,698972.023689216,umap
5142.6798282414675,15.214153728,179.443367936,698972.023689216,umap
5143.180417282507,15.214153728,179.454377984,698972.023689216,umap
5143.681270470843,15.214153728,179.452301312,698972.023689216,umap
5144.182225720957,15.214153728,179.452301312,698972.023689216,umap
5144.683375556022,15.214153728,179.450093568,698972.023689216,umap
5145.184140680358,15.214153728,179.450093568,698972.023689216,umap
5145.6850001160055,15.214153728,179.445690368,698972.023689216,umap
5146.185571804643,15.214153728,179.445690368,698972.023689216,umap
5146.686606032774,15.214153728,179.445690368,698972.023689216,umap
5147.187133274972,15.214153728,179.445690368,698972.023689216,umap
5147.687609726563,15.214153728,179.454476288,698972.023689216,umap
5148.188065441325,15.214153728,179.454476288,698971.916877824,umap
5148.688878992572,15.214153728,179.45237504,698971.916877824,umap
5149.189329462126,15.214153728,179.45237504,698971.916877824,umap
5149.690216740593,15.218348032,179.4459648,698971.916877824,umap
5150.191265549511,15.218348032,179.4459648,698971.916877824,umap
5150.692585008219,15.218348032,179.443593216,698971.916877824,umap
5151.193765193224,15.218348032,179.443593216,698971.916877824,umap
5151.695102037862,15.218348032,179.441405952,698971.916877824,umap
5152.196491736919,15.218372608,179.441405952,698970.4787968,umap
5152.697780152783,15.218417664,179.447881728,698970.4787968,umap
5153.198968941346,15.218466816,179.447881728,698970.4787968,umap
5153.700099527836,15.218507776,179.44772608,698970.4787968,umap
5154.201669037342,15.218552832,179.44772608,698970.4787968,umap
5154.703406382352,15.218597888,179.442941952,698970.4787968,umap
5155.20463270694,15.218642944,179.442941952,698970.4787968,umap
5155.705384977162,15.218688,179.44293376,698970.4787968,umap
5156.206548057497,15.218737152,179.44293376,698970.4787968,umap
5156.708296576515,15.218782208,179.440521216,698970.4787968,umap
5157.20960463956,15.21883136,179.440521216,698970.4787968,umap
5157.71025759913,15.218925568,179.438301184,698970.4787968,umap
5158.210914669558,15.219007488,179.449311232,698970.860519424,umap
5158.711792746559,15.219101696,179.446779904,698970.860519424,umap
5159.212707426399,15.219191808,179.446779904,698970.860519424,umap
5159.714036617428,15.219286016,179.442122752,698970.860519424,umap
5160.215326413512,15.219367936,179.442122752,698970.860519424,umap
5160.716864518821,15.219462144,179.44172544,698970.860519424,umap
5161.217560913414,15.219490816,179.44172544,698970.860519424,umap
5161.719084532931,15.219490816,179.437207552,698970.860519424,umap
5162.220908444375,15.219490816,179.437207552,698970.852315136,umap
5162.722957637161,15.219490816,179.43719936,698970.852315136,umap
5163.223988825455,15.219490816,179.448209408,698970.852315136,umap
5163.725230239332,15.219490816,179.445846016,698970.852315136,umap
5164.226617345586,15.219490816,179.445846016,698970.852315136,umap
5164.727465124801,15.219490816,179.443658752,698970.852315136,umap
5165.228559900075,15.042564096,179.619606528,698970.852315136,umap
5165.729445099831,15.042564096,179.617861632,698970.852315136,umap
5166.23077775538,15.077167104,179.58367232,698970.852315136,umap
5166.732405360788,15.943561216,178.713952256,698970.852315136,umap
5167.233763260767,16.060276736,178.596704256,698970.852315136,umap
5167.735120749101,16.202883072,178.45174272,698970.852315136,umap
5168.236334728077,15.99778816,178.66737664,698970.678738944,umap
5168.737614424899,16.163463168,178.497540096,698970.678738944,umap
5169.238920200616,15.928438784,178.73176576,698970.678738944,umap
5169.740437032655,16.094040064,178.566176768,698970.678738944,umap
5170.241820173338,16.22616064,178.434031616,698970.678738944,umap
5170.743527170271,15.97044736,178.685628416,698970.678738944,umap
5171.244969278574,16.094179328,178.56151552,698970.678738944,umap
5171.74638569355,16.229695488,178.425499648,698970.678738944,umap
5172.247889000922,16.012251136,178.64259584,698972.031496192,umap
5172.7494326960295,16.138080256,178.525904896,698972.031496192,umap
5173.2506308648735,16.261812224,178.40164864,698972.031496192,umap
5173.752442557365,16.02924544,178.630791168,698972.031496192,umap
5174.253856629133,16.16556032,178.494349312,698972.031496192,umap
5174.754875572398,15.92850432,178.731003904,698972.031496192,umap
5175.256300194189,16.081457152,178.577723392,698972.031496192,umap
5175.757747864351,16.20518912,178.449989632,698972.031496192,umap
5176.259130436927,15.951650816,178.702999552,698972.031496192,umap
5176.7608389128,16.08167424,178.57294336,698972.031496192,umap
5177.261870471761,16.215891968,178.438598656,698972.031496192,umap
5177.763074630871,15.980613632,178.669842432,698972.031496192,umap
5178.264616532251,16.108720128,178.541408256,698972.09475072,umap
5178.769526228309,16.255520768,178.408210432,698972.09475072,umap
5179.2713456247,16.043925504,178.620080128,698972.09475072,umap
5179.772816212848,16.184434688,178.474999808,698972.09475072,umap
5180.273842483759,15.961669632,178.696626176,698972.09475072,umap
5180.775196963921,16.117108736,178.54195712,698972.09475072,umap
5181.276821495965,16.242937856,178.416013312,698972.09475072,umap
5181.777996249497,16.00827392,178.647937024,698972.09475072,umap
5182.279327608645,16.1445888,178.51111424,698971.021156352,umap
5182.781139176339,16.270118912,178.38102528,698971.021156352,umap
5183.282684836537,16.060485632,178.590695424,698971.021156352,umap
5183.784199632704,16.213577728,178.437869568,698971.021156352,umap
5184.285754561424,15.9873024,178.675408896,698971.021156352,umap
5184.788066959009,16.152977408,178.505048064,698971.021156352,umap
5185.290178772062,16.282701824,178.375725056,698971.021156352,umap
5185.7920616250485,16.073068544,178.585227264,698971.021156352,umap
5186.29338000901,16.213577728,178.444611584,698971.021156352,umap
5186.79484481737,15.964192768,178.689327104,698971.021156352,umap
5187.295770091936,16.087965696,178.565341184,698971.021156352,umap
5187.796816080809,16.241057792,178.421346304,698971.021156352,umap
5188.298499336466,15.999668224,178.661855232,698972.116443136,umap
5188.80052902177,16.156954624,178.500079616,698972.116443136,umap
5189.302271930501,16.261812224,178.395222016,698972.116443136,umap
5189.803979223594,16.02924544,178.625949696,698972.116443136,umap
5190.3060371447355,16.182337536,178.472476672,698972.116443136,umap
5190.807503921911,15.967895552,178.686554112,698972.116443136,umap
5191.308271408081,16.117047296,178.537275392,698972.116443136,umap
5191.809656916186,16.263847936,178.386661376,698972.116443136,umap
5192.311329880729,16.039534592,178.610057216,698972.066832384,umap
5192.8133204896,16.178143232,178.471993344,698972.066832384,umap
5193.314363418147,16.280604672,178.380054528,698972.066832384,umap
5193.8158968649805,16.06887424,178.586710016,698972.066832384,umap
5194.316925480962,16.230354944,178.425229312,698972.066832384,umap
5194.818603590131,16.001982464,178.65398272,698972.066832384,umap
5195.320350809023,16.129908736,178.525802496,698972.066832384,umap
5195.821913337335,16.255737856,178.395693056,698972.066832384,umap
5196.323657756671,16.022736896,178.628714496,698972.066832384,umap
5196.8251737412065,16.16324608,178.488455168,698972.066832384,umap
5197.3261952362955,15.92850432,178.722746368,698972.066832384,umap
5197.8277636654675,16.096354304,178.564149248,698972.066832384,umap
5198.329586204141,16.257429504,178.40273408,698969.785679872,umap
5198.83085449785,16.018542592,178.637246464,698969.785679872,umap
5199.332702128217,16.15276032,178.50290176,698969.785679872,umap
5199.833776632324,16.259715072,178.39581184,698969.785679872,umap
5200.33507292904,16.01875968,178.63712768,698969.785679872,umap
5200.836871536449,16.173948928,178.477031424,698969.785679872,umap
5201.337853319943,15.92817664,178.723454976,698969.785679872,umap
5201.838883873075,16.07936,178.571976704,698969.785679872,umap
5202.339863533154,16.209383424,178.441699328,698970.693779456,umap
5202.84169639647,15.949553664,178.697945088,698970.693779456,umap
5203.342756930739,16.127811584,178.51930624,698970.693779456,umap
5203.843867497519,16.268320768,178.392080384,698970.693779456,umap
5204.345137631521,16.0475136,178.612686848,698970.693779456,umap
5204.846975544468,16.213405696,178.445172736,698970.693779456,umap
5205.3487488254905,15.983108096,178.675757056,698970.693779456,umap
5205.850398777053,16.10264576,178.55250432,698970.693779456,umap
5206.351509420201,16.245252096,178.409517056,698970.693779456,umap
5206.852417301387,16.105467904,178.550079488,698970.693779456,umap
5207.3532726522535,15.397216256,179.259035648,698970.693779456,umap
5207.854126691818,15.397216256,179.254800384,698970.724241408,umap
5208.358276626095,15.397216256,179.265810432,698970.724241408,umap
5208.859472991899,15.579795456,179.083108352,698970.724241408,umap
5209.3604448363185,15.822893056,178.83971584,698970.724241408,umap
5209.861167380586,15.816736768,178.883395584,698970.724241408,umap
5210.363740412518,15.75172096,179.06415616,698970.724241408,umap
5210.8648127019405,15.75172096,179.064942592,698970.724241408,umap
5211.366420280188,15.751749632,179.064942592,698970.724241408,umap
5211.86791889742,15.751749632,179.062734848,698970.724241408,umap
5212.370189376175,15.751749632,179.062734848,698970.724241408,umap
5212.871790774167,15.858864128,178.955137024,698970.724241408,umap
5213.37378532812,17.079406592,177.72804096,698970.724241408,umap
5213.875669173896,18.270588928,176.53444608,698969.157697536,umap
5214.376746648923,19.491131392,175.320117248,698969.157697536,umap
5214.8787664640695,20.604719104,174.201110528,698969.157697536,umap
5215.38078132458,21.800095744,173.003063296,698969.157697536,umap
5215.882750051096,22.964015104,171.836727296,698969.157697536,umap
5216.384189764038,24.067117056,170.731986944,698969.157697536,umap
5216.886047553271,25.434218496,169.36077312,698969.157697536,umap
5217.388086216524,25.48105216,169.311121408,698969.157697536,umap
5217.889218453318,25.48105216,169.310994432,698971.252584448,umap
5218.391476493329,25.48105216,169.310994432,698971.252584448,umap
5218.893396196887,25.48105216,169.306435584,698971.252584448,umap
5219.3954047281295,25.48105216,169.306435584,698971.252584448,umap
5219.897292109206,25.48105216,169.317183488,698971.252584448,umap
5220.399507030845,25.48105216,169.315479552,698971.252584448,umap
5220.900957908481,25.48105216,169.315606528,698971.252584448,umap
5221.402361605316,25.48105216,169.315708928,698971.252584448,umap
5221.9043836575,25.48105216,169.314004992,698971.696304128,umap
5222.405992358923,25.952976896,168.8390656,698971.696304128,umap
5222.907028172165,26.510819328,168.28020736,698971.696304128,umap
5223.4090319648385,27.070758912,167.719251968,698971.696304128,umap
5223.911113733426,27.588755456,167.19620096,698971.835949056,umap
5224.413423780352,28.06480896,166.719000576,698971.835949056,umap
5224.914920892566,28.59958272,166.191996928,698971.835949056,umap
5225.4163330718875,29.142745088,165.649915904,698971.835949056,umap
5225.917894862592,29.660741632,165.126561792,698971.835949056,umap
5226.418971139938,30.084366336,164.70204416,698971.835949056,umap
5226.920387584716,30.503796736,164.27962368,698971.835949056,umap
5227.421315167099,30.988238848,163.794161664,698971.835949056,umap
5227.923388786614,31.487361024,163.293892608,698971.502063616,umap
5228.425271436572,31.992774656,162.78331392,698971.502063616,umap
5228.927402919158,32.456245248,162.318954496,698971.502063616,umap
5229.429601300508,32.928104448,161.846206464,698971.502063616,umap
5229.931002229452,33.43351808,161.350782976,698971.502063616,umap
5230.4333065114915,33.876017152,160.903610368,698971.502063616,umap
5230.934143481776,24.40015872,170.39695872,698971.502063616,umap
5231.435131896287,24.400166912,170.39695872,698971.502063616,umap
5231.936198171228,24.400166912,170.395332608,698971.600412672,umap
5232.437277475372,24.400166912,170.395332608,698971.600412672,umap
5232.939310928807,24.400166912,170.395070464,698971.600412672,umap
5233.440264776349,24.400166912,170.392809472,698971.600412672,umap
5233.942324552685,24.400166912,170.392809472,698971.676430336,umap
5234.443487720564,24.400166912,170.392285184,698971.676430336,umap
5234.944540249184,24.400166912,170.390646784,698971.676430336,umap
5235.445499168709,24.400166912,170.4009728,698971.676430336,umap
5235.946572832763,24.400166912,170.398875648,698971.676430336,umap
5236.447616480291,24.400166912,170.40031744,698971.676430336,umap
5236.948844913393,24.400166912,170.39716352,698971.676430336,umap
5237.449799887836,24.400166912,170.395066368,698971.676430336,umap
5237.951203428209,24.400166912,170.394918912,698970.199703552,umap
5238.45271897316,24.400166912,170.394918912,698970.199703552,umap
5238.9543413594365,24.400166912,170.392838144,698970.199703552,umap
5239.455592289567,24.400166912,170.392711168,698970.199703552,umap
5239.956770095974,24.400166912,170.39048704,698970.199703552,umap
5240.460668388754,24.400166912,170.401366016,698970.199703552,umap
5240.961935888976,24.400166912,170.399424512,698970.199703552,umap
5241.463119029999,24.400166912,170.39929344,698970.199703552,umap
5241.96412772499,24.400166912,170.397192192,698970.290520064,umap
5242.465316364542,24.400166912,170.397192192,698970.290520064,umap
5242.966160694137,24.400166912,170.394968064,698970.290520064,umap
5243.467153446749,24.400166912,170.394968064,698970.290520064,umap
5243.968660114333,24.400166912,170.392633344,698970.287439872,umap
5244.47251195088,24.400166912,170.403643392,698970.287439872,umap
5244.973621912301,24.400166912,170.401570816,698970.287439872,umap
5245.47443373315,24.400166912,170.400653312,698970.287439872,umap
5245.97561279498,24.400166912,170.397159424,698970.287439872,umap
5246.476759037003,24.400166912,170.397290496,698970.287439872,umap
5246.977634996176,24.400166912,170.397417472,698970.287439872,umap
5247.478556860238,24.400166912,170.397155328,698970.287439872,umap
5247.979786096141,24.400166912,170.392825856,698969.213353984,umap
5248.481004869565,24.400166912,170.392825856,698969.213353984,umap
5248.98186852783,24.400166912,170.401214464,698969.213353984,umap
5249.482898788527,24.400166912,170.401214464,698969.213353984,umap
5249.984439244494,24.400166912,170.39966208,698969.213353984,umap
5250.485703542829,24.400166912,170.399789056,698969.213353984,umap
5250.987557616085,24.400166912,170.395889664,698969.213353984,umap
5251.488606421277,24.400166912,170.395365376,698969.213353984,umap
5251.989536046982,24.400166912,170.395365376,698969.005019136,umap
5252.490742202848,24.400166912,170.395365376,698969.005019136,umap
5252.9918223023415,24.400166912,170.390827008,698969.005019136,umap
5253.492707993835,24.400166912,170.390626304,698969.005019136,umap
5253.993948074058,24.400166912,170.390511616,698968.99055616,umap
5254.497691964731,24.400166912,170.401390592,698968.99055616,umap
5254.998588487506,24.400166912,170.397159424,698968.99055616,umap
5255.499529384077,24.400166912,170.397159424,698968.99055616,umap
5256.000366801396,24.400166912,170.397159424,698968.99055616,umap
5256.501677580178,24.400166912,170.397159424,698968.99055616,umap
5257.0035953801125,24.400166912,170.392743936,698968.99055616,umap
5257.504687635228,24.400166912,170.392743936,698968.99055616,umap
5258.005740568042,24.400166912,170.392743936,698968.811896832,umap
5258.507163655013,24.400166912,170.392743936,698968.811896832,umap
5259.009079795331,24.400166912,170.388201472,698968.811896832,umap
5259.509973956272,24.400166912,170.400129024,698968.811896832,umap
5260.010909276083,24.400166912,170.399367168,698968.811896832,umap
5260.512110387906,24.400166912,170.399367168,698968.811896832,umap
5261.012986313552,24.400166912,170.399367168,698968.811896832,umap
5261.51412508823,24.400166912,170.399236096,698968.811896832,umap
5262.016062617302,24.400166912,170.394812416,698969.1198464,umap
5262.517598189414,24.400166912,170.394812416,698969.1198464,umap
5263.018456583843,24.400166912,170.391252992,698969.1198464,umap
5263.520510416478,24.400166912,170.391252992,698969.1198464,umap
5264.0225664414465,24.400166912,170.391252992,698968.990973952,umap
5264.523650536314,24.400166912,170.39046656,698968.990973952,umap
5265.025213949382,24.400166912,170.401476608,698968.990973952,umap
5265.527180688456,24.400166912,170.399174656,698968.990973952,umap
5266.028795773163,24.400166912,170.399174656,698968.990973952,umap
5266.529811885208,24.400166912,170.399043584,698968.990973952,umap
5267.031719632447,24.400166912,170.3949312,698968.990973952,umap
5267.533215081319,24.400166912,170.393493504,698968.990973952,umap
5268.035330671817,24.400166912,170.392793088,698969.163034624,umap
5268.536418553442,24.400166912,170.392662016,698969.163034624,umap
5269.037618283182,24.400166912,170.390511616,698969.163034624,umap
5269.538628336042,24.400166912,170.390380544,698969.163034624,umap
5270.039784312248,24.400166912,170.390380544,698969.163034624,umap
5270.545315241441,24.400166912,170.401472512,698969.163034624,umap
5271.047346869484,24.400166912,170.401472512,698969.163034624,umap
5271.548482434824,24.400166912,170.40134144,698969.163034624,umap
5272.0497451443225,24.400166912,170.399166464,698967.972954112,umap
5272.5511635597795,24.400166912,170.394673152,698967.972954112,umap
5273.053226225078,24.400166912,170.394673152,698967.972954112,umap
5273.5553196351975,24.400166912,170.394673152,698967.972954112,umap
5274.056407254189,24.400166912,170.394673152,698967.815815168,umap
5274.557680103928,24.400166912,170.39028224,698967.815815168,umap
5275.059012688696,24.400166912,170.39028224,698967.815815168,umap
5275.560574451461,24.400166912,170.399248384,698967.815815168,umap
5276.061441205442,24.400166912,170.39921152,698967.815815168,umap
5276.562698876485,24.400166912,170.397261824,698967.815815168,umap
5277.063555240631,24.400166912,170.397130752,698967.815815168,umap
5277.565540436655,24.400166912,170.394923008,698967.815815168,umap
5278.066402569413,24.400166912,170.394923008,698968.47040512,umap
5278.567546250299,24.400166912,170.392715264,698968.47040512,umap
5279.068484509364,24.400166912,170.392715264,698968.47040512,umap
5279.569371879101,24.400166912,170.390511616,698968.47040512,umap
5280.070321300998,24.400166912,170.390511616,698968.47040512,umap
5280.574108583853,24.400166912,170.399444992,698968.47040512,umap
5281.075060952455,24.400166912,170.399444992,698968.47040512,umap
5281.57597213611,24.400166912,170.397089792,698968.47040512,umap
5282.076957136393,24.400166912,170.397089792,698968.506105856,umap
5282.578115308657,24.400166912,170.392694784,698968.506105856,umap
5283.079090485349,24.400166912,170.392694784,698968.506105856,umap
5283.5800202563405,24.400166912,170.392690688,698968.506105856,umap
5284.081011010334,24.400166912,170.392690688,698968.526946304,umap
5284.582129001617,24.400166912,170.390511616,698968.526946304,umap
5285.0831206236035,24.400166912,170.390511616,698968.526946304,umap
5285.5839488673955,24.400166912,170.388180992,698968.526946304,umap
5286.08494419232,24.400166912,170.401288192,698968.526946304,umap
5286.586014200002,24.400166912,170.39937536,698968.526946304,umap
5287.087003244087,24.400166912,170.39937536,698968.526946304,umap
5287.587768469006,24.400166912,170.397171712,698968.526946304,umap
5288.088703494519,24.400166912,170.397171712,698968.51183616,umap
5288.589811004698,24.400166912,170.394943488,698968.51183616,umap
5289.090707084164,24.400166912,170.394943488,698968.51183616,umap
5289.591560119763,24.400166912,170.390581248,698968.51183616,umap
5290.092709349468,24.400166912,170.390417408,698968.51183616,umap
5290.596625139937,24.400166912,170.401542144,698968.51183616,umap
5291.097527373582,24.400166912,170.401542144,698968.51183616,umap
5291.598447585478,24.400166912,170.397138944,698968.51183616,umap
5292.099294448271,24.400166912,170.397138944,698968.36581376,umap
5292.600385259837,24.400166912,170.397138944,698968.36581376,umap
5293.101428736001,24.400166912,170.397138944,698968.36581376,umap
5293.602604497224,24.400166912,170.392702976,698968.36581376,umap
5294.10353978537,24.400166912,170.392702976,698968.304300032,umap
5294.604614529759,24.400166912,170.39050752,698968.304300032,umap
5295.1057465765625,24.400166912,170.39050752,698968.304300032,umap
5295.606659172103,24.400166912,170.39931392,698968.304300032,umap
5296.10813507624,24.400166912,170.39931392,698968.304300032,umap
5296.609730940312,24.400166912,170.397093888,698968.304300032,umap
5297.1112273503095,24.400166912,170.397093888,698968.304300032,umap
5297.612031368539,24.400166912,170.397093888,698968.304300032,umap
5298.112730938941,24.400166912,170.397093888,698966.106525696,umap
5298.613817743957,24.400166912,170.392633344,698966.106525696,umap
5299.114968499169,24.400166912,170.392633344,698966.106525696,umap
5299.617035713047,24.400166912,170.392633344,698966.106525696,umap
5300.118663704023,24.400166912,170.392633344,698966.106525696,umap
5300.6231630872935,24.400166912,170.401591296,698966.106525696,umap
5301.125230714679,24.400166912,170.401591296,698966.106525696,umap
5301.6261851694435,24.400166912,170.401591296,698966.106525696,umap
5302.1271432023495,24.400166912,170.401591296,698965.877481472,umap
5302.628417868167,24.400166912,170.39712256,698965.877481472,umap
5303.129596788436,24.400166912,170.39712256,698965.877481472,umap
5303.630588483065,24.400166912,170.395025408,698965.877481472,umap
5304.131809484214,24.400166912,170.394894336,698967.89098496,umap
5304.632999509573,24.400166912,170.392686592,698967.89098496,umap
5305.134124184027,24.400166912,170.401599488,698967.89098496,umap
5305.635127272457,24.400166912,170.39939584,698967.89098496,umap
5306.137188773602,24.400166912,170.39939584,698967.89098496,umap
5306.639405950904,24.400166912,170.39722496,698967.89098496,umap
5307.141514908522,24.400166912,170.39722496,698967.89098496,umap
5307.642571382225,24.400166912,170.395029504,698967.89098496,umap
5308.143665891141,24.400166912,170.395029504,698967.48713984,umap
5308.64489554055,24.400166912,170.390347776,698967.48713984,umap
5309.145924380049,24.400166912,170.390347776,698967.48713984,umap
5309.646796165034,24.400166912,170.390372352,698967.48713984,umap
5310.147722497582,24.400166912,170.390372352,698967.48713984,umap
5310.651505433023,24.400166912,170.3970816,698967.48713984,umap
5311.15266094543,24.400166912,170.3970816,698967.48713984,umap
5311.6535630542785,24.400166912,170.3970816,698967.48713984,umap
5312.154661620036,24.400166912,170.3970816,698968.121790464,umap
5312.6557109206915,24.400166912,170.394804224,698968.121790464,umap
5313.156774457544,24.400166912,170.394804224,698968.121790464,umap
5313.6577901653945,24.400166912,170.39259648,698968.121790464,umap
5314.158938020468,24.400166912,170.39259648,698968.479113216,umap
5314.6613137722015,24.400166912,170.390368256,698968.479113216,umap
5315.163283037022,24.400166912,170.390368256,698968.479113216,umap
5315.664558628574,24.400166912,170.3993344,698968.479113216,umap
5316.1654233932495,24.400166912,170.3993344,698968.479113216,umap
5316.667028667405,24.400166912,170.399207424,698968.479113216,umap
5317.167761541903,24.400166912,170.399207424,698968.479113216,umap
5317.669222200289,24.400166912,170.399207424,698968.479113216,umap
5318.171317880973,24.400166912,170.399207424,698968.256802816,umap
5318.672587817535,24.400166912,170.394791936,698968.256802816,umap
5319.173853345215,24.400166912,170.394791936,698968.256802816,umap
5319.675911720842,24.400166912,170.390904832,698968.256802816,umap
5320.177964702249,24.400166912,170.390642688,698968.256802816,umap
5320.6824275404215,24.400166912,170.401521664,698968.256802816,umap
5321.183594360948,24.400166912,170.401521664,698968.256802816,umap
5321.684797240421,24.400166912,170.40125952,698968.256802816,umap
5322.185676679015,24.400166912,170.40125952,698967.623503872,umap
5322.68734912388,24.400166912,170.396971008,698967.623503872,umap
5323.188136944547,24.400166912,170.396971008,698967.623503872,umap
5323.689980618656,24.400166912,170.392563712,698967.623503872,umap
5324.190820699558,24.400166912,170.392571904,698967.216836608,umap
5324.692415140569,24.400166912,170.39230976,698967.216836608,umap
5325.193488229066,24.400166912,170.39230976,698967.216836608,umap
5325.695109277964,24.400166912,170.401251328,698967.216836608,umap
5326.196699324995,24.400166912,170.401251328,698967.216836608,umap
5326.697874397039,24.400166912,170.399285248,698967.216836608,umap
5327.199358996004,24.400166912,170.399285248,698967.216836608,umap
5327.7003196347505,24.400166912,170.39681536,698967.216836608,umap
5328.201771672815,24.400166912,170.39681536,698967.032492032,umap
5328.703083861619,24.400166912,170.392547328,698967.032492032,umap
5329.205134700984,24.400166912,170.392547328,698967.032492032,umap
5329.706314152107,24.400166912,170.390216704,698967.032492032,umap
5330.207158144563,24.400166912,170.390216704,698967.032492032,umap
5330.71184200421,24.400166912,170.40136192,698967.032492032,umap
5331.212620804086,24.400166912,170.40136192,698967.032492032,umap
5331.713396249339,24.400166912,170.399154176,698967.032492032,umap
5332.215416932479,24.400166912,170.399154176,698965.70181632,umap
5332.7169433534145,24.400166912,170.396962816,698965.70181632,umap
5333.217878125608,24.400166912,170.396962816,698965.70181632,umap
5333.719296824187,24.400166912,170.394755072,698965.70181632,umap
5334.221007812768,24.400166912,170.394755072,698965.17726208,umap
5334.722280506045,24.400166912,170.392547328,698965.17726208,umap
5335.224330317229,24.400166912,170.392547328,698965.17726208,umap
5335.725452505052,24.400166912,170.390339584,698965.17726208,umap
5336.22704876028,24.400166912,170.401349632,698965.17726208,umap
5336.728126060218,24.400166912,170.397069312,698965.17726208,umap
5337.230175822973,24.400166912,170.397069312,698965.17726208,umap
5337.732269940898,24.400166912,170.397065216,698965.17726208,umap
5338.233286654577,24.400166912,170.397065216,698967.196278784,umap
5338.735500803217,24.400166912,170.392526848,698967.196278784,umap
5339.2368306759745,24.400166912,170.392526848,698967.196278784,umap
5339.737661773339,24.400166912,170.392526848,698967.196278784,umap
5340.23870446533,24.400166912,170.403536896,698967.196278784,umap
5340.7396759055555,24.400166912,170.398998528,698967.196278784,umap
5341.241009134799,24.400166912,170.398998528,698967.196278784,umap
5341.74221961014,24.400166912,170.398998528,698967.196278784,umap
5342.244279138744,24.400166912,170.398998528,698968.663457792,umap
5342.745837096125,24.400166912,170.394574848,698968.663457792,umap
5343.2466890942305,24.400166912,170.394574848,698968.663457792,umap
5343.747555432841,24.400166912,170.392498176,698968.663457792,umap
5344.248379988596,24.400166912,170.392367104,698968.929828864,umap
5344.749596996233,24.400166912,170.392457216,698968.929828864,umap
5345.251082507893,24.400166912,170.389868544,698968.929828864,umap
5345.753167340532,24.400166912,170.389868544,698968.929828864,umap
5346.255404477939,24.400166912,170.389868544,698968.929828864,umap
5346.7599199824035,24.400166912,170.39888384,698968.929828864,umap
5347.26219667308,24.400166912,170.398810112,698968.929828864,umap
5347.763301452622,24.400166912,170.39814656,698968.929828864,umap
5348.265359325334,24.400166912,170.39814656,698969.251749888,umap
5348.766825636849,24.400166912,170.395684864,698969.251749888,umap
5349.26766981557,24.400166912,170.395684864,698969.251749888,umap
5349.76866610907,24.400166912,170.392285184,698969.251749888,umap
5350.269516965374,24.400166912,170.40119808,698969.251749888,umap
5350.770713727921,24.400166912,170.398969856,698969.251749888,umap
5351.271838508546,24.400166912,170.398969856,698969.251749888,umap
5351.773217160255,24.400166912,170.396766208,698969.251749888,umap
5352.274090792984,24.400166912,170.396766208,698968.0681984,umap
5352.776042941958,24.400166912,170.394574848,698968.0681984,umap
5353.277946639806,24.400166912,170.394574848,698968.0681984,umap
5353.778779903427,24.400166912,170.39222784,698968.0681984,umap
5354.280184596777,24.400166912,170.39222784,698967.706292224,umap
5354.781774494797,24.400166912,170.389880832,698967.706292224,umap
5355.2832106966525,24.400166912,170.389880832,698967.706292224,umap
5355.784598641098,24.400166912,170.398814208,698967.706292224,umap
5356.286040984094,24.400166912,170.398814208,698967.706292224,umap
5356.787705231458,24.400166912,170.398814208,698967.706292224,umap
5357.288709402084,24.400166912,170.398814208,698967.706292224,umap
5357.790066232905,24.400166912,170.394411008,698967.706292224,umap
5358.29157685861,24.400166912,170.394411008,698967.76259584,umap
5358.79318103753,24.400166912,170.394411008,698967.76259584,umap
5359.294447502121,24.400166912,170.394411008,698967.76259584,umap
5359.795812761411,24.400166912,170.389970944,698967.76259584,umap
5360.296813944355,24.400166912,170.389970944,698967.76259584,umap
5360.800881769508,24.400166912,170.401112064,698967.76259584,umap
5361.302208293229,24.400166912,170.401112064,698967.76259584,umap
5361.803642926738,24.400166912,170.396704768,698967.76259584,umap
5362.304705306888,24.400166912,170.396704768,698969.100292096,umap
5362.80589717254,24.400175104,170.394497024,698969.100292096,umap
5363.306777819991,24.400175104,170.394497024,698969.100292096,umap
5363.807638281956,24.400175104,170.39228928,698969.100292096,umap
5364.309119969606,24.400175104,170.39228928,698969.100292096,umap
5364.8107803259045,24.400175104,170.390081536,698969.100292096,umap
5365.311937529594,24.400175104,170.401091584,698969.100292096,umap
5365.812919002026,24.400175104,170.398887936,698969.100292096,umap
5366.31382066384,24.400175104,170.398887936,698969.100292096,umap
5366.815005600452,24.400175104,170.396680192,698969.100292096,umap
5367.315865833312,24.400175104,170.396680192,698969.100292096,umap
5367.817290857434,24.400175104,170.392203264,698969.100292096,umap
5368.318826276809,24.400175104,170.392203264,698969.206329344,umap
5368.820521749556,24.400175104,170.39233024,698969.206329344,umap
5369.32138084434,24.400175104,170.39233024,698969.206329344,umap
5369.822805279866,24.400175104,170.387857408,698969.206329344,umap
5370.323846254498,24.400175104,170.387857408,698969.206329344,umap
5370.82876698859,24.400175104,170.3991296,698969.206329344,umap
5371.330381754786,24.400175104,170.401226752,698969.206329344,umap
5371.831259047613,24.400175104,170.396811264,698969.206329344,umap
5372.332887995988,24.400175104,170.396811264,698969.061830656,umap
5372.834552908316,24.400175104,170.396721152,698969.061830656,umap
5373.336355678737,24.400175104,170.396721152,698969.061830656,umap
5373.83783178404,24.400175104,170.392162304,698969.061830656,umap
5374.3394451364875,24.400175104,170.392162304,698969.061830656,umap
5374.841187443584,24.400175104,170.389839872,698969.061830656,umap
5375.342818908393,24.400175104,170.389712896,698969.061830656,umap
5375.843689791858,24.400175104,170.398523392,698969.061830656,umap
5376.34461895749,24.400175104,170.398523392,698969.061830656,umap
5376.845821980387,24.400175104,170.396315648,698969.061830656,umap
5377.34679845348,24.400175104,170.396315648,698969.061830656,umap
5377.847639776766,24.400175104,170.396315648,698968.9412608,umap
5378.349439425394,24.400175104,170.396315648,698968.9412608,umap
5378.850941767916,24.400175104,170.39190016,698968.9412608,umap
5379.352612692863,24.400175104,170.39190016,698968.9412608,umap
5379.853808419779,24.400175104,170.398609408,698968.9412608,umap
5380.355682715774,24.400175104,170.398609408,698968.9412608,umap
5380.856626963243,24.400175104,170.396401664,698968.9412608,umap
5381.357478477061,24.400175104,170.396401664,698968.9412608,umap
5381.858294405043,24.400175104,170.394066944,698968.9412608,umap
5382.360526325181,24.400175104,170.394066944,698968.9412608,umap
5382.862048031762,24.400175104,170.391863296,698968.9412608,umap
5383.36286589317,24.400175104,170.391863296,698968.9412608,umap
5383.863894380629,24.400175104,170.38952448,698969.041928192,umap
5384.365420969203,24.400175104,170.38952448,698969.041928192,umap
5384.866747189313,24.400175104,170.400546816,698969.041928192,umap
5385.367689276114,24.400175104,170.400546816,698969.041928192,umap
5385.868682580069,24.400175104,170.400702464,698969.041928192,umap
5386.369729265571,24.400175104,170.400702464,698969.041928192,umap
5386.870719624683,24.400175104,170.396286976,698969.041928192,umap
5387.371755136177,24.400175104,170.396286976,698969.041928192,umap
5387.872529571876,24.400175104,170.396286976,698969.038626816,umap
5388.37413305603,24.400175104,170.396286976,698969.038626816,umap
5388.875716537237,24.400175104,170.391855104,698969.038626816,umap
5389.37714968808,24.400175104,170.391855104,698969.038626816,umap
5389.878186265007,24.400175104,170.391855104,698970.388267008,umap
5390.380260560662,24.400175104,170.391855104,698970.388267008,umap
5390.881848780438,24.400175104,170.387161088,698970.388267008,umap
5391.38366513513,24.400175104,170.387161088,698970.388267008,umap
5391.885267408565,24.400175104,170.398326784,698970.388267008,umap
5392.386301714927,24.400175104,170.398326784,698970.388267008,umap
5392.887874016538,24.400175104,170.396143616,698970.388267008,umap
5393.389084994793,24.400175104,170.396143616,698970.388267008,umap
5393.890674492344,24.400175104,170.393935872,698970.445139968,umap
5394.392042949796,24.400175104,170.393935872,698970.445139968,umap
5394.893670063466,24.400175104,170.391728128,698970.445139968,umap
5395.395552588627,24.400175104,170.391728128,698970.445139968,umap
5395.8971683606505,24.400175104,170.389266432,698970.445139968,umap
5396.401105616242,24.400175104,170.40027648,698970.445139968,umap
5396.902565605938,24.400175104,170.398056448,698970.445139968,umap
5397.403981599957,24.400175104,170.398056448,698970.445139968,umap
5397.905663391575,24.400175104,170.395848704,698970.021371904,umap
5398.4067673143,24.400175104,170.395848704,698970.021371904,umap
5398.907822791487,24.400175104,170.391425024,698970.021371904,umap
5399.409226711839,24.400175104,170.391425024,698970.021371904,umap
5399.910897800699,24.400175104,170.391425024,698970.021371904,umap
5400.412505080923,24.400175104,170.391425024,698970.021371904,umap
5400.913794064894,24.400175104,170.386866176,698970.021371904,umap
5401.414892112836,24.400175104,170.386866176,698970.021371904,umap
5401.916125059128,24.400175104,170.399973376,698970.021371904,umap
5402.417625179514,24.400175104,170.399973376,698970.021371904,umap
5402.918720057234,24.400175104,170.395803648,698970.021371904,umap
5403.419495403767,24.400175104,170.395672576,698970.021371904,umap
5403.921123441309,24.400175104,170.393862144,698969.373024256,umap
5404.422411816195,24.400175104,170.3936,698969.373024256,umap
5404.9240109846,24.400175104,170.391396352,698969.373024256,umap
5405.425505366176,24.400175104,170.391396352,698969.373024256,umap
5405.92636747472,24.400175104,170.389245952,698969.373024256,umap
5406.430053032935,24.400175104,170.400256,698969.373024256,umap
5406.93085863255,24.400175104,170.398121984,698969.373024256,umap
5407.431732386351,24.400175104,170.398121984,698969.373024256,umap
5407.933186961338,24.400175104,170.395701248,698969.424924672,umap
5408.434321952984,24.400175104,170.395701248,698969.424924672,umap
5408.935982042924,24.400175104,170.393407488,698969.424924672,umap
5409.4380571413785,24.400175104,170.393407488,698969.424924672,umap
5409.9391691200435,24.400175104,170.391199744,698969.424924672,umap
5410.44024775736,24.400175104,170.390675456,698969.424924672,umap
5410.942215356976,24.400175104,170.386952192,698969.424924672,umap
5411.4442879687995,24.400175104,170.386952192,698969.424924672,umap
5411.946357805282,24.400175104,170.386952192,698969.424924672,umap
5412.45077592507,24.400175104,170.39992832,698969.424924672,umap
5412.951617477462,24.400175104,170.39992832,698969.424924672,umap
5413.452723054215,24.400175104,170.39992832,698969.424924672,umap
5413.954120980576,24.400175104,170.395643904,698969.382862848,umap
5414.45639076829,24.400175104,170.394988544,698969.382862848,umap
5414.958225276321,24.400175104,170.393329664,698969.382862848,umap
5415.459026925266,24.400175104,170.393329664,698969.382862848,umap
5415.961026357487,24.400175104,170.389028864,698969.382862848,umap
5416.465005775914,24.400175104,170.400038912,698969.382862848,umap
5416.965960092843,24.400175104,170.400169984,698969.382862848,umap
5417.467674257234,24.400175104,170.400169984,698969.382862848,umap
5417.968644239008,24.400175104,170.395754496,698969.381167104,umap
5418.469774438068,24.400175104,170.395754496,698969.381167104,umap
5418.970830950886,24.400175104,170.395754496,698969.381167104,umap
5419.471773440018,24.400175104,170.395754496,698969.381167104,umap
5419.972646636888,24.400175104,170.39118336,698969.381167104,umap
5420.4738331362605,24.400175104,170.39118336,698969.381167104,umap
5420.975103117526,24.400175104,170.399985664,698969.381167104,umap
5421.477181389928,24.400175104,170.399985664,698969.381167104,umap
5421.979283904657,24.400175104,170.399985664,698969.350324224,umap
5422.480576371774,24.400175104,170.397134848,698969.350324224,umap
5422.9814484119415,24.400175104,170.397134848,698969.350324224,umap
5423.483497880399,24.400175104,170.394906624,698969.350324224,umap
5423.984363622963,24.400175104,170.393337856,698969.168908288,umap
5424.485614556819,24.400175104,170.393337856,698969.168908288,umap
5424.986516809091,24.400175104,170.391130112,698969.168908288,umap
5425.487219264731,24.400175104,170.391130112,698969.168908288,umap
5425.988556634635,24.400175104,170.400059392,698969.168908288,umap
5426.489751148969,24.400175104,170.400059392,698969.168908288,umap
5426.990661367774,24.400175104,170.400059392,698969.168908288,umap
5427.491489820182,24.400175104,170.395664384,698969.168908288,umap
5427.993645820767,24.400175104,170.395664384,698969.85516032,umap
5428.495001960546,24.400175104,170.39448064,698969.85516032,umap
5428.997158676386,24.400175104,170.393698304,698969.85516032,umap
5429.498369734734,24.400175104,170.393567232,698969.85516032,umap
5429.999429708347,24.400175104,170.38915584,698969.85516032,umap
5430.500669648871,24.400175104,170.38915584,698969.85516032,umap
5431.001525115222,24.400175104,170.400165888,698969.85516032,umap
5431.502530692145,24.400175104,170.400165888,698969.85516032,umap
5432.003719884902,24.400175104,170.395881472,698969.425231872,umap
5432.504944939166,24.400175104,170.395881472,698969.425231872,umap
5433.006411500275,24.400175104,170.395881472,698969.425231872,umap
5433.507946699858,24.400175104,170.395881472,698969.425231872,umap
5434.010045256466,24.400175104,170.3914496,698968.986210304,umap
5434.514486737549,24.400175104,170.400362496,698968.986210304,umap
5435.01650069654,24.400175104,170.398154752,698968.986210304,umap
5435.517773184925,24.400175104,170.398154752,698968.986210304,umap
5436.019043711945,24.400175104,170.395951104,698968.986210304,umap
5436.520280743018,24.400175104,170.395820032,698968.986210304,umap
5437.021525962278,24.400175104,170.393616384,698968.986210304,umap
5437.522509047762,24.400175104,170.393616384,698968.986210304,umap
5438.023289775476,24.400175104,170.391298048,698969.923403776,umap
5438.525434760377,24.400175104,170.391298048,698969.923403776,umap
5439.027502933517,24.400175104,170.3890944,698969.923403776,umap
5439.528769180179,24.400175104,170.400104448,698969.923403776,umap
5440.030203100294,24.400175104,170.398015488,698969.923403776,umap
5440.53153619729,24.400175104,170.398015488,698969.923403776,umap
5441.032854149118,24.400175104,170.395865088,698969.923403776,umap
5441.533732676879,24.400175104,170.3953408,698969.923403776,umap
5442.034641887993,24.400175104,170.391556096,698969.867444224,umap
5442.535895653069,24.400175104,170.391556096,698969.867444224,umap
5443.036793325096,24.400175104,170.391556096,698969.867444224,umap
5443.537875732407,24.400175104,170.391425024,698969.867444224,umap
5444.03878242895,24.400175104,170.387075072,698971.671576576,umap
5444.5433487817645,24.400175104,170.400182272,698971.671576576,umap
5445.044299568981,24.400175104,170.400444416,698971.671576576,umap
5445.545331431553,24.400175104,170.400444416,698971.671576576,umap
5446.046689340845,24.400175104,170.395987968,698971.671576576,umap
5446.547906272113,24.400175104,170.395987968,698971.671576576,umap
5447.049757098779,24.400175104,170.395987968,698971.671576576,umap
5447.550482667983,24.400175104,170.391814144,698971.671576576,umap
5448.051346896216,24.400175104,170.391576576,698973.830078464,umap
5448.5524450019,24.400175104,170.38938112,698973.830078464,umap
5449.053358368576,24.400175104,170.389118976,698973.830078464,umap
5449.554538540542,24.400175104,170.388987904,698973.830078464,umap
5450.055349288508,24.400175104,170.39986688,698973.830078464,umap
5450.556831875816,24.400175104,170.39986688,698973.830078464,umap
5451.058100739494,24.400175104,170.395578368,698973.830078464,umap
5451.55902733095,24.400175104,170.395578368,698973.830078464,umap
5452.059964256361,24.400175104,170.395578368,698973.347057664,umap
5452.561049580574,24.400175104,170.395578368,698973.347057664,umap
5453.061976484954,24.400175104,170.390913024,698973.347057664,umap
5453.562842832878,24.400175104,170.3886848,698973.347057664,umap
5454.0636834055185,24.400175104,170.3886848,698971.663269888,umap
5454.568082781509,24.400175104,170.399592448,698971.663269888,umap
5455.069032745436,24.400175104,170.399592448,698971.663269888,umap
5455.569947594777,24.400175104,170.397417472,698971.663269888,umap
5456.070913771167,24.400175104,170.397417472,698971.663269888,umap
5456.572082223371,24.400175104,170.395205632,698971.663269888,umap
5457.072961036116,24.400175104,170.394824704,698971.663269888,umap
5457.573880797252,24.400175104,170.39261696,698971.663269888,umap
5458.074859565124,24.400175104,170.39261696,698973.423812608,umap
5458.576029539108,24.400175104,170.3904256,698973.423812608,umap
5459.077139813453,24.400175104,170.3904256,698973.423812608,umap
5459.578304093331,24.400175104,170.388221952,698973.423812608,umap
5460.079533433542,24.400175104,170.399232,698973.423812608,umap
5460.580711744726,24.400175104,170.39495168,698973.423812608,umap
5461.081632873043,24.400175104,170.39495168,698973.423812608,umap
5461.582444380969,24.400175104,170.39495168,698973.423812608,umap
5462.083418847993,24.400175104,170.39495168,698973.449703424,umap
5462.584569822997,24.400175104,170.39028224,698973.449703424,umap
5463.0854975972325,24.400175104,170.390286336,698973.449703424,umap
5463.586355406791,24.400175104,170.390032384,698973.449703424,umap
5464.087172431871,24.400175104,170.401042432,698973.55841536,umap
5464.5884023774415,24.400175104,170.396766208,698973.55841536,umap
5465.089669955894,24.400175104,170.396766208,698973.55841536,umap
5465.590784592554,24.400175104,170.394693632,698973.55841536,umap
5466.091524276882,24.400175104,170.394529792,698973.55841536,umap
5466.59367785044,24.400175104,170.392449024,698973.55841536,umap
5467.09551553987,24.400175104,170.392449024,698973.55841536,umap
5467.5963979028165,24.400175104,170.390388736,698973.55841536,umap
5468.097886562347,24.400175104,170.390388736,698974.852083712,umap
5468.598986953497,24.400175104,170.388176896,698974.852083712,umap
5469.100542413071,24.400175104,170.388176896,698974.852083712,umap
5469.601954774931,24.400175104,170.385854464,698974.852083712,umap
5470.104059807956,24.400175104,170.385854464,698974.852083712,umap
5470.608473645523,24.400175104,170.394791936,698974.852083712,umap
5471.109658053145,24.400175104,170.394791936,698974.852083712,umap
5471.610855089501,24.400175104,170.394791936,698974.852083712,umap
5472.112041676417,24.400175104,170.394791936,698974.920462336,umap
5472.614321701229,24.400175104,170.394824704,698974.920462336,umap
5473.115386407822,24.400175104,170.394824704,698974.920462336,umap
5473.616333257407,24.400175104,170.394824704,698974.920462336,umap
5474.117350365967,24.400175104,170.394824704,698974.951784448,umap
5474.618512187153,24.400175104,170.3903232,698974.951784448,umap
5475.119578136131,24.400175104,170.3903232,698974.951784448,umap
5475.620537390932,24.400175104,170.3903232,698974.951784448,umap
5476.121613699943,24.400175104,170.3903232,698974.951784448,umap
5476.622800515965,24.400175104,170.385891328,698974.951784448,umap
5477.123868908733,24.400175104,170.385891328,698974.951784448,umap
5477.624830154702,24.400175104,170.396889088,698974.951784448,umap
5478.125905200839,24.400175104,170.396889088,698975.096561664,umap
5478.6271125320345,24.400175104,170.394599424,698975.096561664,umap
5479.128160502762,24.400175104,170.394599424,698975.096561664,umap
5479.629122957587,24.400175104,170.39243264,698975.096561664,umap
5480.130267936736,24.400175104,170.39243264,698975.096561664,umap
5480.631452009082,24.400175104,170.392686592,698975.096561664,umap
5481.132433645427,24.400175104,170.392686592,698975.096561664,umap
5481.633317196742,24.400175104,170.388332544,698975.096561664,umap
5482.134381221607,24.400175104,170.388332544,698975.075627008,umap
5482.638600308448,24.400175104,170.39706112,698975.075627008,umap
5483.1398633643985,24.400175104,170.39706112,698975.075627008,umap
5483.640860423446,24.400175104,170.3949312,698975.075627008,umap
5484.14187932387,24.400175104,170.3949312,698974.95126016,umap
5484.64304821752,24.400175104,170.3949312,698974.95126016,umap
5485.144075192511,24.400175104,170.391977984,698974.95126016,umap
5485.6451109889895,24.400175104,170.390667264,698974.95126016,umap
5486.146294755861,24.400175104,170.390536192,698974.95126016,umap
5486.647619141266,24.400175104,170.39040512,698974.95126016,umap
5487.148748494685,24.400175104,170.399305728,698974.95126016,umap
5487.649773756042,24.400175104,170.395152384,698974.95126016,umap
5488.150911655277,24.400175104,170.395152384,698975.115001856,umap
5488.65200541541,24.400175104,170.395152384,698975.115001856,umap
5489.153171429411,24.400175104,170.393055232,698975.115001856,umap
5489.654337627813,24.400175104,170.395152384,698975.115001856,umap
5490.155911307782,24.400175104,170.390720512,698975.115001856,umap
5490.657427992672,24.400175104,170.390720512,698975.115001856,umap
5491.158314006403,24.400175104,170.390720512,698975.115001856,umap
5491.659405529499,24.400175104,170.390065152,698975.115001856,umap
5492.160533754155,24.400175104,170.386440192,698975.138820096,umap
5492.664668900892,24.400175104,170.39929344,698975.138820096,umap
5493.1654062811285,24.400175104,170.39929344,698975.138820096,umap
5493.6663143076,24.400175104,170.395119616,698975.138820096,umap
5494.16714970395,24.400175104,170.395119616,698975.172132864,umap
5494.6682267244905,24.400175104,170.392879104,698975.172132864,umap
5495.169449180365,24.400175104,170.392879104,698975.172132864,umap
5495.670528907329,24.400175104,170.39054848,698975.172132864,umap
5496.171619782224,24.400175104,170.39054848,698975.172132864,umap
5496.672706628218,24.400175104,170.38823424,698975.172132864,umap
5497.173875736073,24.400175104,170.399244288,698975.172132864,umap
5497.674812702462,24.400175104,170.397179904,698975.172132864,umap
5498.175686037168,24.400175104,170.397179904,698975.022624768,umap
5498.676823968068,24.400175104,170.39497216,698975.022624768,umap
5499.177659729496,24.400175104,170.39497216,698975.022624768,umap
5499.678737496957,24.400175104,170.390540288,698975.022624768,umap
5500.17966479063,24.400175104,170.390540288,698975.022624768,umap
5500.6809810251,24.400175104,170.39054848,698975.022624768,umap
5501.181804930791,24.400175104,170.390417408,698975.022624768,umap
5501.68288445659,24.400175104,170.390417408,698975.022624768,umap
5502.183866808191,24.400175104,170.385989632,698975.011311616,umap
5502.68888130784,24.400175104,170.399223808,698975.011311616,umap
5503.189800044522,24.400175104,170.399485952,698975.011311616,umap
5503.690896097571,24.400175104,170.395213824,698975.011311616,umap
5504.19213504903,24.400175104,170.395213824,698974.78211584,umap
5504.693508116528,24.400175104,170.394038272,698974.78211584,umap
5505.194742204621,24.400175104,170.392858624,698974.78211584,umap
5505.695863226429,24.400175104,170.390777856,698974.78211584,umap
5506.1969602145255,24.400175104,170.390777856,698974.78211584,umap
5506.6984586734325,24.400175104,170.389737472,698974.78211584,umap
5507.199587808922,24.400175104,170.388578304,698974.78211584,umap
5507.700730057433,24.400175104,170.399588352,698974.78211584,umap
5508.201592292637,24.400175104,170.397515776,698973.7131008,umap
5508.702975656837,24.400175104,170.395275264,698973.7131008,umap
5509.204293988645,24.400175104,170.395275264,698973.7131008,umap
5509.70528896898,24.400175104,170.392154112,698973.7131008,umap
5510.206563569605,24.400175104,170.392281088,698973.7131008,umap
5510.707957481965,24.400175104,170.391363584,698973.7131008,umap
5511.209294412285,24.400175104,170.391248896,698973.7131008,umap
5511.710487032309,24.400175104,170.390986752,698973.7131008,umap
5512.21179635264,24.400175104,170.386690048,698975.579303936,umap
5512.7165725734085,24.400175104,170.399666176,698975.579303936,umap
5513.218034220859,24.400175104,170.399997952,698975.579303936,umap
5513.719496557489,24.400175104,170.397720576,698975.579303936,umap
5514.220406651497,24.400175104,170.397720576,698976.325824512,umap
5514.7216748557985,24.400175104,170.397720576,698976.325824512,umap
5515.222675189376,24.400175104,170.395553792,698976.325824512,umap
5515.723536616191,24.400175104,170.395553792,698976.325824512,umap
5516.224823797122,24.400175104,170.392240128,698976.325824512,umap
5516.726342188194,24.400175104,170.388455424,698976.325824512,umap
5517.227516504005,24.400175104,170.390421504,698976.325824512,umap
5517.7285160999745,24.4001792,170.388979712,698976.325824512,umap
5518.229318881407,24.4001792,170.39998976,698976.277487616,umap
5518.730695093051,24.4001792,170.395648,698976.277487616,umap
5519.231510549784,24.4001792,170.395516928,698976.277487616,umap
5519.73269636929,24.4001792,170.395516928,698976.277487616,umap
5520.233552100137,24.4001792,170.395516928,698976.277487616,umap
5520.7351200170815,24.4001792,170.395516928,698976.277487616,umap
5521.236505469307,24.4001792,170.391207936,698976.277487616,umap
5521.737764053047,24.4001792,170.390708224,698976.277487616,umap
5522.238970484585,24.4001792,170.401718272,698976.27772928,umap
5522.740493580699,24.4001792,170.39792128,698976.27772928,umap
5523.241380752996,24.4001792,170.39792128,698976.27772928,umap
5523.742268372327,24.4001792,170.395713536,698976.27772928,umap
5524.243152644485,24.4001792,170.395713536,698976.158674944,umap
5524.744655855,24.4001792,170.393493504,698976.158674944,umap
5525.245845716447,24.4001792,170.393493504,698976.158674944,umap
5525.747156323865,24.4001792,170.391269376,698976.158674944,umap
5526.248578192666,24.4001792,170.391269376,698976.158674944,umap
5526.749920424074,24.4001792,170.388934656,698976.158674944,umap
5527.2510431446135,24.4001792,170.388934656,698976.158674944,umap
5527.752420425415,24.4001792,170.386604032,698976.158674944,umap
5528.253536788747,24.4001792,170.386604032,698976.154247168,umap
5528.7583939395845,24.4001792,170.395430912,698976.154247168,umap
5529.259546097368,24.4001792,170.395430912,698976.154247168,umap
5529.760537700728,24.4001792,170.395430912,698976.154247168,umap
5530.261915020645,24.4001792,170.39529984,698976.154247168,umap
5530.763502068818,24.4001792,170.390904832,698976.154247168,umap
5531.264389960095,24.4001792,170.390904832,698976.154247168,umap
5531.765646988526,24.4001792,170.390888448,698976.154247168,umap
5532.266554452479,24.4001792,170.390888448,698976.219369472,umap
5532.770678495988,24.4001792,170.399809536,698976.219369472,umap
5533.27169650048,24.4001792,170.399809536,698976.219369472,umap
5533.773205028847,24.4001792,170.395365376,698976.219369472,umap
5534.274905685335,24.4001792,170.395365376,698976.693559296,umap
5534.776597797871,24.4001792,170.395365376,698976.693559296,umap
5535.278018312529,24.4001792,170.395365376,698976.693559296,umap
5535.779454831034,24.4001792,170.390966272,698976.693559296,umap
5536.280379001051,24.4001792,170.390966272,698976.693559296,umap
5536.781577970833,24.4001792,170.390966272,698976.693559296,umap
5537.282482052222,24.4001792,170.40197632,698976.693559296,umap
5537.783526279032,24.4001792,170.397548544,698976.693559296,umap
5538.284438304603,24.4001792,170.397548544,698976.611258368,umap
5538.785669241101,24.4001792,170.395475968,698976.611258368,umap
5539.287132896483,24.4001792,170.395344896,698976.611258368,umap
5539.788605451584,24.4001792,170.393124864,698976.611258368,umap
5540.2900324147195,24.4001792,170.393124864,698976.611258368,umap
5540.79169212468,24.4001792,170.390790144,698976.611258368,umap
5541.292799059302,24.4001792,170.390790144,698976.611258368,umap
5541.793799243867,24.4001792,170.3885824,698976.611258368,umap
5542.295326201245,24.4001792,170.3885824,698976.580214784,umap
5542.800571944565,24.4001792,170.399739904,698976.580214784,umap
5543.301849460229,24.4001792,170.399739904,698976.580214784,umap
5543.80334364064,24.4001792,170.395439104,698976.580214784,umap
5544.304422209039,24.4001792,170.395308032,698976.475172864,umap
5544.806515600532,24.4001792,170.395308032,698976.475172864,umap
5545.307681908831,24.4001792,170.395308032,698976.475172864,umap
5545.808523887768,24.4001792,170.390863872,698976.475172864,umap
5546.310176860541,24.4001792,170.390863872,698976.475172864,umap
5546.811780516058,24.4001792,170.390863872,698976.475172864,umap
5547.312588872388,24.4001792,170.390863872,698976.475172864,umap
5547.8134628701955,24.4001792,170.397396992,698976.475172864,umap
5548.314671495929,24.4001792,170.397396992,698976.50581504,umap
5548.816339705139,24.4001792,170.397396992,698976.50581504,umap
5549.317387351766,24.4001792,170.397396992,698976.50581504,umap
5549.818185193464,24.4001792,170.395148288,698976.50581504,umap
5550.319316474721,24.4001792,170.395148288,698976.50581504,umap
5550.821617215872,24.4001792,170.390724608,698976.50581504,umap
5551.322653772309,24.4001792,170.390724608,698976.50581504,umap
5551.823777193204,24.4001792,170.390724608,698976.50581504,umap
5552.325664585456,24.4001792,170.390724608,698976.51294208,umap
5552.8307930491865,24.4001792,170.399666176,698976.51294208,umap
5553.33176195249,24.4001792,170.399666176,698976.51294208,umap
5553.832728529349,24.4001792,170.399666176,698976.51294208,umap
5554.334755312651,24.4001792,170.399666176,698978.137300992,umap
5554.837078124285,24.4001792,170.394857472,698978.137300992,umap
5555.338102892041,24.4001792,170.394857472,698978.137300992,umap
5555.840178159997,24.4001792,170.392530944,698978.137300992,umap
5556.342061825097,24.4001792,170.390433792,698978.137300992,umap
5556.844506695867,24.4001792,170.390351872,698978.137300992,umap
5557.345704430714,24.4001792,170.390478848,698978.137300992,umap
5557.846697280183,24.4001792,170.388258816,698978.137300992,umap
5558.347517767921,24.4001792,170.399268864,698978.114740224,umap
5558.849044468254,24.4001792,170.397192192,698978.114740224,umap
5559.351119561121,24.4001792,170.397192192,698978.114740224,umap
5559.85318814218,24.4001792,170.394968064,698978.114740224,umap
5560.354353796691,24.4001792,170.394968064,698978.114740224,umap
5560.855204405263,24.4001792,170.390409216,698978.114740224,umap
5561.357210781425,24.4001792,170.390409216,698978.114740224,umap
5561.859312305227,24.4001792,170.390409216,698978.114740224,umap
5562.3605404328555,24.4001792,170.401419264,698978.114740224,umap
5562.8623996526,24.4001792,170.397151232,698978.114740224,umap
5563.363321734592,24.4001792,170.397151232,698978.114740224,umap
5563.864609099925,24.4001792,170.397151232,698977.985564672,umap
5564.3657695278525,24.4001792,170.397151232,698977.985564672,umap
5564.867509597912,24.4001792,170.392866816,698977.985564672,umap
5565.3683747164905,24.4001792,170.392866816,698977.985564672,umap
5565.869213629514,24.4001792,170.392866816,698977.985564672,umap
5566.371476864442,24.4001792,170.392866816,698977.985564672,umap
5566.872438104823,24.4001792,170.389766144,698977.985564672,umap
5567.37322608009,24.4001792,170.389508096,698977.985564672,umap
5567.874487992376,24.4001792,170.386100224,698977.966112768,umap
5568.379986872897,24.4001792,170.399207424,698977.966112768,umap
5568.881042135879,24.4001792,170.399469568,698977.966112768,umap
5569.383510719985,24.4001792,170.399469568,698977.966112768,umap
5569.884600466117,24.4001792,170.39491072,698977.901969408,umap
5570.385541869327,24.4001792,170.39491072,698977.901969408,umap
5570.886369900778,24.4001792,170.39491072,698977.901969408,umap
5571.388109264895,24.4001792,170.39491072,698977.901969408,umap
5571.890161884949,24.4001792,170.390614016,698977.901969408,umap
5572.391308801249,24.4001792,170.390351872,698977.901969408,umap
5572.893280109391,24.4001792,170.388385792,698977.901969408,umap
5573.394810717553,24.4001792,170.399404032,698977.901969408,umap
5573.895682204515,24.4001792,170.397339648,698975.674626048,umap
5574.397973973304,24.4001792,170.397339648,698975.674626048,umap
5574.900026695803,24.4001792,170.395131904,698975.674626048,umap
5575.401048541069,24.4001792,170.395164672,698975.674626048,umap
5575.903083689511,24.4001792,170.3907328,698975.674626048,umap
5576.405401052907,24.4001792,170.3907328,698975.674626048,umap
5576.906359793618,24.4001792,170.390859776,698975.674626048,umap
5577.4074590634555,24.4001792,170.390859776,698975.674626048,umap
5577.908681148663,24.4001792,170.38630912,698976.603860992,umap
5578.414558554068,24.4001792,170.39941632,698976.603860992,umap
5578.9156736359,24.4001792,170.39941632,698976.603860992,umap
5579.416534420103,24.4001792,170.399285248,698976.603860992,umap
5579.917494213209,24.4001792,170.395107328,698976.603860992,umap
5580.41873408854,24.4001792,170.395107328,698976.603860992,umap
5580.92070733197,24.4001792,170.395107328,698976.603860992,umap
5581.4215879403055,24.4001792,170.395107328,698976.603860992,umap
5581.923026651144,24.4001792,170.39069184,698976.603860992,umap
5582.424802698195,24.4001792,170.39069184,698976.603860992,umap
5582.925804477185,24.4001792,170.388463616,698976.603860992,umap
5583.42691434361,24.4001792,170.388332544,698976.603860992,umap
5583.9279835782945,24.4001792,170.399342592,698977.335115776,umap
5584.430275499821,24.4001792,170.39921152,698977.335115776,umap
5584.932320917025,24.4001792,170.395058176,698977.335115776,umap
5585.434371680021,24.4001792,170.395058176,698977.335115776,umap
5585.935286693275,24.4001792,170.392850432,698977.335115776,umap
5586.437540449202,24.4001792,170.392850432,698977.335115776,umap
5586.938597410917,24.4001792,170.3906304,698977.335115776,umap
5587.439724389464,24.4001792,170.3906304,698977.335115776,umap
5587.941009674221,24.4001792,170.388537344,698980.275703808,umap
5588.443060796708,24.4001792,170.3990272,698980.275703808,umap
5588.944033112377,24.4001792,170.397343744,698980.275703808,umap
5589.446100093424,24.4001792,170.397343744,698980.275703808,umap
5589.947292132303,24.4001792,170.393055232,698980.275703808,umap
5590.449159769341,24.4001792,170.395152384,698980.275703808,umap
5590.950923345983,24.4001792,170.390720512,698980.275703808,umap
5591.451790580526,24.4001792,170.390720512,698980.275703808,umap
5591.953843308613,24.4001792,170.390720512,698980.275703808,umap
5592.454979682341,24.4001792,170.390720512,698980.275703808,umap
5592.956020569429,24.4001792,170.386292736,698980.275703808,umap
5593.458066096529,24.4001792,170.386292736,698980.275703808,umap
5593.9601070173085,24.4001792,170.386292736,698980.81282048,umap
5594.464709846303,24.4001792,170.397827072,698980.81282048,umap
5594.965720018372,24.4001792,170.3952384,698980.81282048,umap
5595.466698393226,24.4001792,170.395107328,698980.81282048,umap
5595.967413613573,24.4001792,170.395107328,698980.81282048,umap
5596.46844577603,24.4001792,170.395107328,698980.81282048,umap
5596.969436760992,24.4001792,170.39054848,698980.81282048,umap
5597.4705053940415,24.4001792,170.390417408,698980.81282048,umap
5597.972058186308,24.4001792,170.390417408,698980.903673856,umap
5598.474652308971,24.4001792,170.389504,698980.903673856,umap
5598.976621229202,24.4001792,170.399064064,698980.903673856,umap
5599.478531042114,24.4001792,170.398932992,698980.903673856,umap
5599.979684283957,24.4001792,170.394779648,698980.903673856,umap
5600.480815989897,24.4001792,170.394779648,698980.903673856,umap
5600.981977105141,24.4001792,170.394779648,698980.903673856,umap
5601.484045114368,24.4001792,170.394779648,698980.903673856,umap
5601.9861140642315,24.4001792,170.390249472,698980.903673856,umap
5602.489587292075,24.4001792,170.399162368,698980.903673856,umap
5602.99037556909,24.4001792,170.399051776,698980.903673856,umap
5603.491420164704,24.4001792,170.399051776,698980.903673856,umap
5603.992917554453,24.4001792,170.394349568,698983.245221888,umap
5604.494514558464,24.4001792,170.39316992,698983.245221888,umap
5604.995381493121,24.4001792,170.392121344,698983.245221888,umap
5605.496666133404,24.4001792,170.39212544,698983.245221888,umap
5605.997486168519,24.4001792,170.398212096,698983.245221888,umap
5606.498948721215,24.4001792,170.39822848,698983.245221888,umap
5607.0010202638805,24.4001792,170.39654912,698983.245221888,umap
5607.502767056227,24.4001792,170.396581888,698983.245221888,umap
5608.004458326846,24.4001792,170.394353664,698983.422455808,umap
5608.505743872374,24.4001792,170.394353664,698983.422455808,umap
5609.007395029068,24.4001792,170.39214592,698983.422455808,umap
5609.508745836094,24.4001792,170.390700032,698983.422455808,umap
5610.009816126898,24.4001792,170.387746816,698983.422455808,umap
5610.511103659868,24.4001792,170.387759104,698983.422455808,umap
5611.0131461806595,24.4001792,170.387759104,698983.422455808,umap
5611.514686144888,24.4001792,170.39824896,698983.422455808,umap
5612.015754273161,24.4001792,170.394345472,698983.422455808,umap
5612.516997825354,24.4001792,170.394472448,698983.422455808,umap
5613.018636468798,24.4001792,170.394472448,698983.422455808,umap
5613.519797544926,24.4001792,170.394472448,698983.422455808,umap
5614.020890362561,24.4001792,170.389999616,698983.371870208,umap
5614.522037371993,24.4001792,170.388824064,698983.371870208,umap
5615.024117918685,24.4001792,170.387910656,698983.371870208,umap
5615.525181340054,24.4001792,170.387779584,698983.371870208,umap
5616.027505138889,24.4001792,170.387779584,698983.371870208,umap
5616.529085760936,24.4001792,170.400493568,698983.371870208,umap
5617.031193794683,24.4001792,170.396737536,698983.371870208,umap
5617.532318444923,24.4001792,170.396807168,698983.371870208,umap
5618.033579761162,24.4001792,170.3967744,698983.20791552,umap
5618.534753760323,24.4001792,170.396512256,698983.20791552,umap
5619.036740070209,24.4001792,170.39235072,698983.20791552,umap
5619.5377635564655,24.4001792,170.39235072,698983.20791552,umap
5620.038600640371,24.4001792,170.391846912,698983.20791552,umap
5620.540062043816,24.4001792,170.390274048,698983.20791552,umap
5621.042122019455,24.4001792,170.3878656,698983.20791552,umap
5621.543704817072,24.4001792,170.398744576,698983.20791552,umap
5622.045219955966,24.4001792,170.396741632,698983.20791552,umap
5622.547575708479,24.4001792,170.396741632,698983.20791552,umap
5623.048824207857,24.4001792,170.394554368,698983.20791552,umap
5623.550088999793,24.4001792,170.394566656,698983.20791552,umap
5624.051949661225,24.4001792,170.392461312,698983.092269056,umap
5624.553464896977,24.4001792,170.39233024,698983.092269056,umap
5625.05441163294,24.4001792,170.387894272,698983.092269056,umap
5625.555662592873,24.4001792,170.388021248,698983.092269056,umap
5626.056518912315,24.4001792,170.388021248,698983.092269056,umap
5626.55815897882,24.4001792,170.397392896,698983.092269056,umap
5627.059517361224,24.4001792,170.397007872,698983.092269056,umap
5627.560360217467,24.4001792,170.397134848,698983.092269056,umap
5628.0614309720695,24.4001792,170.397134848,698983.07735552,umap
5628.562501123175,24.4001792,170.392567808,698983.07735552,umap
5629.063813496381,24.4001792,170.392440832,698983.07735552,umap
5629.564824940637,24.4001792,170.392440832,698983.07735552,umap
5630.065950753167,24.4001792,170.392440832,698983.07735552,umap
5630.567518379539,24.4001792,170.388013056,698983.07735552,umap
5631.068870369345,24.4001792,170.388013056,698983.07735552,umap
5631.569746274501,24.4001792,170.397212672,698983.07735552,umap
5632.0706787947565,24.4001792,170.396950528,698983.07735552,umap
5632.571753241122,24.4001792,170.394361856,698983.07735552,umap
5633.072671892121,24.4001792,170.394361856,698983.07735552,umap
5633.573590403423,24.4001792,170.392158208,698983.07735552,umap
5634.074810953811,24.4001792,170.392158208,698983.135625216,umap
5634.576311800629,24.4001792,170.389950464,698983.135625216,umap
5635.077314440161,24.4001792,170.389950464,698983.135625216,umap
5635.578174699098,24.4001792,170.387841024,698983.135625216,umap
5636.079125225544,24.4001792,170.387841024,698983.135625216,umap
5636.5803204625845,24.4001792,170.396942336,698983.135625216,umap
5637.0812864061445,24.4001792,170.396942336,698983.135625216,umap
5637.5821976121515,24.4001792,170.39695872,698983.135625216,umap
5638.082991641015,24.4001792,170.39695872,698982.910152704,umap
5638.584034629166,24.4001792,170.392420352,698982.910152704,umap
5639.085032556206,24.4001792,170.392547328,698982.910152704,umap
5639.585906485096,24.4001792,170.392547328,698982.910152704,umap
5640.08670675382,24.4001792,170.392547328,698982.910152704,umap
5640.587745567784,24.4001792,170.392547328,698982.910152704,umap
5641.088725801557,24.4001792,170.38798848,698982.910152704,umap
5641.589601339772,24.4001792,170.38798848,698982.910152704,umap
5642.090606557205,24.4001792,170.398998528,698982.910152704,umap
5642.591705920175,24.4001792,170.394865664,698982.910152704,umap
5643.092697311193,24.4001792,170.394484736,698982.910152704,umap
5643.593581344932,24.4001792,170.394353664,698982.910152704,umap
5644.09459778294,24.4001792,170.394353664,698983.08421632,umap
5644.596041215584,24.4001792,170.390073344,698983.08421632,umap
5645.096895117313,23.041216512,170.390073344,698983.08421632,umap
5645.598133744672,19.972657152,170.3878656,698983.08421632,umap
5646.100289462134,19.972657152,170.3878656,698983.08421632,umap
5646.601434037089,19.972657152,170.385661952,698983.08421632,umap
5647.103266350925,19.972657152,170.398769152,698983.08421632,umap
5647.604627752677,19.972657152,170.396844032,698983.08421632,umap
5648.105698596686,19.972657152,170.396844032,698983.025078272,umap
5648.60685637407,19.972657152,170.39243264,698983.025078272,umap
5649.107762830332,19.972657152,170.39243264,698983.025078272,umap
5649.6087601445615,19.972657152,170.39243264,698983.025078272,umap
5650.109625734389,19.972657152,170.39243264,698983.025078272,umap
5650.611009020358,19.972657152,170.387808256,698983.025078272,umap
5651.113109387457,19.972657152,170.38782464,698983.025078272,umap
5651.61441418156,19.972657152,170.38782464,698983.025078272,umap
5652.116039305925,19.972657152,170.398834688,698983.025078272,umap
5652.6178210210055,19.972657152,170.3945216,698983.025078272,umap
5653.118686711416,19.972657152,170.3945216,698983.025078272,umap
5653.619906051084,19.972657152,170.392313856,698983.025078272,umap
5654.121054142714,19.972657152,170.392313856,698984.321773568,umap
5654.622808657587,19.972657152,170.392313856,698984.321773568,umap
5655.124365516007,19.972657152,170.39003648,698984.321773568,umap
5655.625587454066,19.972657152,170.39003648,698984.321773568,umap
5656.127662258223,19.972657152,170.39003648,698984.321773568,umap
5656.629477187991,19.972657152,170.387828736,698984.321773568,umap
5657.130723943934,19.972657152,170.397315072,698984.321773568,umap
5657.631652614102,19.972657152,170.397442048,698984.321773568,umap
5658.13318968378,19.972657152,170.397442048,698983.124144128,umap
5658.634345840663,19.972657152,170.39458304,698983.124144128,umap
5659.135842207819,19.972657152,170.394710016,698983.124144128,umap
5659.6371621750295,19.972657152,170.392375296,698983.124144128,umap
5660.139207817614,19.972657152,170.392375296,698983.124144128,umap
5660.6406314484775,19.972657152,170.388082688,698983.124144128,umap
5661.142168024555,19.972657152,170.388082688,698983.124144128,umap
5661.644276108593,19.972657152,170.387951616,698983.124144128,umap
5662.145582033321,19.972657152,170.398961664,698983.124144128,umap
5662.646682549268,19.972657152,170.3943168,698983.124144128,umap
5663.148215316236,19.972657152,170.3943168,698983.124144128,umap
5663.650590077043,19.972657152,170.3943168,698983.124144128,umap
5664.152890609577,19.972657152,170.3943168,698983.50508032,umap
5664.654323484749,19.972657152,170.389774336,698983.50508032,umap
5665.156387016177,19.972657152,170.389774336,698983.50508032,umap
5665.657892400399,19.972657152,170.387562496,698983.50508032,umap
5666.158944481984,19.972657152,170.387562496,698983.50508032,umap
5666.660421820357,19.972657152,170.385358848,698983.50508032,umap
5667.16156161204,19.972657152,170.398466048,698983.50508032,umap
5667.662820106372,19.972657152,170.396397568,698983.50508032,umap
5668.163642030209,19.972657152,170.396397568,698983.43927808,umap
5668.664723368362,19.972657152,170.394185728,698983.43927808,umap
5669.166867826134,19.972657152,170.394185728,698983.43927808,umap
5669.669359615073,19.972657152,170.391977984,698983.43927808,umap
5670.171536942944,19.972657152,170.391977984,698983.43927808,umap
5670.672619374469,19.972657152,170.387542016,698983.43927808,umap
5671.173555340618,19.972657152,170.387542016,698983.43927808,umap
5671.674504792318,19.972657152,170.387542016,698983.43927808,umap
5672.175658704713,19.972657152,170.398031872,698983.43927808,umap
5672.676875812933,19.972657152,170.396348416,698983.43927808,umap
5673.178821019828,19.972657152,170.396348416,698983.43927808,umap
5673.680422520265,19.972657152,170.39417344,698983.43927808,umap
5674.1826349888,19.972657152,170.39417344,698983.473795072,umap
5674.683877237141,19.972657152,170.391969792,698983.473795072,umap
5675.185864055529,19.972657152,170.391969792,698983.473795072,umap
5675.687084898353,19.972657152,170.3876608,698983.473795072,umap
5676.189138080925,19.972657152,170.3876608,698983.473795072,umap
5676.690281460062,19.972657152,170.387664896,698983.473795072,umap
5677.191092438996,19.972657152,170.400772096,698983.473795072,umap
5677.693049279973,19.972657152,170.396745728,698983.473795072,umap
5678.195096883923,19.972657152,170.396745728,698982.687502336,umap
5678.6974108330905,19.972657152,170.396745728,698982.687502336,umap
5679.198444020003,19.972657152,170.396618752,698982.687502336,umap
5679.699382876977,19.972657152,170.392109056,698982.687502336,umap
5680.200197527185,19.972657152,170.392109056,698982.687502336,umap
5680.701589625329,19.972657152,170.391515136,698982.687502336,umap
5681.202596951276,19.972657152,170.389643264,698982.687502336,umap
5681.703993117437,19.972657152,170.388987904,698982.687502336,umap
5682.2048399131745,19.972657152,170.39986688,698982.687502336,umap
5682.706962060183,19.972657152,170.397507584,698982.687502336,umap
5683.209169991314,19.972657152,170.395459584,698982.687502336,umap
5683.711491899565,19.972657152,170.39454208,698982.687502336,umap
5684.2130077350885,19.972657152,170.394411008,698983.164956672,umap
5684.714177187532,19.972657152,170.392260608,698983.164956672,umap
5685.2155178412795,19.972657152,170.392260608,698983.164956672,umap
5685.716509822756,19.972657152,170.387714048,698983.164956672,umap
5686.217530386522,19.972657152,170.387714048,698983.164956672,umap
5686.718991069123,19.972657152,170.387714048,698983.164956672,umap
5687.220362948254,19.972657152,170.385514496,698983.164956672,umap
5687.721584556624,19.972657152,170.398621696,698983.164956672,umap
5688.222731480375,19.972657152,170.398621696,698981.45179648,umap
5688.7242148611695,19.972657152,170.396545024,698981.45179648,umap
5689.2254029568285,19.972657152,170.396540928,698981.45179648,umap
5689.726723920554,19.972657152,170.392354816,698981.45179648,umap
5690.227876285091,19.972657152,170.392354816,698981.45179648,umap
5690.7290382850915,19.972657152,170.392354816,698981.45179648,umap
5691.2304485961795,19.972657152,170.392354816,698981.45179648,umap
5691.731827059761,19.972657152,170.387771392,698981.45179648,umap
5692.233168808743,19.972657152,170.387771392,698981.45179648,umap
5692.734227893874,19.972657152,170.396659712,698981.45179648,umap
5693.235967522487,19.972657152,170.396659712,698981.45179648,umap
5693.738046484068,19.972657152,170.394308608,698981.45179648,umap
5694.239076483995,19.972657152,170.394435584,698980.885172224,umap
5694.741370659322,19.972657152,170.392256512,698980.885172224,umap
5695.243044055998,19.972657152,170.392256512,698980.885172224,umap
5695.7451053112745,19.972657152,170.390028288,698980.885172224,umap
5696.246978731826,19.972657152,170.390028288,698980.885172224,umap
5696.748948069289,19.972657152,170.387820544,698980.885172224,umap
5697.250492440537,19.972657152,170.387820544,698980.885172224,umap
5697.751533521339,19.972657152,170.39681536,698980.885172224,umap
5698.252605900168,19.972657152,170.39681536,698980.51110912,umap
5698.753643749282,19.972657152,170.39681536,698980.51110912,umap
5699.254571504891,19.972657152,170.39681536,698980.51110912,umap
5699.7557471729815,19.972657152,170.392260608,698980.51110912,umap
5700.256537528709,19.972657152,170.392260608,698980.51110912,umap
5700.757717924193,19.972657152,170.392387584,698980.51110912,umap
5701.25859727338,19.972657152,170.392387584,698980.51110912,umap
5701.759872021154,19.972657152,170.38784512,698980.51110912,umap
5702.2607230674475,19.972657152,170.38784512,698980.51110912,umap
5702.762004913762,19.972657152,170.398855168,698980.51110912,umap
5703.2633528281,19.972657152,170.398855168,698980.51110912,umap
5703.764950089157,19.972657152,170.39433728,698980.51110912,umap
5704.267041072249,19.972657152,170.39433728,698983.468179456,umap
5704.768930366263,19.972657152,170.39239168,698983.468179456,umap
5705.270650206134,19.972657152,170.392260608,698983.468179456,umap
5705.771890072152,19.972657152,170.398957568,698983.468179456,umap
5706.2733793426305,19.972657152,170.398957568,698983.468179456,umap
5706.775274546817,19.972657152,170.39675392,698983.468179456,umap
5707.276124101132,19.972657152,170.398851072,698983.468179456,umap
5707.777212321758,19.972657152,170.396782592,698983.468179456,umap
5708.279296491295,19.972657152,170.396782592,698983.516823552,umap
5708.7820478174835,19.972657152,170.399358976,698983.516823552,umap
5709.284110212699,19.972657152,170.399358976,698983.516823552,umap
5709.785813868046,19.972657152,170.395009024,698983.516823552,umap
5710.287293436006,19.972657152,170.395009024,698983.516823552,umap
5710.789318377152,19.972657152,170.395025408,698983.516823552,umap
5711.290179269388,19.972657152,170.394877952,698983.516823552,umap
5711.791653292254,19.972657152,170.390339584,698983.516823552,umap
5712.292829832062,19.972657152,170.390339584,698983.516823552,umap
5712.794199848548,19.972657152,170.390593536,698983.516823552,umap
5713.295729909092,19.972657152,170.399506432,698983.516823552,umap
5713.797098983079,19.972657152,170.395090944,698983.516823552,umap
5714.298622911796,19.972657152,170.395090944,698983.490633728,umap
5714.800220709294,19.972657152,170.3928832,698983.490633728,umap
5715.301737353206,19.972657152,170.3928832,698983.490633728,umap
5715.803026188165,19.972657152,170.393010176,698983.490633728,umap
5716.304186005145,19.972657152,170.393010176,698983.490633728,umap
5716.805856758729,19.972657152,170.388729856,698983.490633728,umap
5717.306721188128,19.972657152,170.388598784,698983.490633728,umap
5717.8082050047815,19.972657152,170.38872576,698983.490633728,umap
5718.309989877045,19.972657152,170.399735808,698983.282884608,umap
5718.811842679977,19.972657152,170.395512832,698983.282884608,umap
5719.312847407535,19.972657152,170.395512832,698983.282884608,umap
5719.81404542923,19.972657152,170.395004928,698983.282884608,umap
5720.315607730299,19.972657152,170.395004928,698983.282884608,umap
5720.8172921054065,19.972657152,170.390536192,698983.282884608,umap
5721.318833691999,19.972657152,170.390536192,698983.282884608,umap
5721.820283770561,19.972657152,170.3885824,698983.282884608,umap
5722.321089375764,19.972657152,170.388455424,698983.282884608,umap
5722.822705363855,19.972657152,170.386214912,698983.282884608,umap
5723.324061490595,19.972657152,170.399322112,698983.282884608,umap
5723.825538920239,19.972657152,170.397184,698983.282884608,umap
5724.326783277094,19.972657152,170.397184,698983.171465216,umap
5724.827994499356,19.972657152,170.395140096,698983.171465216,umap
5725.329630289227,19.972657152,170.395140096,698983.171465216,umap
5725.83105574362,19.972657152,170.392932352,698983.171465216,umap
5726.332491707057,19.972657152,170.392932352,698983.171465216,umap
5726.834285236895,19.972657152,170.388406272,698983.171465216,umap
5727.335871012881,19.972657152,170.388406272,698983.171465216,umap
5727.83731697686,19.972657152,170.38854144,698983.171465216,umap
5728.3386324718595,19.972657152,170.399551488,698983.175954432,umap
5728.840358812362,19.972657152,170.395336704,698983.175954432,umap
5729.3419528808445,19.972657152,170.39521792,698983.175954432,umap
5729.843494608998,19.972657152,170.39546368,698983.175954432,umap
5730.3451037704945,19.972657152,170.39546368,698983.175954432,umap
5730.84648235701,19.972657152,170.39079424,698983.175954432,umap
5731.348113641143,19.972657152,170.39079424,698983.175954432,umap
5731.849598042667,19.972657152,170.39079424,698983.175954432,umap
5732.352374240756,19.972657152,170.39079424,698983.175954432,umap
5732.853459035978,19.972657152,170.388586496,698983.175954432,umap
5733.354433590546,19.972657152,170.401693696,698983.175954432,umap
5733.855927180499,19.972657152,170.397540352,698981.29031168,umap
5734.357843177393,19.972657152,170.397540352,698981.29031168,umap
5734.859212132171,19.972657152,170.397540352,698981.29031168,umap
5735.36088529788,19.972657152,170.397540352,698981.29031168,umap
5735.862440772355,19.972657152,170.393145344,698981.29031168,umap
5736.364317504689,19.972657152,170.393145344,698981.29031168,umap
5736.865510525182,19.972657152,170.393174016,698981.29031168,umap
5737.367045965046,19.972657152,170.393174016,698981.29031168,umap
5737.868639137596,19.972657152,170.388758528,698981.419544576,umap
5738.3703336678445,19.972657152,170.388758528,698981.419544576,umap
5738.871513456106,19.972657152,170.397437952,698981.419544576,umap
5739.373375819996,19.972657152,170.397437952,698981.419544576,umap
5739.874365909025,19.972657152,170.395230208,698981.552410624,umap
5740.3762012682855,19.972657152,170.395230208,698981.552410624,umap
5740.878059539944,19.972657152,170.39302656,698981.552410624,umap
5741.38000735268,19.972657152,170.39302656,698981.552410624,umap
5741.880933368579,19.972657152,170.390695936,698981.552410624,umap
5742.382823403925,19.972657152,170.390695936,698981.552410624,umap
5742.884421205148,19.972657152,170.388570112,698981.552410624,umap
5743.386117700487,19.972657152,170.39958016,698981.552410624,umap
5743.887749025598,19.972657152,170.395303936,698982.918504448,umap
5744.389681989327,19.972657152,170.395303936,698982.918504448,umap
5744.891307936981,19.972657152,170.395303936,698982.918504448,umap
5745.392615811899,19.972657152,170.395303936,698982.918504448,umap
5745.89422127977,19.972657152,170.390634496,698982.918504448,umap
5746.396266138181,19.972657152,170.390634496,698982.918504448,umap
5746.897330129519,19.972657152,170.390638592,698982.918504448,umap
5747.39898904413,19.972657152,170.390638592,698982.918504448,umap
5747.900707308203,19.972657152,170.3862272,698982.916661248,umap
5748.402695599943,19.972657152,170.3862272,698982.916661248,umap
5748.904282448813,19.972657152,170.3993344,698982.916661248,umap
5749.40574465692,19.972657152,170.3993344,698982.916661248,umap
5749.906787944958,19.972657152,170.395058176,698982.804619264,umap
5750.408097593114,19.972657152,170.395058176,698982.804619264,umap
5750.909761402756,19.972657152,170.392850432,698982.804619264,umap
5751.410890113562,19.972657152,170.392850432,698982.804619264,umap
5751.912753619254,19.972657152,170.390642688,698982.804619264,umap
5752.413868140429,19.972657152,170.390642688,698982.804619264,umap
5752.915748372674,19.972657152,170.388443136,698982.804619264,umap
5753.41701217927,19.972657152,170.399453184,698982.804619264,umap
5753.918056998402,19.972657152,170.397331456,698982.896676864,umap
5754.420160869136,19.972657152,170.397331456,698982.896676864,umap
5754.921870069578,19.972657152,170.395119616,698982.896676864,umap
5755.422637812793,19.972657152,170.395119616,698982.896676864,umap
5755.92362822406,19.972657152,170.390704128,698982.896676864,umap
5756.424855820835,19.972657152,170.390704128,698982.896676864,umap
5756.926069356501,19.972657152,170.390704128,698982.896676864,umap
5757.4270691126585,19.972657152,170.390704128,698982.896676864,umap
5757.928787322715,19.972657152,170.386292736,698982.896676864,umap
5758.431176530197,19.972657152,170.386292736,698982.896676864,umap
5758.932132933289,19.972657152,170.39927296,698982.896676864,umap
5759.432851675898,19.972657152,170.39927296,698982.896676864,umap
5759.934853646904,19.972657152,170.395017216,698983.172579328,umap
5760.436165148392,19.972657152,170.395017216,698983.172579328,umap
5760.937207724899,19.972657152,170.395017216,698983.172579328,umap
5761.439158624038,19.972657152,170.395017216,698983.172579328,umap
5761.940202822909,19.972657152,170.390634496,698983.172579328,umap
5762.441779976711,19.972657152,170.390372352,698983.172579328,umap
5762.942825863138,19.972657152,170.388426752,698983.172579328,umap
5763.44378599897,19.972657152,170.388426752,698983.172579328,umap
5763.945275180042,19.972657152,170.3994368,698982.995566592,umap
5764.447400005534,19.972657152,170.3994368,698982.995566592,umap
5764.948368346319,19.972657152,170.39515648,698982.995566592,umap
5765.449314469472,19.972657152,170.395283456,698982.995566592,umap
5765.950005033985,19.972657152,170.395283456,698982.995566592,umap
5766.452120745555,19.972657152,170.395152384,698982.995566592,umap
5766.953980781138,19.972657152,170.390745088,698982.995566592,umap
5767.45486164093,19.972657152,170.390482944,698982.995566592,umap
5767.956150921062,19.972657152,170.388537344,698983.111544832,umap
5768.457175532356,19.972657152,170.38866432,698983.111544832,umap
5768.959207393229,19.972657152,170.386456576,698983.111544832,umap
5769.459942596033,19.972657152,170.399432704,698983.111544832,umap
5769.960972324014,19.972657152,170.3974912,698983.111544832,umap
5770.4624814298,19.972657152,170.397360128,698983.111544832,umap
5770.96367485635,19.972657152,170.395283456,698983.111544832,umap
5771.464804068208,19.972657152,170.395283456,698983.111544832,umap
5771.965889628977,19.972657152,170.393063424,698983.111544832,umap
5772.466981349513,19.972657152,170.3931904,698983.111544832,umap
5772.968909071758,19.972657152,170.388897792,698983.111544832,umap
5773.471227435395,19.972657152,170.38876672,698983.111544832,umap
5773.97244123742,19.972657152,170.399776768,698982.976098304,umap
5774.473516523838,19.972657152,170.399862784,698982.976098304,umap
5774.974406378344,19.972657152,170.395561984,698982.976098304,umap
5775.475287167355,19.972657152,170.395561984,698982.976098304,umap
5775.976203838363,19.972657152,170.395561984,698982.976098304,umap
5776.477185389027,19.972657152,170.395561984,698982.976098304,umap
5776.979284064844,19.972657152,170.389037056,698982.976098304,umap
5777.481323432177,19.972657152,170.391134208,698982.976098304,umap
5777.983021475375,19.972657152,170.39112192,698982.887653376,umap
5778.485021984205,19.972657152,170.39112192,698982.887653376,umap
5778.9870951958,19.972657152,170.386579456,698982.887653376,umap
5779.488036125898,19.972657152,170.39863808,698982.887653376,umap
5779.990083737299,19.972657152,170.397745152,698982.887653376,umap
5780.491215912625,19.972657152,170.39761408,698982.887653376,umap
5780.991881048307,19.972657152,170.395394048,698982.887653376,umap
5781.492515383288,19.972657152,170.395394048,698982.887653376,umap
5781.9944641608745,19.972657152,170.393186304,698982.887653376,umap
5782.49559378624,19.972657152,170.393186304,698982.887653376,umap
5782.9972868505865,19.972657152,170.39097856,698982.887653376,umap
5783.498191548511,19.972657152,170.39097856,698982.887653376,umap
5784.000289088115,19.972657152,170.388754432,698981.415972864,umap
5784.504131320864,19.972657152,170.39845376,698981.415972864,umap
5785.006187535822,19.972657152,170.395582464,698981.415972864,umap
5785.507150411606,19.972657152,170.395582464,698981.415972864,umap
5786.009213993326,19.972657152,170.395582464,698981.415972864,umap
5786.510875392705,19.972657152,170.39532032,698981.415972864,umap
5787.012177219614,19.972657152,170.39104,698981.415972864,umap
5787.5132997166365,19.972657152,170.39104,698981.415972864,umap
5788.0139527358115,19.972657152,170.390913024,698981.486874624,umap
5788.514849420637,19.972657152,170.390519808,698981.486874624,umap
5789.015858829021,19.972657152,170.386354176,698981.486874624,umap
5789.516740476713,19.972657152,170.399461376,698981.486874624,umap
5790.018841860816,19.972657152,170.397577216,698981.486874624,umap
5790.520083902404,19.972657152,170.397577216,698981.486874624,umap
5791.022199207917,19.972657152,170.397577216,698981.486874624,umap
5791.523208180442,19.972657152,170.397577216,698981.486874624,umap
5792.025262637064,19.972657152,170.392977408,698981.486874624,umap
5792.526507185772,19.972657152,170.392977408,698981.486874624,umap
5793.027301773429,19.972657152,170.393088,698981.486874624,umap
5793.528301425278,19.972657152,170.392956928,698981.486874624,umap
5794.030310772359,19.972657152,170.388733952,698981.479477248,umap
5794.534279698506,19.972657152,170.399875072,698981.479477248,umap
5795.0355702172965,19.972657152,170.399862784,698981.479477248,umap
5795.536533238366,19.972657152,170.399862784,698981.479477248,umap
5796.037415413186,19.972657152,170.395267072,698981.479477248,umap
5796.538477085531,19.972657152,170.394628096,698981.479477248,umap
5797.039582248777,19.972657152,170.392948736,698981.479477248,umap
5797.540659280494,19.972657152,170.392948736,698981.479477248,umap
5798.04184153676,19.972657152,170.390740992,698981.267877888,umap
5798.543301489204,19.972657152,170.39060992,698981.267877888,umap
5799.044199408963,19.972657152,170.399543296,698981.267877888,umap
5799.546270148829,19.972657152,170.399043584,698981.267877888,umap
5800.047881245613,19.972657152,170.396966912,698981.267877888,umap
5800.5493470318615,19.972657152,170.396975104,698981.267877888,umap
5801.050537586212,19.972657152,170.394759168,698981.267877888,umap
5801.552364032716,19.972657152,170.392424448,698981.267877888,umap
5802.053827667609,19.972657152,170.392424448,698981.267877888,umap
5802.554931432009,19.972657152,170.39034368,698981.267877888,umap
5803.056229928508,19.972657152,170.39034368,698981.267877888,umap
5803.557098228484,19.972657152,170.38592,698981.267877888,umap
5804.059147492051,19.972657152,170.38592,698981.3801984,umap
5804.563747741282,19.972657152,170.398896128,698981.3801984,umap
5805.0658030528575,19.972657152,170.399158272,698981.3801984,umap
5805.566670225933,19.972657152,170.394587136,698981.3801984,umap
5806.0676537733525,19.972657152,170.394587136,698981.3801984,umap
5806.568822924048,19.972657152,170.394587136,698981.3801984,umap
5807.069647856057,19.972657152,170.394587136,698981.3801984,umap
5807.5705798547715,19.972657152,170.390171648,698981.3801984,umap
5808.071993013844,19.972657152,170.390171648,698981.345472512,umap
5808.573808256537,19.972657152,170.390298624,698981.345472512,umap
5809.07596674189,19.972657152,170.39921152,698981.345472512,umap
5809.576806563884,19.972657152,170.396995584,698981.345472512,umap
5810.07877984643,19.972657152,170.396995584,698981.345472512,umap
5810.580092424527,19.972657152,170.392576,698981.345472512,umap
5811.082156116143,19.972657152,170.392576,698981.345472512,umap
5811.583325017244,19.972657152,170.392702976,698981.345472512,umap
5812.084050728008,19.972657152,170.392571904,698981.345472512,umap
5812.585078179836,19.972657152,170.388156416,698981.345472512,umap
5813.087141467258,19.972657152,170.388156416,698981.345472512,umap
5813.588319864124,19.972657152,170.388156416,698981.345472512,umap
5814.089167460799,19.972657152,170.399166464,698981.440761856,umap
5814.590594187379,19.972657152,170.394865664,698981.440761856,umap
5815.0926496014,19.972657152,170.394865664,698981.440761856,umap
5815.59378599748,19.972657152,170.39499264,698981.440761856,umap
5816.095370111987,19.972657152,170.39499264,698981.440761856,umap
5816.596721231937,19.972657152,170.390437888,698981.440761856,umap
5817.09867069684,19.972657152,170.390437888,698981.440761856,umap
5817.599763056263,19.972657152,170.38821376,698981.440761856,umap
5818.100977329537,19.972657152,170.38821376,698979.884879872,umap
5818.602123588324,19.972657152,170.386137088,698979.884879872,umap
5819.103164656088,19.972657152,170.386137088,698979.884879872,umap
5819.6040910072625,19.972657152,170.397175808,698979.884879872,umap
5820.1049616690725,19.972657152,170.397175808,698979.884879872,umap
5820.606069186702,19.972657152,170.394714112,698979.884879872,umap
5821.107129152864,19.972657152,170.394714112,698979.884879872,umap
5821.608081780374,19.972657152,170.392502272,698979.884879872,umap
5822.108980724588,19.972657152,170.392502272,698979.884879872,umap
5822.610062129796,19.972657152,170.390372352,698979.884879872,umap
5823.111173355952,19.972657152,170.390372352,698979.884879872,umap
5823.612171145156,19.972657152,170.38823424,698979.884879872,umap
5824.113156666979,19.972657152,170.399244288,698981.060079616,umap
5824.61439525336,19.972657152,170.394947584,698981.060079616,umap
5825.115536969155,19.972657152,170.394947584,698981.060079616,umap
5825.616637963802,19.972657152,170.394947584,698981.060079616,umap
5826.117466021329,19.972657152,170.394947584,698981.060079616,umap
5826.618777390569,19.972657152,170.390532096,698981.060079616,umap
5827.120821677148,19.972657152,170.390532096,698981.060079616,umap
5827.6219887230545,19.972657152,170.39030272,698981.060079616,umap
5828.123078236356,19.972657152,170.39030272,698981.263183872,umap
5828.624278007075,19.972657152,170.385952768,698981.263183872,umap
5829.125364765525,19.972657152,170.385952768,698981.263183872,umap
5829.626331664622,19.972657152,170.385952768,698981.263183872,umap
5830.127426557243,19.972657152,170.398932992,698981.263183872,umap
5830.628608467057,19.972657152,170.394599424,698981.263183872,umap
5831.1295151002705,19.972657152,170.394599424,698981.263183872,umap
5831.630508750677,19.972657152,170.392522752,698981.263183872,umap
5832.131611209363,19.972657152,170.392522752,698981.263183872,umap
5832.632759574801,19.972657152,170.390188032,698981.263183872,umap
5833.133643904701,19.972657152,170.390188032,698981.263183872,umap
5833.634524324909,19.972657152,170.387980288,698981.263183872,umap
5834.135343154892,19.972657152,170.387980288,698980.998561792,umap
5834.63921655342,19.972657152,170.396786688,698980.998561792,umap
5835.140374265611,19.972657152,170.396786688,698980.998561792,umap
5835.641378244385,19.972657152,170.394578944,698980.998561792,umap
5836.142203329131,19.972657152,170.394578944,698980.998561792,umap
5836.643184024841,19.972657152,170.3923712,698980.998561792,umap
5837.1443304326385,19.972657152,170.3923712,698980.998561792,umap
5837.6451225839555,19.972657152,170.390163456,698980.998561792,umap
5838.146289285272,19.972657152,170.390163456,698980.564443136,umap
5838.647325484082,19.972657152,170.396893184,698980.564443136,umap
5839.1481596995145,19.972657152,170.396893184,698980.564443136,umap
5839.649162972346,19.972657152,170.396893184,698980.564443136,umap
5840.149954853579,19.972657152,170.396893184,698980.564443136,umap
5840.6511041000485,19.972657152,170.39456256,698980.564443136,umap
5841.152292633429,19.972657152,170.39456256,698980.564443136,umap
5841.653339885175,19.972657152,170.392354816,698980.564443136,umap
5842.15450238809,19.972657152,170.392354816,698980.564443136,umap
5842.6557248253375,19.972657152,170.390147072,698980.564443136,umap
5843.156869048253,19.972657152,170.390147072,698980.564443136,umap
5843.657971287146,19.972657152,170.387939328,698980.564443136,umap
5844.159146245569,19.972657152,170.398949376,698981.145460736,umap
5844.660553589463,19.972657152,170.396872704,698981.145460736,umap
5845.161717126146,19.972657152,170.396872704,698981.145460736,umap
5845.66282572411,19.972657152,170.392440832,698981.145460736,umap
5846.16398897022,19.972657152,170.392440832,698981.145460736,umap
5846.665387611836,19.972657152,170.392440832,698981.145460736,umap
5847.166515573859,19.972657152,170.392440832,698981.145460736,umap
5847.667659347877,19.972657152,170.3877632,698981.145460736,umap
5848.168830901384,19.972657152,170.3877632,698981.944967168,umap
5848.670261915773,19.972657152,170.3877632,698981.944967168,umap
5849.171105666086,19.972657152,170.398773248,698981.944967168,umap
5849.672278525308,19.972657152,170.394488832,698981.944967168,umap
5850.173499466851,19.972657152,170.394488832,698981.944967168,umap
5850.674873393029,19.972657152,170.394488832,698981.944967168,umap
5851.176070241258,19.972657152,170.394488832,698981.944967168,umap
5851.677266146988,19.972657152,170.389929984,698981.944967168,umap
5852.178502064198,19.972657152,170.389929984,698981.944967168,umap
5852.679740244523,19.972657152,170.389929984,698981.944967168,umap
5853.180861679837,19.972657152,170.389929984,698981.944967168,umap
5853.682020144537,19.972657152,170.385506304,698981.944967168,umap
5854.183297298849,19.972657152,170.385506304,698981.145911296,umap
5854.687945785001,19.972657152,170.396667904,698981.145911296,umap
5855.188926616684,19.972657152,170.396667904,698981.145911296,umap
5855.690089866519,19.972657152,170.394509312,698981.145911296,umap
5856.191395727918,19.972657152,170.394509312,698981.145911296,umap
5856.692793790251,19.972657152,170.392301568,698981.145911296,umap
5857.193589564413,19.972657152,170.392301568,698981.145911296,umap
5857.694757256657,19.972657152,170.38995456,698981.145911296,umap
5858.195998620242,19.972657152,170.38995456,698980.68801536,umap
5858.697558071464,19.972657152,170.387730432,698980.68801536,umap
5859.198581052944,19.972657152,170.39874048,698980.68801536,umap
5859.699452165514,19.972657152,170.396663808,698980.68801536,umap
5860.201580408961,19.972657152,170.396663808,698980.68801536,umap
5860.703325301409,19.972657152,170.39446016,698980.68801536,umap
5861.205577952787,19.972657152,170.39446016,698980.68801536,umap
5861.70719944872,19.972657152,170.389905408,698980.68801536,umap
5862.209287529811,19.972657152,170.389905408,698980.68801536,umap
5862.710712460801,19.972657152,170.389839872,698980.68801536,umap
5863.211580323055,19.972657152,170.389839872,698980.68801536,umap
5863.712802993134,19.972657152,170.385481728,698980.68801536,umap
5864.214814154431,19.972657152,170.385481728,698979.83250432,umap
5864.71983762458,19.972657152,170.398588928,698979.83250432,umap
5865.221376825124,19.972657152,170.398851072,698979.83250432,umap
5865.722854528576,19.972657152,170.39437824,698979.83250432,umap
5866.2237088903785,19.972657152,170.39437824,698979.83250432,umap
5866.724757388234,19.972657152,170.39437824,698979.83250432,umap
5867.226052289829,19.972657152,170.39437824,698979.83250432,umap
5867.7273126561195,19.972657152,170.389950464,698979.83250432,umap
5868.228655941784,19.972657152,170.389950464,698977.409654784,umap
5868.730122547597,19.972657152,170.387726336,698977.409654784,umap
5869.231504039839,19.972657152,170.387726336,698977.409654784,umap
5869.732715981081,19.972657152,170.396663808,698977.409654784,umap
5870.233360392973,19.972657152,170.396663808,698977.409654784,umap
5870.734585488215,19.972657152,170.394456064,698977.409654784,umap
5871.235585000366,19.972657152,170.394456064,698977.409654784,umap
5871.736752435565,19.972657152,170.394456064,698977.409654784,umap
5872.2380568329245,19.972657152,170.394456064,698977.409654784,umap
5872.739688239992,19.972657152,170.389901312,698977.409654784,umap
5873.240639325231,19.972657152,170.389901312,698977.409654784,umap
5873.741616692394,19.972657152,170.389901312,698977.409654784,umap
5874.2424641195685,19.972657152,170.389901312,698977.133809664,umap
5874.7472619488835,19.972657152,170.398838784,698977.133809664,umap
5875.249318512157,19.972657152,170.398838784,698977.133809664,umap
5875.750565972179,19.972657152,170.39663104,698977.133809664,umap
5876.251434221864,19.972657152,170.39663104,698977.133809664,umap
5876.75301701203,19.972657152,170.394300416,698977.133809664,umap
5877.253903582692,19.972657152,170.394308608,698977.133809664,umap
5877.755928805098,19.972657152,170.39208448,698977.133809664,umap
5878.257828880101,19.972657152,170.39208448,698976.841719808,umap
5878.7591429241,19.972657152,170.389876736,698976.841719808,umap
5879.260729009286,19.972657152,170.389876736,698976.841719808,umap
5879.76177226752,19.972657152,170.387673088,698976.841719808,umap
5880.2626854311675,19.972657152,170.398683136,698976.841719808,umap
5880.763745153323,19.972657152,170.396606464,698976.841719808,umap
5881.265140539035,19.972657152,170.396606464,698976.841719808,umap
5881.766510121524,19.972657152,170.394382336,698976.841719808,umap
5882.267903640866,19.972657152,170.394382336,698976.841719808,umap
5882.768903955817,19.972657152,170.392158208,698976.841719808,umap
5883.269830584526,19.972657152,170.392158208,698976.841719808,umap
5883.770678179339,19.972657152,170.389823488,698976.841719808,umap
5884.271383529529,19.972657152,170.398326784,698976.294137856,umap
5884.772848509252,19.972657152,170.394312704,698976.294137856,umap
5885.273745128885,19.972657152,170.394312704,698976.294137856,umap
5885.775065492839,19.972657152,170.394312704,698976.294137856,umap
5886.275932934135,19.972657152,170.394312704,698976.294137856,umap
5886.776931382716,19.972657152,170.389880832,698976.294137856,umap
5887.278309952468,19.972657152,170.389880832,698976.294137856,umap
5887.779163472354,19.972657152,170.389889024,698976.294137856,umap
5888.280017849058,19.972657152,170.389889024,698975.561449472,umap
5888.78160122782,19.972657152,170.38522368,698975.561449472,umap
5889.2826488129795,19.972657152,170.38522368,698975.561449472,umap
5889.783717621118,19.972657152,170.39833088,698975.561449472,umap
5890.284746598452,19.972657152,170.39833088,698975.561449472,umap
5890.787014624104,19.972657152,170.394161152,698975.561449472,umap
5891.289107397199,19.972657152,170.394161152,698975.561449472,umap
5891.790730740875,19.972657152,170.391814144,698975.561449472,umap
5892.292710693553,19.972657152,170.391814144,698975.561449472,umap
5892.794442651793,19.972657152,170.389610496,698975.561449472,umap
5893.295420622453,19.972657152,170.389610496,698975.561449472,umap
5893.79702209495,19.972657152,170.387402752,698975.561449472,umap
5894.299150016159,19.972657152,170.387402752,698974.161559552,umap
5894.801461169496,19.972657152,170.396319744,698974.161559552,umap
5895.303086634725,19.972657152,170.396319744,698974.161559552,umap
5895.805307101458,19.972657152,170.394169344,698974.161559552,umap
5896.3074576072395,19.972657152,170.394169344,698974.161559552,umap
5896.808831572533,19.972657152,170.391904256,698974.161559552,umap
5897.3099382240325,19.972657152,170.391904256,698974.161559552,umap
5897.811388840899,19.972657152,170.389569536,698974.161559552,umap
5898.3123093452305,19.972657152,170.389569536,698973.099073536,umap
5898.814113989472,19.972657152,170.38514176,698973.099073536,umap
5899.316165378317,19.972657152,170.38514176,698973.099073536,umap
5899.818225003779,19.972657152,170.385240064,698973.099073536,umap
5900.319001369178,19.972657152,170.398216192,698973.099073536,umap
5900.820612624288,19.972657152,170.39398912,698973.099073536,umap
5901.321710409597,19.972657152,170.39398912,698973.099073536,umap
5901.822557780892,19.972657152,170.39398912,698973.099073536,umap
5902.323993485421,19.972657152,170.39398912,698973.099073536,umap
5902.825717192143,19.972657152,170.389557248,698973.099073536,umap
5903.326519463211,19.972657152,170.389557248,698973.099073536,umap
5903.828218756244,19.972657152,170.389557248,698973.099073536,umap
5904.330222699791,19.972657152,170.389557248,698972.127596544,umap
5904.832064056769,19.972657152,170.39616,698972.127596544,umap
5905.334104353562,19.972657152,170.39616,698972.127596544,umap
5905.8348053097725,19.972657152,170.39616,698972.127596544,umap
5906.335629288107,19.972657152,170.39616,698972.127596544,umap
5906.836738156155,19.972657152,170.391621632,698972.127596544,umap
5907.337610533461,19.972657152,170.391621632,698972.127596544,umap
5907.8382934127,19.972657152,170.3892992,698972.127596544,umap
5908.339029880241,19.972657152,170.3892992,698971.902406656,umap
5908.840779077262,19.972657152,170.387091456,698971.902406656,umap
5909.341656668112,19.972657152,170.387091456,698971.902406656,umap
5909.843678748235,19.972657152,170.384887808,698971.902406656,umap
5910.344543648884,19.972657152,170.384887808,698971.902406656,umap
5910.849408099428,19.972657152,170.3980032,698971.902406656,umap
5911.351215252653,19.972657152,170.3980032,698971.902406656,umap
5911.8532994333655,19.972657152,170.393591808,698971.902406656,umap
5912.355591528118,19.972657152,170.393591808,698971.902406656,umap
5912.856647629291,19.972657152,170.393591808,698971.902406656,umap
5913.358742972836,19.972657152,170.393591808,698971.902406656,umap
5913.8603816162795,19.972657152,170.389307392,698971.227963392,umap
5914.362696921453,19.972657152,170.389307392,698971.227963392,umap
5914.864499256015,19.972657152,170.386956288,698971.227963392,umap
5915.366394985467,19.972657152,170.397966336,698971.227963392,umap
5915.868550458923,19.972657152,170.395889664,698971.227963392,umap
5916.370077548549,19.972657152,170.395889664,698971.227963392,umap
5916.872051892802,19.972657152,170.393686016,698971.227963392,umap
5917.3729413971305,19.972657152,170.393686016,698971.227963392,umap
5917.874527215958,19.972657152,170.391494656,698971.058180096,umap
5918.376507952809,19.972657152,170.391494656,698971.058180096,umap
5918.878042649478,19.972657152,170.389417984,698971.058180096,umap
5919.379544273019,19.972657152,170.389417984,698971.058180096,umap
5919.880662808195,19.972657152,170.398076928,698970.967535616,umap
5920.3816761523485,19.972657152,170.398076928,698970.967535616,umap
5920.882517613471,19.972657152,170.396000256,698970.967535616,umap
5921.3833500202745,19.972657152,170.396000256,698970.967535616,umap
5921.884943716228,19.972657152,170.393796608,698970.967535616,umap
5922.3872597925365,19.972657152,170.393796608,698970.967535616,umap
5922.888777049258,19.972657152,170.39157248,698970.967535616,umap
5923.389715880156,19.972657152,170.39157248,698970.967535616,umap
5923.891054006293,19.972657152,170.387038208,698970.598735872,umap
5924.393507588655,19.972657152,170.387038208,698970.598735872,umap
5924.895481212065,19.972657152,170.387038208,698970.598735872,umap
5925.396319473162,19.972657152,170.398048256,698970.598735872,umap
5925.898050516844,19.972657152,170.393747456,698970.598735872,umap
5926.400348391384,19.972657152,170.393747456,698970.598735872,umap
5926.9013624973595,19.972657152,170.393874432,698970.598735872,umap
5927.4021833874285,19.972657152,170.393874432,698970.598735872,umap
5927.903495052829,19.972657152,170.391666688,698970.598735872,umap
5928.404847737402,19.972657152,170.391666688,698970.598735872,umap
5928.90650180541,19.972657152,170.389458944,698970.598735872,umap
5929.40737625584,19.972657152,170.389458944,698970.598735872,umap
5929.908296609297,19.972657152,170.397835264,698969.470390272,umap
5930.409348024055,19.972657152,170.397835264,698969.470390272,umap
5930.911373903975,19.972657152,170.393755648,698969.470390272,umap
5931.412175055593,19.972657152,170.393755648,698969.470390272,umap
5931.914131581783,19.972657152,170.393755648,698969.470390272,umap
5932.415902964771,19.972657152,170.39376384,698969.470390272,umap
5932.916782351211,19.972657152,170.389291008,698969.470390272,umap
5933.417651154101,19.972657152,170.389291008,698969.470390272,umap
5933.918691407889,19.972657152,170.389291008,698969.671909376,umap
5934.419841589406,19.972657152,170.389291008,698969.671909376,umap
5934.9209338873625,19.972657152,170.38491648,698969.671909376,umap
5935.421783117577,19.972657152,170.38491648,698969.671909376,umap
5935.923425124958,19.972657152,170.39802368,698969.671909376,umap
5936.424544353038,19.972657152,170.398027776,698969.671909376,umap
5936.926550727338,19.972657152,170.3937024,698969.671909376,umap
5937.4274589736015,19.972657152,170.393309184,698969.671909376,umap
5937.92954874225,19.972657152,170.39122432,698969.136898048,umap
5938.432198300958,19.972657152,170.39122432,698969.136898048,umap
5938.933743333444,19.972657152,170.39122432,698969.136898048,umap
5939.435185909271,19.972657152,170.39122432,698969.136898048,umap
5939.937268644571,19.972657152,170.386776064,698968.420794368,umap
5940.439503705129,19.972657152,170.386776064,698968.420794368,umap
5940.940261147916,19.972657152,170.397786112,698968.420794368,umap
5941.442269869149,19.972657152,170.397790208,698968.420794368,umap
5941.94432028383,19.972657152,170.393505792,698968.420794368,umap
5942.445592962205,19.972657152,170.393505792,698968.420794368,umap
5942.946859149262,19.972657152,170.393505792,698968.420794368,umap
5943.448131605983,19.972657152,170.39355904,698968.420794368,umap
5943.950218880549,19.972657152,170.389147648,698969.523900416,umap
5944.452568275854,19.972657152,170.389147648,698969.523900416,umap
5944.954524511471,19.972657152,170.386796544,698969.523900416,umap
5945.456567564979,19.972657152,170.386796544,698969.523900416,umap
5945.958478046581,19.972657152,170.395734016,698969.523900416,umap
5946.46004026942,19.972657152,170.395734016,698969.523900416,umap
5946.9621104598045,19.972657152,170.39142912,698969.523900416,umap
5947.463143708184,19.972657152,170.393526272,698969.523900416,umap
5947.963991492987,19.972657152,170.393526272,698969.346183168,umap
5948.465212542564,19.972657152,170.393526272,698969.346183168,umap
5948.96609486267,19.972657152,170.388987904,698969.346183168,umap
5949.467170540243,19.972657152,170.388987904,698969.346183168,umap
5949.967984475195,19.972657152,170.388987904,698968.822079488,umap
5950.469195697457,19.972657152,170.388987904,698968.822079488,umap
5950.970205821097,19.972657152,170.384556032,698968.822079488,umap
5951.471307154745,19.972657152,170.384556032,698968.822079488,umap
5951.973030304536,19.972657152,170.397720576,698968.822079488,umap
5952.474353630096,19.972657152,170.397720576,698968.822079488,umap
5952.97615544498,19.972657152,170.393554944,698968.822079488,umap
5953.477292450145,19.972657152,170.392768512,698968.822079488,umap
5953.979102369398,19.972657152,170.3913472,698967.010361344,umap
5954.480413449928,19.972657152,170.3913472,698967.010361344,umap
5954.982212305069,19.972657152,170.389123072,698967.010361344,umap
5955.483357831836,19.972657152,170.398035968,698967.010361344,umap
5955.985182285309,19.972657152,170.395705344,698967.010361344,umap
5956.486502043903,19.972657152,170.395705344,698967.010361344,umap
5956.987352645025,19.972657152,170.395705344,698967.010361344,umap
5957.488423818722,19.972657152,170.395705344,698967.010361344,umap
5957.990289105102,19.972657152,170.391289856,698966.433021952,umap
5958.4916191622615,19.972657152,170.391289856,698966.433021952,umap
5958.992577148601,19.972657152,170.391289856,698966.433021952,umap
5959.493700746447,19.972657152,170.391289856,698966.433021952,umap
5959.994801625609,19.972657152,170.386747392,698966.479872,umap
5960.495844492689,19.972657152,170.386747392,698966.479872,umap
5960.996941613033,19.972657152,170.395680768,698966.479872,umap
5961.498090105131,19.972657152,170.395680768,698966.479872,umap
5961.999979000539,19.972657152,170.393460736,698966.479872,umap
5962.50144193694,19.972657152,170.393460736,698966.479872,umap
5963.002958055586,19.972657152,170.391257088,698966.479872,umap
5963.504115758464,19.972657152,170.391257088,698966.479872,umap
5964.005010440946,19.972657152,170.38903296,698966.21797376,umap
5964.505981381983,19.972657152,170.38903296,698966.21797376,umap
5965.006959265098,19.972657152,170.386808832,698966.21797376,umap
5965.508072836325,19.972657152,170.39781888,698966.21797376,umap
5966.009049791843,19.972657152,170.395742208,698966.21797376,umap
5966.510497108102,19.972657152,170.395742208,698966.21797376,umap
5967.011424442753,19.972657152,170.393464832,698966.21797376,umap
5967.5123019479215,19.972657152,170.393464832,698966.21797376,umap
5968.013141384348,19.972657152,170.388979712,698966.071939072,umap
5968.514229012653,19.972657152,170.388979712,698966.071939072,umap
5969.01511586085,19.972657152,170.388914176,698966.071939072,umap
5969.515959132463,19.972657152,170.388914176,698966.071939072,umap
5970.017025709152,19.972657152,170.386690048,698966.1344768,umap
5970.51941736415,19.972657152,170.386690048,698966.1344768,umap
5971.020883591846,19.972657152,170.384310272,698966.1344768,umap
5971.52270963043,19.972657152,170.397417472,698966.1344768,umap
5972.023494800553,19.972657152,170.39540224,698966.1344768,umap
5972.524859432131,19.972657152,170.39540224,698966.1344768,umap
5973.025817004964,19.972657152,170.393399296,698966.1344768,umap
5973.527126694098,19.972657152,170.393399296,698966.1344768,umap
5974.029162045568,19.972657152,170.391134208,698966.085537792,umap
5974.5308394134045,19.972657152,170.391134208,698966.085537792,umap
5975.032728573307,19.972657152,170.388926464,698966.085537792,umap
5975.533667361364,19.972657152,170.388926464,698966.085537792,umap
5976.035642404109,19.972657152,170.386722816,698966.085537792,umap
5976.539503697306,19.972657152,170.396028928,698966.085537792,umap
5977.041457287967,19.972657152,170.39345664,698966.085537792,umap
5977.542404640466,19.972657152,170.39345664,698966.085537792,umap
5978.044384688139,19.972657152,170.39345664,698966.212861952,umap
5978.546438368037,19.972657152,170.393489408,698966.212861952,umap
5979.048147749156,19.972657152,170.391154688,698966.212861952,umap
5979.550209071487,19.972657152,170.391154688,698966.212861952,umap
5980.05153122358,19.972657152,170.388946944,698966.28877312,umap
5980.552629264072,19.972657152,170.386489344,698966.28877312,umap
5981.053699148819,19.972657152,170.397499392,698966.28877312,umap
5981.5547392219305,19.972657152,170.395430912,698966.28877312,umap
5982.055743360892,19.972657152,170.395430912,698966.28877312,umap
5982.557027578354,19.972657152,170.39323136,698966.28877312,umap
5983.059157161042,19.972657152,170.39323136,698966.28877312,umap
5983.560039460659,19.972657152,170.38907392,698966.28877312,umap
5984.062162652612,19.972657152,170.388942848,698964.463521792,umap
5984.563388865441,19.972657152,170.388942848,698964.463521792,umap
5985.06431103684,19.972657152,170.388942848,698964.463521792,umap
5985.565291156992,19.972657152,170.384515072,698964.463521792,umap
5986.067398104817,19.972657152,170.384515072,698964.463521792,umap
5986.571827512234,19.972657152,170.397888512,698964.463521792,umap
5987.07336149551,19.972657152,170.397888512,698964.463521792,umap
5987.574299963191,19.972657152,170.393350144,698964.463521792,umap
5988.076339976862,19.972657152,170.393350144,698964.625231872,umap
5988.577477317303,19.972657152,170.391257088,698964.625231872,umap
5989.078564452007,19.972657152,170.391257088,698964.625231872,umap
5989.579491715878,19.972657152,170.388918272,698964.625231872,umap
5990.081540521234,19.972657152,170.388918272,698964.244697088,umap
5990.582675898448,19.972657152,170.386837504,698964.244697088,umap
5991.084723487496,19.972657152,170.386837504,698964.244697088,umap
5991.585580319166,19.972657152,170.386837504,698964.244697088,umap
5992.086502328515,19.972657152,170.397847552,698964.244697088,umap
5992.587863568217,19.972657152,170.393440256,698964.244697088,umap
5993.088839173317,19.972657152,170.393440256,698964.244697088,umap
5993.589620761573,19.972657152,170.391375872,698964.244697088,umap
5994.090587140992,19.972657152,170.391375872,698964.248387584,umap
5994.59184319526,19.972657152,170.389168128,698964.248387584,umap
5995.092833230272,19.972657152,170.389168128,698964.248387584,umap
5995.5944334659725,19.972657152,170.386960384,698964.248387584,umap
5996.095439277589,19.972657152,170.397970432,698964.248387584,umap
5996.59658100456,19.972657152,170.39589376,698964.248387584,umap
5997.0975859779865,19.972657152,170.39589376,698964.248387584,umap
5997.5984701719135,19.972657152,170.39355904,698964.248387584,umap
5998.099530592561,19.972657152,170.39355904,698964.3042816,umap
5998.6006193403155,19.972657152,170.391351296,698964.3042816,umap
5999.101813733578,19.972657152,170.391351296,698964.3042816,umap
5999.602702548727,19.972657152,170.389147648,698964.3042816,umap
6000.104332944378,19.972657152,170.389147648,698964.635615232,umap
6000.605503616855,19.972657152,170.384736256,698964.635615232,umap
6001.106549041346,19.972657152,170.384736256,698964.635615232,umap
6001.607490232214,19.972657152,170.384769024,698964.635615232,umap
6002.108256755397,19.972657152,170.397876224,698964.635615232,umap
6002.609302908182,19.972657152,170.39372288,698964.635615232,umap
6003.1103732176125,19.972657152,170.39372288,698964.635615232,umap
6003.611316869035,19.972657152,170.393624576,698964.635615232,umap
6004.112380636856,19.972657152,170.393624576,698964.30108672,umap
6004.613578725606,19.972657152,170.389139456,698964.30108672,umap
6005.114643288776,19.972657152,170.387042304,698964.30108672,umap
6005.615569531918,19.972657152,170.386894848,698964.30108672,umap
6006.116455594078,19.972657152,170.386894848,698964.30108672,umap
6006.620318016037,19.972657152,170.398035968,698964.30108672,umap
6007.121413478628,19.972657152,170.397904896,698964.30108672,umap
6007.622504480183,19.972657152,170.393419776,698964.30108672,umap
6008.123770708218,19.972657152,170.393419776,698964.372447232,umap
6008.625061800703,19.972657152,170.39341568,698964.372447232,umap
6009.126028141007,19.972657152,170.39341568,698964.372447232,umap
6009.627057122067,19.972657152,170.388832256,698964.372447232,umap
6010.129107961431,19.972657152,170.388832256,698964.123906048,umap
6010.630492104217,19.972657152,170.388836352,698964.123906048,umap
6011.131593275815,19.972657152,170.397876224,698964.123906048,umap
6011.632637144998,19.972657152,170.393460736,698964.123906048,umap
6012.134468208998,19.972657152,170.393460736,698964.123906048,umap
6012.635499993339,19.972657152,170.391130112,698964.123906048,umap
6013.136405665427,19.972657152,170.391130112,698964.123906048,umap
6013.63751038909,19.972657152,170.388922368,698964.123906048,umap
6014.138596685603,19.972657152,170.388922368,698964.080775168,umap
6014.639995772392,19.972657152,170.3868416,698964.080775168,umap
6015.1421158295125,19.972657152,170.3868416,698964.080775168,umap
6015.6432579010725,19.972657152,170.384642048,698964.080775168,umap
6016.1445598863065,19.972657152,170.397749248,698964.080775168,umap
6016.64559684135,19.972657152,170.395799552,698964.080775168,umap
6017.146582912654,19.972657152,170.395799552,698964.080775168,umap
6017.647630780935,19.972665344,170.395799552,698964.080775168,umap
6018.148509696126,19.972665344,170.39589376,698963.513872384,umap
6018.6500463187695,19.97266944,170.391355392,698963.513872384,umap
6019.15215027146,19.97266944,170.391355392,698963.513872384,umap
6019.653674757108,19.97266944,170.389147648,698963.513872384,umap
6020.154547289014,19.97266944,170.389147648,698963.452137472,umap
6020.6561326012015,19.97266944,170.386939904,698963.452137472,umap
6021.157024420798,19.97266944,170.397949952,698963.452137472,umap
6021.6590342484415,19.97266944,170.395897856,698963.452137472,umap
6022.159920750186,19.97266944,170.395897856,698963.452137472,umap
6022.660897804424,19.97266944,170.393788416,698963.452137472,umap
6023.162465278059,19.97266944,170.393788416,698963.452137472,umap
6023.663334144279,19.97266944,170.391465984,698963.452137472,umap
6024.164653727785,19.97266944,170.391465984,698963.094847488,umap
6024.665911287069,19.97266944,170.389262336,698963.094847488,umap
6025.167983528227,19.97266944,170.389262336,698963.094847488,umap
6025.669439220801,19.97266944,170.387300352,698963.094847488,umap
6026.17159675248,19.97266944,170.387300352,698963.094847488,umap
6026.676051508635,19.97266944,170.393894912,698963.094847488,umap
6027.178130310029,19.97266944,170.394025984,698963.094847488,umap
6027.6801874209195,19.97266944,170.394025984,698963.094847488,umap
6028.181337684393,19.97266944,170.394025984,698962.583687168,umap
6028.682599384338,19.97266944,170.39181824,698962.583687168,umap
6029.183482939377,19.97266944,170.39181824,698962.583687168,umap
6029.68458821252,19.97266944,170.389610496,698962.583687168,umap
6030.1863019652665,19.97266944,170.38948352,698962.551148544,umap
6030.688549399376,19.97266944,170.387144704,698962.551148544,umap
6031.189789164811,19.97266944,170.398154752,698962.551148544,umap
6031.691036297008,19.97266944,170.39374336,698962.551148544,umap
6032.192782489583,19.97266944,170.39374336,698962.551148544,umap
6032.694510336965,19.97266944,170.39374336,698962.551148544,umap
6033.195320479572,19.97266944,170.393747456,698962.551148544,umap
6033.696857871488,19.97266944,170.389213184,698962.551148544,umap
6034.199343549088,19.97266944,170.389213184,698961.511583744,umap
6034.700901117176,19.97266944,170.38927872,698961.511583744,umap
6035.202065739781,19.97266944,170.389282816,698961.511583744,umap
6035.703560074791,19.97266944,170.384871424,698961.511583744,umap
6036.204641152173,19.97266944,170.384871424,698961.511583744,umap
6036.708949169144,19.97266944,170.398240768,698961.511583744,umap
6037.210963927209,19.97266944,170.398240768,698961.511583744,umap
6037.711846480146,19.97266944,170.395897856,698961.511583744,umap
6038.212886581197,19.97266944,170.395897856,698968.848203776,umap
6038.714352192357,19.97266944,170.391625728,698968.848203776,umap
6039.215424105525,19.97266944,170.391494656,698968.848203776,umap
6039.716599369422,19.97266944,170.391494656,698968.848203776,umap
6040.21750511229,19.97266944,170.391494656,698976.508030976,umap
6040.718496175483,19.97266944,170.386956288,698976.508030976,umap
6041.219438845292,19.97266944,170.386956288,698976.508030976,umap
6041.720328358933,19.97266944,170.386956288,698976.508030976,umap
6042.221148731187,19.97266944,170.397966336,698976.508030976,umap
6042.722673296928,19.97266944,170.39368192,698976.508030976,umap
6043.223999105394,19.97266944,170.39368192,698976.508030976,umap
6043.7250927351415,19.97266944,170.39368192,698976.508030976,umap
6044.226514825597,19.97266944,170.39368192,698986.478911488,umap
6044.72809484601,19.97266944,170.389008384,698986.478911488,umap
6045.229488832876,19.97266944,170.389008384,698986.478911488,umap
6045.730762608349,19.97266944,170.38680064,698986.478911488,umap
6046.231788413599,19.97266944,170.38680064,698986.478911488,umap
6046.73589483276,19.97266944,170.39794176,698986.478911488,umap
6047.236762849614,19.97266944,170.39794176,698986.478911488,umap
6047.737786045298,19.97266944,170.393526272,698986.478911488,umap
6048.2387268692255,19.97266944,170.393526272,698986.889822208,umap
6048.740468436852,19.97266944,170.393526272,698986.889822208,umap
6049.241637643427,19.97266944,170.393526272,698986.889822208,umap
6049.742931615561,19.97266944,170.389118976,698986.889822208,umap
6050.244069568813,19.97266944,170.389118976,698987.190530048,umap
6050.745452232659,19.97266944,170.389118976,698987.190530048,umap
6051.246264388785,19.97266944,170.400129024,698987.190530048,umap
6051.747611647472,19.97266944,170.395844608,698987.190530048,umap
6052.248532760888,19.97266944,170.395844608,698987.190530048,umap
6052.750101232901,19.97266944,170.393673728,698987.190530048,umap
6053.252184100449,19.97266944,170.393673728,698987.190530048,umap
6053.7536392677575,19.97266944,170.391465984,698987.190530048,umap
6054.254360159859,19.97266944,170.391543808,698986.814840832,umap
6054.755435593426,19.97266944,170.389209088,698986.814840832,umap
6055.256435148418,19.97266944,170.389209088,698986.814840832,umap
6055.7574826497585,19.97266944,170.389209088,698986.814840832,umap
6056.259214868769,19.97266944,170.389209088,698986.814840832,umap
6056.76403696835,19.97266944,170.398171136,698986.814840832,umap
6057.26580776833,19.97266944,170.398171136,698986.814840832,umap
6057.767071263865,19.97266944,170.398171136,698986.814840832,umap
6058.268081082031,19.97266944,170.398171136,698984.86054912,umap
6058.769818676636,19.97266944,170.393628672,698984.86054912,umap
6059.270953319967,19.97266944,170.393628672,698984.86054912,umap
6059.772776059806,19.97266944,170.391420928,698984.86054912,umap
6060.274060584605,19.97266944,170.391420928,698984.253906944,umap
6060.775939837098,19.97266944,170.389200896,698984.253906944,umap
6061.276871751994,19.97266944,170.398113792,698984.253906944,umap
6061.778616759926,19.97266944,170.395910144,698984.253906944,umap
6062.279440937564,19.97266944,170.395910144,698984.253906944,umap
6062.780968248844,19.97266944,170.3937024,698984.253906944,umap
6063.28268218413,19.97266944,170.3937024,698984.253906944,umap
6063.784321948886,19.97266944,170.39136768,698984.253906944,umap
6064.2854215521365,19.97266944,170.39136768,698984.610463744,umap
6064.786762472242,19.97266944,170.389164032,698984.610463744,umap
6065.288783088326,19.97266944,170.389164032,698984.610463744,umap
6065.7903274558485,19.97266944,170.386956288,698984.610463744,umap
6066.292362011969,19.97266944,170.386956288,698984.610463744,umap
6066.796744661406,19.97266944,170.395889664,698984.610463744,umap
6067.298590254039,19.97266944,170.395889664,698984.610463744,umap
6067.800416018814,19.97266944,170.39368192,698984.610463744,umap
6068.301689140499,19.97266944,170.39368192,698984.886816768,umap
6068.803351288661,19.97266944,170.391461888,698984.886816768,umap
6069.304818112403,19.97266944,170.391461888,698984.886816768,umap
6069.806327709928,19.97266944,170.389250048,698984.886816768,umap
6070.308288812637,19.97266944,170.389250048,698985.031708672,umap
6070.809706967324,19.97266944,170.386972672,698985.031708672,umap
6071.310570383444,19.97266944,170.39798272,698985.031708672,umap
6071.8119344599545,19.97266944,170.395721728,698985.031708672,umap
6072.314153332263,19.97266944,170.395721728,698985.031708672,umap
6072.816387301311,19.97266944,170.3934976,698985.031708672,umap
6073.31804420054,19.97266944,170.3934976,698985.031708672,umap
6073.81953015551,19.97266944,170.391273472,698985.031708672,umap
6074.321083335206,19.97266944,170.391273472,698987.313983488,umap
6074.82282243669,19.97266944,170.389110784,698987.313983488,umap
6075.324073791504,19.97266944,170.389110784,698987.313983488,umap
6075.824928801507,19.97266944,170.386853888,698987.313983488,umap
6076.326505599543,19.97266944,170.386853888,698987.313983488,umap
6076.8315829485655,19.97266944,170.397999104,698987.313983488,umap
6077.333159249276,19.97266944,170.397999104,698987.313983488,umap
6077.834722600877,19.97266944,170.39579136,698987.313983488,umap
6078.335601549596,19.97266944,170.39579136,698988.408266752,umap
6078.8374364394695,19.97266944,170.393554944,698988.408266752,umap
6079.3390390928835,19.97266944,170.393554944,698988.408266752,umap
6079.840587748215,19.97266944,170.391220224,698988.408266752,umap
6080.342201817781,19.97266944,170.391220224,698988.87763968,umap
6080.844396669418,19.97266944,170.386915328,698988.87763968,umap
6081.345994936302,19.97266944,170.386915328,698988.87763968,umap
6081.8475563414395,19.97266944,170.386915328,698988.87763968,umap
6082.351389493793,19.97266944,170.397925376,698988.87763968,umap
6082.8528095930815,19.97266944,170.395848704,698988.87763968,umap
6083.354855010286,19.97266944,170.395848704,698988.87763968,umap
6083.855637980625,19.97266944,170.39364096,698988.889133056,umap
6084.357739927247,19.97266944,170.39364096,698988.889133056,umap
6084.858630299568,19.97266944,170.391433216,698988.889133056,umap
6085.3605920523405,19.97266944,170.391433216,698988.889133056,umap
6085.861486192793,19.97266944,170.389098496,698988.76317696,umap
6086.36270920746,19.97266944,170.389098496,698988.76317696,umap
6086.8636356610805,19.97266944,170.389098496,698988.76317696,umap
6087.36473207362,19.97266944,170.398027776,698988.76317696,umap
6087.865973005071,19.97266944,170.397917184,698988.76317696,umap
6088.36837115325,19.97266944,170.397917184,698988.76317696,umap
6088.869223952293,19.97266944,170.393595904,698988.76317696,umap
6089.370817231014,19.97266944,170.393595904,698988.76317696,umap
6089.872502958402,19.97266944,170.389200896,698988.463484928,umap
6090.374820932746,19.97266944,170.389200896,698988.463484928,umap
6090.875706601888,19.97266944,170.389020672,698988.463484928,umap
6091.37734843418,19.97266944,170.389020672,698988.463484928,umap
6091.878425907344,19.97266944,170.400157696,698988.463484928,umap
6092.380355248228,19.97266944,170.400157696,698988.463484928,umap
6092.881225042045,19.97266944,170.395635712,698988.463484928,umap
6093.383338091895,19.97266944,170.395648,698988.463484928,umap
6093.884586559609,19.97266944,170.393628672,698988.390494208,umap
6094.385847589001,19.97266944,170.393628672,698988.390494208,umap
6094.88664586097,19.97266944,170.3934976,698988.390494208,umap
6095.387520939112,19.97266944,170.389229568,698988.390494208,umap
6095.888382963836,19.97266944,170.389356544,698988.390494208,umap
6096.389378592372,19.97266944,170.400493568,698988.390494208,umap
6096.890912756324,19.97266944,170.39386624,698988.390494208,umap
6097.3917328920215,19.97266944,170.395963392,698988.390494208,umap
6097.892882071435,19.97266944,170.395836416,698988.390494208,umap
6098.3940083850175,19.97266944,170.395836416,698988.390494208,umap
6098.8957676608115,19.97266944,170.39140864,698988.390494208,umap
6099.397068925202,19.97266944,170.39140864,698988.390494208,umap
6099.898910652846,19.97266944,170.390581248,698987.964100608,umap
6100.400016643107,19.97266944,170.389270528,698987.964100608,umap
6100.9012162368745,19.97266944,170.389270528,698987.964100608,umap
6101.402078328654,19.97266944,170.400280576,698987.964100608,umap
6101.903737097979,19.97266944,170.399100928,698987.964100608,umap
6102.404896426946,19.97266944,170.39601664,698987.964100608,umap
6102.906551532447,19.97266944,170.39601664,698987.964100608,umap
6103.407407879829,19.97266944,170.395492352,698987.964100608,umap
6103.908280424774,19.97266944,170.39171584,698987.718139904,umap
6104.40940134041,19.97266944,170.39171584,698987.718139904,umap
6104.910228798166,19.97266944,170.391457792,698987.718139904,umap
6105.411170525476,19.97266944,170.391457792,698987.718139904,umap
6105.912859661505,19.97266944,170.386997248,698987.718139904,umap
6106.414119860157,19.97266944,170.386997248,698987.718139904,umap
6106.91606531851,19.97266944,170.398179328,698987.718139904,umap
6107.417383017018,19.97266944,170.398179328,698987.718139904,umap
6107.918363718316,19.97266944,170.393624576,698987.718139904,umap
6108.419445572421,19.97266944,170.393493504,698987.718139904,umap
6108.921122936532,19.97266944,170.391416832,698987.718139904,umap
6109.422096375376,19.97266944,170.391416832,698987.718139904,umap
6109.923523381352,19.97266944,170.391416832,698987.310645248,umap
6110.424694925547,19.97266944,170.38931968,698987.310645248,umap
6110.925701696426,19.97266944,170.38698496,698987.310645248,umap
6111.4266631845385,19.97266944,170.38698496,698987.310645248,umap
6111.927534230053,19.97266944,170.398121984,698987.310645248,umap
6112.428567474708,19.97266944,170.398121984,698987.310645248,umap
6112.929593516514,19.97266944,170.393747456,698987.310645248,umap
6113.430549124256,19.97266944,170.393747456,698987.310645248,umap
6113.931425597519,19.97266944,170.393747456,698987.299999744,umap
6114.432532705367,19.97266944,170.393747456,698987.299999744,umap
6114.933553772047,19.97266944,170.389241856,698987.299999744,umap
6115.434747764841,19.97266944,170.389241856,698987.299999744,umap
6115.935598446056,19.97266944,170.38716928,698987.299999744,umap
6116.436746092513,19.97266944,170.398048256,698987.299999744,umap
6116.938508914784,19.97266944,170.395971584,698987.299999744,umap
6117.439599080011,19.97266944,170.396000256,698987.299999744,umap
6117.941392010078,19.97266944,170.393776128,698987.299999744,umap
6118.4428818728775,19.97266944,170.393776128,698987.299999744,umap
6118.944908026606,19.97266944,170.393776128,698987.299999744,umap
6119.4459861554205,19.97266944,170.393776128,698987.299999744,umap
6119.947827812284,19.97266944,170.389364736,698986.967199744,umap
6120.449365252629,19.97266944,170.389364736,698986.967199744,umap
6120.950300656259,19.97266944,170.389364736,698986.967199744,umap
6121.451536357403,19.97266944,170.389377024,698986.967199744,umap
6121.952543107793,19.97266944,170.384932864,698986.967199744,umap
6122.456936037168,19.97266944,170.398040064,698986.967199744,umap
6122.9577637165785,19.97266944,170.398302208,698986.967199744,umap
6123.458726909012,19.97266944,170.398302208,698986.967199744,umap
6123.959513602778,19.97266944,170.393759744,698986.462232576,umap
6124.4606197960675,19.97266944,170.393780224,698986.462232576,umap
6124.96242717281,19.97266944,170.391576576,698986.462232576,umap
6125.46379141137,19.97266944,170.391576576,698986.462232576,umap
6125.965837918222,19.97266944,170.389368832,698986.462232576,umap
6126.467581253499,19.97266944,170.389495808,698986.462232576,umap
6126.968800453469,19.97266944,170.387288064,698986.462232576,umap
6127.469929536805,19.97266944,170.387288064,698986.462232576,umap
6127.971695557237,19.97266944,170.398298112,698986.462232576,umap
6128.472790835425,19.97266944,170.398298112,698986.462232576,umap
6128.974692320451,19.97266944,170.39388672,698986.462232576,umap
6129.476718336344,19.97266944,170.39388672,698986.462232576,umap
6129.9777921084315,19.97266944,170.39388672,698986.871967744,umap
6130.480031277984,19.97266944,170.39388672,698986.871967744,umap
6130.981994733214,19.97266944,170.389475328,698986.871967744,umap
6131.484103340656,19.97266944,170.389475328,698986.871967744,umap
6131.985668545589,19.97266944,170.398388224,698986.871967744,umap
6132.486825084314,19.97266944,170.398388224,698986.871967744,umap
6132.987849326804,19.97266944,170.393960448,698986.871967744,umap
6133.488736690953,19.97266944,170.393960448,698986.871967744,umap
6133.990653874353,19.97266944,170.391625728,698986.608013312,umap
6134.492210024968,19.97266944,170.391625728,698986.608013312,umap
6134.994306048378,19.97266944,170.389417984,698986.608013312,umap
6135.495696730912,19.97266944,170.389417984,698986.608013312,umap
6135.997336735949,19.97266944,170.38721024,698986.608013312,umap
6136.498352153227,19.97266944,170.398220288,698986.608013312,umap
6137.000361820683,19.97266944,170.396147712,698986.608013312,umap
6137.50128156133,19.97266944,170.396147712,698986.608013312,umap
6138.0021926648915,19.97266944,170.393939968,698986.608013312,umap
6138.504462169483,19.97266944,170.394013696,698986.608013312,umap
6139.005332376808,19.97266944,170.394013696,698986.608013312,umap
6139.506308820099,19.97266944,170.393751552,698986.608013312,umap
6140.007347077131,19.97266944,170.38958592,698986.531917824,umap
6140.508405122906,19.97266944,170.38958592,698986.531917824,umap
6141.010161636397,19.97266944,170.38958592,698986.531917824,umap
6141.511346116662,19.97266944,170.38958592,698986.531917824,umap
6142.013330629095,19.97266944,170.384969728,698986.531917824,umap
6142.517901754007,19.97266944,170.396635136,698986.531917824,umap
6143.018824132159,19.97266944,170.395987968,698986.531917824,umap
6143.519693616778,19.97266944,170.395987968,698986.531917824,umap
6144.021729756147,19.97266944,170.393780224,698986.681909248,umap
6144.524320926517,19.97266944,170.397974528,698986.681909248,umap
6145.0263443775475,19.97266944,170.396033024,698986.681909248,umap
6145.5276324003935,19.97266944,170.396033024,698986.681909248,umap
6146.028606513515,19.97266944,170.396033024,698986.681909248,umap
6146.530337668955,19.97266944,170.396033024,698986.681909248,umap
6147.0324775241315,19.97266944,170.391404544,698986.681909248,umap
6147.533696221188,19.97266944,170.39140864,698986.681909248,umap
6148.035033931956,19.97266944,170.39140864,698986.684248064,umap
6148.536417724565,19.97266944,170.391277568,698986.684248064,umap
6149.037483161315,19.97266944,170.386976768,698986.684248064,umap
6149.538713326678,19.97266944,170.386976768,698986.684248064,umap
6150.039587069303,19.97266944,170.397986816,698986.7416576,umap
6150.54079314135,19.97266944,170.397986816,698986.7416576,umap
6151.041661312804,19.97266944,170.393575424,698986.7416576,umap
6151.5428219251335,19.97266944,170.391740416,698986.7416576,umap
6152.043688803911,19.97266944,170.391355392,698986.7416576,umap
6152.544831885025,19.97266944,170.391355392,698986.7416576,umap
6153.045707236975,19.97266944,170.389131264,698986.7416576,umap
6153.546532480046,19.97266944,170.389131264,698986.7416576,umap
6154.047431664541,19.97266944,170.38692352,698986.290532352,umap
6154.5511075221,19.97266944,170.39806464,698986.290532352,umap
6155.051950128749,19.97266944,170.39806464,698986.290532352,umap
6155.552791612223,19.97266944,170.393509888,698986.290532352,umap
6156.053664080799,19.97266944,170.393509888,698986.290532352,umap
6156.554735407233,19.97266944,170.39351808,698986.290532352,umap
6157.055545799434,19.97266944,170.39351808,698986.290532352,umap
6157.556383907795,19.97266944,170.389241856,698986.290532352,umap
6158.05731747672,19.97266944,170.389110784,698986.22824448,umap
6158.558411499485,19.97266944,170.389110784,698986.22824448,umap
6159.059361619875,19.97266944,170.389110784,698986.22824448,umap
6159.560202324763,19.97266944,170.395676672,698986.22824448,umap
6160.061149166897,19.97266944,170.395676672,698986.051489792,umap
6160.562284488231,19.97266944,170.395676672,698986.051489792,umap
6161.063204279169,19.97266944,170.395676672,698986.051489792,umap
6161.564111540094,19.97266944,170.391252992,698986.051489792,umap
6162.065079577267,19.97266944,170.391252992,698986.051489792,umap
6162.566188041121,19.97266944,170.389028864,698986.051489792,umap
6163.067146915942,19.97266944,170.389028864,698986.051489792,umap
6163.568088836968,19.97266944,170.389037056,698986.051489792,umap
6164.06905664131,19.97266944,170.389037056,698985.928429568,umap
6164.570282071829,19.97266944,170.3957504,698985.928429568,umap
6165.071300372481,19.97266944,170.3957504,698985.928429568,umap
6165.572220563889,19.97266944,170.395918336,698985.928429568,umap
6166.073324847966,19.97266944,170.395918336,698985.928429568,umap
6166.574788436294,19.97266944,170.391502848,698985.928429568,umap
6167.075772330165,19.97266944,170.391502848,698985.928429568,umap
6167.576674222946,19.97266944,170.391502848,698985.928429568,umap
6168.077640514821,19.97266944,170.391502848,698985.90507008,umap
6168.578784365207,19.97266944,170.386927616,698985.90507008,umap
6169.07974348776,19.97266944,170.386927616,698985.90507008,umap
6169.580663705245,19.97266944,170.386927616,698985.90507008,umap
6170.081637218595,19.97266944,170.397937664,698985.77082368,umap
6170.582869688049,19.97266944,170.393530368,698985.77082368,umap
6171.083832653239,19.97266944,170.393530368,698985.77082368,umap
6171.584638925269,19.97266944,170.391453696,698985.77082368,umap
6172.085613772273,19.97266944,170.391453696,698985.77082368,umap
6172.586685108021,19.97266944,170.391453696,698985.77082368,umap
6173.0877046678215,19.97266944,170.391453696,698985.77082368,umap
6173.588592495769,19.97266944,170.387079168,698985.77082368,umap
6174.089553717524,19.97266944,170.387079168,698985.440817152,umap
6174.590922186151,19.97266944,170.387079168,698985.440817152,umap
6175.092096887529,19.97266944,170.398089216,698985.440817152,umap
6175.592998072505,19.97266944,170.39362048,698985.440817152,umap
6176.094017371535,19.97266944,170.39362048,698985.440817152,umap
6176.595124274492,19.97266944,170.39362048,698985.440817152,umap
6177.096164327115,19.97266944,170.39362048,698985.440817152,umap
6177.5970809254795,19.97266944,170.3891968,698985.440817152,umap
6178.098095472902,19.97266944,170.3891968,698985.014198272,umap
6178.599318340421,19.97266944,170.389270528,698985.014198272,umap
6179.100348562002,19.97266944,170.389270528,698985.014198272,umap
6179.601228112355,19.97266944,170.384699392,698985.014198272,umap
6180.102134365588,19.97266944,170.384699392,698983.972540416,umap
6180.606694165617,19.97266944,170.395844608,698983.972540416,umap
6181.107578104362,19.97266944,170.395844608,698983.972540416,umap
6181.608772976324,19.97266944,170.395844608,698983.972540416,umap
6182.111010581255,19.97266944,170.395844608,698983.972540416,umap
6182.612379604951,19.97266944,170.391191552,698983.972540416,umap
6183.113591060042,19.97266944,170.391191552,698983.972540416,umap
6183.6146010011435,19.97266944,170.391191552,698983.972540416,umap
6184.115496145561,19.97266944,170.391191552,698984.58802176,umap
6184.616646647453,19.97266944,170.386747392,698984.58802176,umap
6185.118274845183,19.97266944,170.386747392,698984.58802176,umap
6185.619291717187,19.97266944,170.386747392,698984.58802176,umap
6186.119956413284,19.97266944,170.39775744,698984.58802176,umap
6186.620735317469,19.97266944,170.393427968,698984.58802176,umap
6187.122061640024,19.97266944,170.393427968,698984.58802176,umap
6187.624121109024,19.97266944,170.393427968,698984.58802176,umap
6188.126011960208,19.97266944,170.397622272,698984.571129856,umap
6188.627130640671,19.97266944,170.393341952,698984.571129856,umap
6189.129178147763,19.97266944,170.393341952,698984.571129856,umap
6189.630091637373,19.97266944,170.393341952,698984.571129856,umap
6190.132499117404,19.97266944,170.393341952,698984.78700544,umap
6190.635603632778,19.97266944,170.397822976,698984.78700544,umap
6191.137539580464,19.97266944,170.397822976,698984.78700544,umap
6191.63881159015,19.97266944,170.39333376,698984.78700544,umap
6192.1408509183675,19.97266944,170.393317376,698984.78700544,umap
6192.642041308805,19.97266944,170.393317376,698984.78700544,umap
6193.14309672825,19.97266944,170.393317376,698984.78700544,umap
6193.644123276696,19.97266944,170.38866432,698984.78700544,umap
6194.145298264921,19.97266944,170.38866432,698984.31213568,umap
6194.646537050605,19.97266944,170.388676608,698984.31213568,umap
6195.147396825254,19.97266944,170.397589504,698984.31213568,umap
6195.648420508951,19.97266944,170.393051136,698984.31213568,umap
6196.149448493496,19.97266944,170.393051136,698984.31213568,umap
6196.65114942193,19.97266944,170.393116672,698984.31213568,umap
6197.152705185115,19.97266944,170.393116672,698984.31213568,umap
6197.653683643788,19.97266944,170.388832256,698984.31213568,umap
6198.154920306057,19.97266944,170.388832256,698984.208920576,umap
6198.657506592572,19.97266944,170.388832256,698984.208920576,umap
6199.159479919821,19.97266944,170.388832256,698984.208920576,umap
6199.661539791152,19.97266944,170.386685952,698984.208920576,umap
6200.163348292932,19.97266944,170.397564928,698983.627083776,umap
6200.664705764502,19.97266944,170.393370624,698983.627083776,umap
6201.166729995981,19.97266944,170.393370624,698983.627083776,umap
6201.668744251132,19.97266944,170.393370624,698983.627083776,umap
6202.169810492545,19.97266944,170.3933952,698983.627083776,umap
6202.671273659915,19.97266944,170.388934656,698983.627083776,umap
6203.172685245052,19.97266944,170.388934656,698983.627083776,umap
6203.673941766843,19.97266944,170.388934656,698983.627083776,umap
6204.17478803359,19.97266944,170.388934656,698983.46401792,umap
6204.675848552957,19.97266944,170.384379904,698983.46401792,umap
6205.177203292027,19.97266944,170.384379904,698983.46401792,umap
6205.679411416873,19.97266944,170.384379904,698983.46401792,umap
6206.180344097316,19.97266944,170.397487104,698983.46401792,umap
6206.68183292076,19.97266944,170.393317376,698983.46401792,umap
6207.182872636244,19.97266944,170.393317376,698983.46401792,umap
6207.683708300814,19.97266944,170.393317376,698983.46401792,umap
6208.184562796727,19.97266944,170.393325568,698983.445213184,umap
6208.6856132838875,19.97266944,170.388893696,698983.445213184,umap
6209.186695732176,19.97266944,170.390990848,698983.445213184,umap
6209.687530728057,19.97266944,170.388783104,698983.445213184,umap
6210.189605137333,19.97266944,170.388783104,698983.376371712,umap
6210.691917208955,19.97266944,170.386583552,698983.376371712,umap
6211.193491075188,19.97266944,170.3975936,698983.376371712,umap
6211.695117464289,19.97266944,170.393440256,698983.376371712,umap
6212.197396919131,19.97266944,170.393448448,698983.376371712,umap
6212.699082557112,19.97266944,170.393321472,698983.376371712,umap
6213.19998864457,19.97266944,170.393321472,698983.376371712,umap
6213.70156490244,19.97266944,170.388922368,698983.376371712,umap
6214.203634580597,19.97266944,170.388922368,698985.041723392,umap
6214.704966444522,19.97266944,170.388922368,698985.041723392,umap
6215.205853508785,19.97266944,170.388922368,698985.041723392,umap
6215.707256730646,19.97266944,170.395521024,698985.041723392,umap
6216.209313580766,19.97266944,170.395521024,698985.041723392,umap
6216.711033444852,19.97266944,170.395521024,698985.041723392,umap
6217.21231591329,19.97266944,170.395521024,698985.041723392,umap
6217.713175270706,19.97266944,170.393321472,698985.041723392,umap
6218.21520566009,19.97266944,170.393321472,698985.117990912,umap
6218.717495512217,19.97266944,170.391117824,698985.117990912,umap
6219.218404421583,19.97266944,170.391117824,698985.117990912,umap
6219.719575129449,19.97266944,170.38891008,698985.117990912,umap
6220.220566481352,19.97266944,170.38891008,698986.358099968,umap
6220.721657080576,19.97266944,170.397712384,698986.358099968,umap
6221.223676377907,19.97266944,170.397712384,698986.358099968,umap
6221.725649168715,19.97266944,170.395635712,698986.358099968,umap
6222.226478284225,19.97266944,170.395635712,698986.358099968,umap
6222.582826750353,10.527305728,179.674791936,698986.358099968,umap
6222.584164043888,10.527305728,179.674791936,698986.358099968,figures
6222.7834739442915,10.5276416,179.676217344,698986.358099968,figures
6223.284098241478,10.528124928,179.673575424,698986.358099968,figures
6224.569787476212,10.5284608,179.670069248,698985.793789952,figures
6225.070491433144,10.528669696,179.668832256,698985.793789952,figures
6225.57393293269,10.528718848,179.681243136,698985.793789952,figures
6226.110630346462,10.529001472,179.680538624,698985.793789952,figures
6226.672562200576,11.20108544,179.00578816,698985.793789952,figures
6227.17371834442,11.238694912,178.968363008,698985.793789952,figures
6227.674457415938,11.279265792,178.923257856,698985.793789952,figures
6228.264176661149,11.241132032,178.963214336,698985.793789952,figures
6228.765143152326,11.440099328,178.762293248,698985.793789952,figures
6229.266722548753,11.59593984,178.606215168,698985.793789952,figures
6229.772816885263,11.41909504,178.780217344,698985.793789952,figures
6230.441757256165,11.420106752,178.7800576,698984.04333568,figures
6231.330584391952,10.53382656,179.676581888,698984.04333568,figures
6231.83178983815,10.921152512,179.415658496,698984.04333568,figures
6232.333325644955,11.065372672,179.319762944,698984.04333568,figures
6232.834827428684,11.065372672,179.31761664,698984.04333568,figures
6233.336179964244,11.065372672,179.317948416,698984.04333568,figures
6233.837193388492,11.323387904,179.056185344,698984.04333568,figures
6234.338834524155,11.33109248,179.048431616,698983.715356672,figures
6234.839949743822,11.429679104,178.94852608,698983.715356672,figures
6235.340667096898,11.27460864,179.105132544,698983.715356672,figures
6235.842215180397,11.429752832,178.959855616,698983.715356672,figures
6236.343223640695,12.138115072,178.250264576,698983.715356672,figures
6236.84480269067,11.987243008,178.402361344,698983.715356672,figures
6237.346004895866,11.663351808,178.721460224,698983.715356672,figures
6237.848229940981,11.663351808,178.721460224,698983.715356672,figures
6238.350401440635,11.736158208,178.648682496,698983.715356672,figures
6238.851318787783,11.840667648,178.539962368,698983.715356672,figures
6239.35269453004,11.486461952,178.89425408,698983.715356672,figures
6239.853925082833,11.515449344,178.86257152,698983.977152512,figures
6240.455213133246,11.338366976,179.038879744,698983.977152512,figures
6241.047492325306,11.515584512,178.871996416,698983.977152512,figures
6241.548558035865,11.515584512,178.87186944,698983.977152512,figures
6242.049284309149,11.33850624,179.046342656,698983.977152512,figures
6242.550745816901,11.33850624,179.044507648,698983.977152512,figures
6243.051403963938,11.33850624,179.044511744,698983.977152512,figures
6243.552607124671,11.5154944,178.86601216,698983.977152512,figures
6244.245654646307,11.692711936,178.68699648,698984.425672704,figures
6244.746963456273,11.736977408,178.643955712,698984.425672704,figures
6245.247838867828,11.889127424,178.49131008,698984.425672704,figures
6245.749012283981,12.5780992,177.796841472,698984.425672704,figures
6246.265886615962,12.496683008,177.878130688,698984.425672704,figures
6246.769660746679,12.142333952,178.242113536,698984.425672704,figures
6247.271077411249,12.142333952,178.242113536,698984.425672704,figures
6247.772434933111,12.244013056,178.138210304,698984.425672704,figures
6248.273186951876,12.319645696,178.062712832,698984.41424896,figures
6248.784865528345,11.96544,178.414657536,698984.41424896,figures
6249.285858638585,11.96544,178.414292992,698984.41424896,figures
6249.787228912115,11.257417728,179.12262656,698984.41424896,figures
6250.288433413953,11.612082176,178.767413248,698984.677965824,figures
6250.789533440024,11.434995712,178.941313024,698984.677965824,figures
6251.2905084602535,11.434995712,178.941100032,698984.677965824,figures
6251.791408998892,11.639693312,178.745851904,698984.677965824,figures
6252.140316724777,10.9028352,179.483705344,698984.677965824,figures
6252.238065760583,10.9028352,179.483451392,698984.677965824,export
6252.305436059833,10.902859776,179.483451392,698984.677965824,export
6252.80659916997,10.903179264,179.481726976,698984.677965824,export
6253.3125072568655,10.90322432,179.481726976,698984.677965824,export
6253.819733144715,10.90322432,179.482443776,698984.677965824,export
6254.320984819904,10.90322432,179.482443776,698984.630996992,export
6254.822109034285,10.903228416,179.477794816,698984.630996992,export
6255.323490353301,10.903228416,179.477458944,698984.630996992,export
6255.8251717202365,10.903228416,179.475443712,698984.630996992,export
6256.326916785911,10.903228416,179.475443712,698984.630996992,export
6256.831909777597,10.903228416,179.486531584,698984.630996992,export
6257.333951596171,10.903228416,179.486531584,698984.630996992,export
6257.835295364261,10.903228416,179.48381184,698984.630996992,export
6258.3406034540385,10.903228416,179.483938816,698984.630480896,export
6258.857220852748,10.810867712,179.57371904,698984.630480896,export
6259.359109025449,10.810867712,179.573846016,698984.630480896,export
6259.860459279269,10.810867712,179.571634176,698984.755965952,export
6260.362326396629,10.810867712,179.571634176,698984.755965952,export
6260.8630201891065,10.810867712,179.569434624,698984.755965952,export
6261.363742304966,10.810867712,179.57834752,698984.755965952,export
6261.865012343973,10.810867712,179.576250368,698984.755965952,export
6262.3665234819055,10.810867712,179.576250368,698984.755965952,export
6262.867667073384,10.810867712,179.576385536,698984.755965952,export
6263.369073018432,10.810867712,179.576070144,698984.755965952,export
6263.870406895876,10.810867712,179.571535872,698984.573014016,export
6264.372072637081,10.810867712,179.571535872,698984.573014016,export
6264.881748307496,10.810867712,179.571683328,698984.573014016,export
6265.389147711918,10.810867712,179.57124096,698984.573014016,export
6265.891599141061,10.810867712,179.566538752,698984.573014016,export
6266.402645461261,10.810867712,179.566538752,698984.573014016,export
6266.904014112428,10.810867712,179.575808,698984.573014016,export
6267.406051196158,10.810867712,179.575365632,698984.573014016,export
6267.908263780177,10.810867712,179.572912128,698984.573014016,export
6268.409101424739,10.810867712,179.572912128,698984.573014016,export
6268.910527095199,10.810867712,179.570688,698984.573014016,export
6269.411323592067,10.810867712,179.570245632,698984.573014016,export
6269.912462128326,10.810867712,179.568070656,698984.343293952,export
6270.41420811601,10.810867712,179.568070656,698984.343293952,export
6270.916045209393,10.810867712,179.5657728,698984.343293952,export
6271.417943792418,10.810867712,179.5657728,698984.343293952,export
6271.92809282802,10.810867712,179.574226944,698984.343293952,export
6272.4294987767935,10.810867712,179.574099968,698984.343293952,export
6272.931307498366,10.810867712,179.571892224,698984.343293952,export
6273.433622349054,10.810867712,179.571892224,698984.343293952,export
6273.944222513586,10.810867712,179.571449856,698982.426042368,export
6274.446193028241,10.810867712,179.571331072,698982.426042368,export
6274.948910925537,10.810867712,179.566829568,698982.426042368,export
6275.450883017853,10.810867712,179.566829568,698982.426042368,export
6275.951536033303,10.810867712,179.566829568,698982.426042368,export
6276.4532598517835,10.810867712,179.5662848,698982.426042368,export
6276.955045051873,10.810867712,179.561607168,698982.426042368,export
6277.4566272404045,10.810867712,179.573927936,698982.426042368,export
6277.9584139846265,10.810867712,179.57292032,698982.426042368,export
6278.461458705366,10.810867712,179.57238784,698982.426042368,export
6278.963120780885,10.810867712,179.57009408,698982.426042368,export
6279.467565244064,10.810867712,179.574153216,698982.426042368,export
6279.97956751287,10.810867712,179.572453376,698983.001325568,export
6280.480769772083,10.810867712,179.572453376,698983.001325568,export
6280.986052388325,10.810867712,179.569770496,698983.001325568,export
6281.515835864469,10.826743808,179.553189888,698983.001325568,export
6282.028380420059,10.88274432,179.495337984,698983.001325568,export
6282.52958997339,10.88274432,179.495337984,698983.001325568,export
6283.030269075185,10.88274432,179.493134336,698983.001325568,export
6283.53201414831,10.88274432,179.493134336,698983.001325568,export
6284.034439986572,10.88274432,179.490779136,698982.766342144,export
6284.535694248974,10.88274432,179.490336768,698982.766342144,export
6285.036846516654,10.88274432,179.5012608,698982.766342144,export
6285.539426878095,10.88274432,179.5012608,698982.766342144,export
6286.042205257341,10.88274432,179.4970624,698982.766342144,export
6286.54422410205,10.88274432,179.4970624,698982.766342144,export
6287.045275934041,10.88274432,179.496587264,698982.766342144,export
6287.547404572368,10.88274432,179.496587264,698982.766342144,export
6288.050057476386,10.88274432,179.492155392,698982.766342144,export
6288.551853831857,10.88274432,179.489931264,698982.766342144,export
6289.052526289597,10.88274432,179.489931264,698982.766342144,export
6289.55395177193,10.88274432,179.48758016,698982.766342144,export
6290.055283293128,10.88274432,179.487137792,698982.420160512,export
6290.560085522011,10.88274432,179.49820928,698982.420160512,export
6291.061898097396,10.88274432,179.49820928,698982.420160512,export
6291.566195640713,10.88274432,179.495936,698982.420160512,export
6292.067997964099,10.88274432,179.495936,698982.420160512,export
6292.569073181599,10.88274432,179.49323264,698982.420160512,export
6293.070941831917,10.88274432,179.49323264,698982.420160512,export
6293.57195802778,10.88274432,179.49116416,698982.420160512,export
6294.072896609083,10.88274432,179.49116416,698982.117400576,export
6294.574208976701,10.88274432,179.488956416,698982.117400576,export
6295.07486689277,10.88274432,179.4885632,698982.117400576,export
6295.592394135892,10.88274432,179.497623552,698982.117400576,export
6296.094138735905,10.88274432,179.497734144,698982.117400576,export
6296.596025779843,10.88274432,179.495272448,698982.117400576,export
6297.111913071945,10.88274432,179.495272448,698982.117400576,export
6297.6124528720975,10.88274432,179.49472768,698982.117400576,export
6298.123169625178,10.88274432,179.49472768,698982.117400576,export
6298.633069559932,10.88274432,179.490312192,698982.117400576,export
6299.135656964034,10.88274432,179.490312192,698982.117400576,export
6299.648525556549,10.88274432,179.497017344,698982.117400576,export
6300.155461512506,10.88274432,179.496624128,698980.192493568,export
6300.656447224319,10.88274432,179.496624128,698980.192493568,export
6301.163866773248,10.88274432,179.496624128,698980.192493568,export
6301.665569452569,10.88274432,179.492216832,698980.192493568,export
6302.167037745938,10.88274432,179.491774464,698980.192493568,export
6302.66783663258,10.88274432,179.489419264,698980.192493568,export
6303.16941735521,10.88274432,179.489419264,698980.192493568,export
6303.670683711767,10.88274432,179.487199232,698980.192493568,export
6304.171864265576,10.88274432,179.487199232,698981.137379328,export
6304.674978401512,10.88274432,179.486756864,698981.137379328,export
6305.185982463881,10.88274432,179.499864064,698981.137379328,export
6305.688211563975,10.88274432,179.495571456,698981.137379328,export
6306.190773461014,10.88274432,179.495571456,698981.137379328,export
6306.6919373925775,10.88274432,179.494678528,698981.137379328,export
6307.193578066304,10.88274432,179.494219776,698981.137379328,export
6307.69502633065,10.88274432,179.490471936,698981.137379328,export
6308.196789484471,10.88274432,179.490471936,698981.137379328,export
6308.6975845731795,10.88274432,179.490471936,698981.137379328,export
6309.199360879138,10.88274432,179.490013184,698981.137379328,export
6309.701666932553,10.88274432,179.490013184,698981.137379328,export
6310.204014424235,10.88274432,179.490013184,698981.544349696,export
6310.707615451887,10.88274432,179.496665088,698981.544349696,export
6311.218800809234,10.88274432,179.496665088,698981.544349696,export
6311.720292041078,10.88274432,179.492073472,698981.544349696,export
6312.222035557032,10.88274432,179.492073472,698981.544349696,export
6312.734032597393,10.88274432,179.489406976,698981.544349696,export
6313.235523523763,10.882752512,179.489247232,698981.544349696,export
6313.738225456327,10.882752512,179.487072256,698981.544349696,export
6314.239259902388,10.882752512,179.487072256,698981.48759552,export
6314.741440657526,10.882752512,179.484848128,698981.48759552,export
6315.243252465501,10.882752512,179.492712448,698981.48759552,export
6315.74497676827,10.882752512,179.495858176,698981.48759552,export
6316.247320672497,10.882752512,179.491565568,698981.48759552,export
6316.7578852549195,10.882752512,179.491565568,698981.48759552,export
6317.26448710449,10.882752512,179.491565568,698981.48759552,export
6317.765279524028,10.882752512,179.486400512,698981.48759552,export
6318.267059830949,10.882752512,179.486400512,698981.48759552,export
6318.769150985405,10.882752512,179.485863936,698981.48759552,export
6319.270510405302,10.882752512,179.485863936,698981.48759552,export
6319.775131393224,10.882752512,179.482615808,698981.48759552,export
6320.2769346330315,10.882752512,179.482615808,698981.646639104,export
6320.781493254006,10.882752512,179.495591936,698981.646639104,export
6321.282462472096,10.882752512,179.495133184,698981.646639104,export
6321.784933239222,10.882752512,179.492302848,698981.646639104,export
6322.286204287782,10.882752512,179.492302848,698981.646639104,export
6322.788282517344,10.882752512,179.4900992,698981.646639104,export
6323.289272945374,10.882752512,179.4900992,698981.646639104,export
6323.791814120486,10.882752512,179.488006144,698981.646639104,export
6324.293057072908,10.882752512,179.487563776,698978.479263744,export
6324.794988691807,10.882752512,179.48532736,698978.479263744,export
6325.29622332938,10.882752512,179.493584896,698978.479263744,export
6325.798070115969,10.882752512,179.493584896,698978.479263744,export
6326.299744972959,10.882752512,179.49044736,698978.479263744,export
6326.801095025614,10.882752512,179.490316288,698978.479263744,export
6327.306526869535,10.882752512,179.489439744,698978.479263744,export
6327.820415943861,10.882752512,179.486892032,698978.479263744,export
6328.32114995271,10.882752512,179.486793728,698978.926829568,export
6328.822374811396,10.882752512,179.484626944,698978.926829568,export
6329.323469942436,10.882752512,179.484626944,698978.926829568,export
6329.838119752705,10.882752512,179.481792512,698978.926829568,export
6330.339484296739,10.882752512,179.481919488,698980.221820928,export
6330.843763686717,10.882752512,179.488935936,698980.221820928,export
6331.344459608197,10.882752512,179.488935936,698980.221820928,export
6331.846459977329,10.882752512,179.4888704,698980.221820928,export
6332.347006376833,10.882752512,179.488428032,698980.221820928,export
6332.848785381764,10.882752512,179.487752192,698980.221820928,export
6333.3494469393045,10.882752512,179.487752192,698980.221820928,export
6333.850113809109,10.882752512,179.4839552,698979.816415232,export
6334.3529220968485,10.882752512,179.492868096,698979.816415232,export
6334.853613847867,10.882752512,179.490156544,698979.816415232,export
6335.361533485353,10.882752512,179.490156544,698979.816415232,export
6335.862837079912,10.882752512,179.490156544,698979.823386624,export
6336.3646585159,10.882752512,179.490156544,698979.823386624,export
6336.86620115675,10.882752512,179.488088064,698979.823386624,export
6337.367585804313,10.882752512,179.485827072,698979.823386624,export
6337.869354462251,10.882752512,179.48526592,698979.823386624,export
6338.373105620965,10.882752512,179.48526592,698979.823386624,export
6338.886782368645,10.882752512,179.48059648,698979.823386624,export
6339.387439297512,10.882752512,179.491606528,698979.823386624,export
6339.890758924186,10.882752512,179.489533952,698980.01573888,export
6340.400201397017,10.882752512,179.489091584,698980.01573888,export
6340.913994841278,10.882752512,179.489091584,698980.01573888,export
6341.418379954994,10.882752512,179.486777344,698980.01573888,export
6341.940794177353,10.882752512,179.48690432,698980.01573888,export
6342.442744296044,10.882752512,179.486511104,698980.01573888,export
6342.945514600724,10.89951744,179.467276288,698980.01573888,export
6343.4464651457965,10.89951744,179.467276288,698980.01573888,export
6343.947606349364,10.89951744,179.46484736,698980.052344832,export
6344.453616214916,10.89951744,179.4772992,698980.052344832,export
6344.960562556982,10.89951744,179.474026496,698980.052344832,export
6345.4703089520335,10.89951744,179.474026496,698980.052344832,export
6345.970913261175,10.89951744,179.4735104,698980.052344832,export
6346.47411484085,10.89951744,179.4735104,698980.052344832,export
6346.976071074605,10.89951744,179.468992512,698980.052344832,export
6347.479011068121,10.89951744,179.468992512,698980.052344832,export
6347.990435497835,10.89951744,179.466911744,698980.052344832,export
6348.492637753487,10.89951744,179.466469376,698980.052344832,export
6348.993453964591,10.89951744,179.464261632,698980.052344832,export
6349.496564550325,10.89951744,179.473301504,698980.052344832,export
6350.009198576212,10.89951744,179.471089664,698979.931648,export
6350.510713953525,10.89951744,179.471089664,698979.931648,export
6351.01209956035,10.89951744,179.468865536,698979.931648,export
6351.513792546466,10.89951744,179.46853376,698979.931648,export
6352.014941772446,10.89951744,179.466248192,698979.931648,export
6352.516501167789,10.89951744,179.466252288,698979.931648,export
6353.019265167415,10.89951744,179.464167424,698979.931648,export
6353.520513433963,10.89951744,179.4640896,698979.931648,export
6354.022544139996,10.89951744,179.461996544,698979.906899968,export
6354.527302430943,10.89951744,179.472535552,698979.906899968,export
6355.028687261045,10.89951744,179.472723968,698979.906899968,export
6355.53138080053,10.89951744,179.472850944,698979.906899968,export
6356.032476069406,10.89951744,179.4681856,698979.906899968,export
6356.533917346969,10.89951744,179.4681856,698979.906899968,export
6357.045468106866,10.89951744,179.4681856,698979.906899968,export
6357.548094693571,10.89951744,179.467726848,698979.906899968,export
6358.049993520603,10.89951744,179.463090176,698979.906899968,export
6358.552858615294,10.89951744,179.463217152,698979.906899968,export
6359.053689677268,10.89951744,179.47160576,698979.906899968,export
6359.562556965277,10.89951744,179.467812864,698979.906899968,export
6360.0773934572935,10.89951744,179.467812864,698979.689517056,export
6360.5904627572745,10.89951744,179.467276288,698979.689517056,export
6361.107032157481,10.89951744,179.467309056,698979.689517056,export
6361.6238629594445,10.89951744,179.462787072,698979.689517056,export
6362.13034924306,10.89951744,179.462787072,698979.689517056,export
6362.6332867164165,10.89951744,179.462664192,698979.689517056,export
6363.134698990732,10.89951744,179.462189056,698979.689517056,export
6363.635521728545,10.89951744,179.457675264,698979.689517056,export
6364.136332444847,10.89951744,179.457675264,698979.352244224,export
6364.639580609277,10.89951744,179.470917632,698979.352244224,export
6365.141420343891,10.89951744,179.470917632,698979.352244224,export
6365.64231320098,10.89951744,179.468709888,698979.352244224,export
6366.143944140524,10.89951744,179.468251136,698979.352244224,export
6366.658680893481,10.89951744,179.46374144,698979.352244224,export
6367.170379303396,10.89951744,179.46374144,698979.352244224,export
6367.671499380842,10.89951744,179.46374144,698979.352244224,export
6368.172653988004,10.89951744,179.46374144,698979.352244224,export
6368.673824224621,10.89951744,179.458883584,698979.352244224,export
6369.175219563767,10.89951744,179.4587648,698979.352244224,export
6369.676148260012,10.89951744,179.458699264,698979.352244224,export
6370.1767742764205,10.89951744,179.469709312,698979.520004096,export
6370.67842916958,10.89951744,179.465433088,698979.520004096,export
6371.180720131844,10.89951744,179.465433088,698979.520004096,export
6371.6816350687295,10.89951744,179.465056256,698979.520004096,export
6372.1900186333805,10.89951744,179.465056256,698979.520004096,export
6372.693002745509,10.89951744,179.465027584,698979.520004096,export
6373.19962516427,10.89951744,179.465027584,698979.520004096,export
6373.700639208779,10.89951744,179.4639872,698979.520004096,export
6374.201907766983,10.89951744,179.463991296,698982.513655808,export
6374.704654959962,10.89951744,179.46179584,698982.513655808,export
6375.21946452558,10.89951744,179.46179584,698982.513655808,export
6375.720531627536,10.89951744,179.459571712,698982.513655808,export
6376.22153641656,10.89951744,179.459571712,698982.513655808,export
6376.723324691877,10.89951744,179.457368064,698982.513655808,export
6377.224965248257,10.89951744,179.467935744,698982.513655808,export
6377.730878569186,10.89951744,179.46548224,698982.513655808,export
6378.235422726721,10.89951744,179.46548224,698982.513655808,export
6378.73632832244,10.89951744,179.46318848,698982.513655808,export
6379.238009892404,10.89951744,179.46318848,698982.513655808,export
6379.7385549824685,10.89951744,179.461042176,698982.513655808,export
6380.240362385288,10.89951744,179.460599808,698983.719714816,export
6380.7448720838875,10.89951744,179.4583552,698983.719714816,export
6381.251107752323,10.89951744,179.4583552,698983.719714816,export
6381.75253729336,10.89951744,179.46673152,698983.719714816,export
6382.2547771353275,10.89951744,179.46673152,698983.719714816,export
6382.7561030983925,10.89951744,179.464474624,698983.719714816,export
6383.803205693141,10.89951744,179.459969024,698983.719714816,export
6384.305041916668,10.89951744,179.459969024,698985.014706176,export
6384.807625500485,10.89951744,179.459969024,698985.014706176,export
6385.308292148635,10.89951744,179.459969024,698985.014706176,export
6385.809848720208,10.89951744,179.457634304,698985.014706176,export
6386.313640555367,10.89951744,179.457191936,698985.014706176,export
6386.82307266444,10.89951744,179.45485312,698985.014706176,export
6387.32416668348,10.89951744,179.465863168,698985.014706176,export
6387.827821971849,10.89951744,179.463897088,698985.014706176,export
6388.328995732591,10.89951744,179.463897088,698985.014706176,export
6388.829882692546,10.89951744,179.461505024,698985.014706176,export
6389.334357976913,10.89951744,179.461046272,698985.014706176,export
6389.836400732398,10.89951744,179.45882624,698985.014706176,export
6390.348526339978,10.89951744,179.45882624,698984.835383296,export
6390.849783334881,10.89951744,179.45667584,698984.835383296,export
6391.351538186893,10.89951744,179.45667584,698984.835383296,export
6391.852929960936,10.89951744,179.45452544,698984.835383296,export
6392.356884552166,10.89951744,179.46509312,698984.835383296,export
6392.857844747603,10.89951744,179.462950912,698984.835383296,export
6393.35920239985,10.89951744,179.462950912,698984.835383296,export
6393.860977081582,10.89951744,179.460796416,698984.948486144,export
6394.3644614014775,10.89951744,179.460796416,698984.948486144,export
6394.867299472913,10.89951744,179.460337664,698984.948486144,export
6395.369201928377,10.89951744,179.460337664,698984.948486144,export
6395.870955342427,10.89951744,179.455946752,698984.958369792,export
6396.372924780473,10.89951744,179.455946752,698984.958369792,export
6396.874346848577,10.89951744,179.453616128,698984.958369792,export
6397.384154209867,10.89951744,179.453616128,698984.958369792,export
6397.897162940353,10.89951744,179.450748928,698984.958369792,export
6398.400935048237,10.89951744,179.463856128,698984.958369792,export
6398.902416780591,10.89951744,179.461668864,698984.958369792,export
6399.403054935858,10.89951744,179.461787648,698984.958369792,export
6399.90492942743,10.89951744,179.459489792,698984.936230912,export
6400.407080624253,10.89951744,179.458854912,698984.936230912,export
6400.908730547875,10.89951744,179.456012288,698984.936230912,export
6401.40983443521,10.89951744,179.4564096,698984.936230912,export
6401.911436131224,10.89951744,179.453763584,698984.936230912,export
6402.413187054917,10.89951744,179.453763584,698984.936230912,export
6402.916060000658,10.89951744,179.451265024,698984.936230912,export
6403.417270477861,10.89951744,179.462180864,698984.936230912,export
6403.918066279963,10.89951744,179.460001792,698984.943599616,export
6404.420695113018,10.89951744,179.460001792,698984.943599616,export
6404.92238361761,10.89951744,179.457798144,698984.943599616,export
6405.424910565838,10.854875136,179.501645824,698984.943599616,export
6405.926183881238,10.854875136,179.501756416,698984.981037056,export
6406.428320068866,10.854875136,179.501756416,698984.981037056,export
6406.930387165397,10.854875136,179.497201664,698984.981037056,export
6407.431674402207,10.854875136,179.497201664,698984.981037056,export
6407.932695521042,10.854875136,179.50605312,698984.981037056,export
6408.437891021371,10.854875136,179.50605312,698984.981037056,export
6408.949935907498,10.854875136,179.501494272,698984.981037056,export
6409.451176993549,10.854875136,179.500838912,698984.981037056,export
6409.952549088746,10.854875136,179.49952,698985.0707968,export
6410.465626288205,10.854875136,179.499061248,698985.0707968,export
6410.971763668582,10.854875136,179.49683712,698985.0707968,export
6411.487329788506,10.854875136,179.496894464,698985.0707968,export
6411.999256908894,10.854875136,179.494490112,698985.0707968,export
6412.510670538992,10.854875136,179.494490112,698985.0707968,export
6413.012599397451,10.854875136,179.491991552,698985.0707968,export
6413.51440227218,10.854875136,179.505012736,698985.0707968,export
6414.015291491523,10.854875136,179.503128576,698985.027764224,export
6414.516511220485,10.854875136,179.5030016,698985.027764224,export
6415.019915364683,10.854875136,179.500793856,698985.027764224,export
6415.521791180596,10.854875136,179.50031872,698985.027764224,export
6416.027590652928,10.854875136,179.497394176,698985.027764224,export
6416.539922874421,10.854875136,179.497394176,698985.027764224,export
6417.041136236861,10.854875136,179.495170048,698985.027764224,export
6417.542996229604,10.854875136,179.495170048,698985.027764224,export
6418.043818198144,10.854875136,179.492491264,698985.027764224,export
6418.548197705299,10.854875136,179.503357952,698985.027764224,export
6419.049945179373,10.854875136,179.503550464,698985.027764224,export
6419.550661252812,10.854875136,179.499122688,698985.027764224,export
6420.051666468382,10.854875136,179.499122688,698984.101040128,export
6420.552514087409,10.854875136,179.498713088,698984.101040128,export
6421.0533558968455,10.854875136,179.498840064,698984.101040128,export
6421.55483405292,10.854875136,179.49415424,698984.101040128,export
6422.056690169498,10.854875136,179.49415424,698984.101040128,export
6422.558096287772,10.854875136,179.494158336,698984.101040128,export
6423.059426093474,10.854875136,179.503087616,698984.101040128,export
6423.560573704541,10.854875136,179.4978816,698984.101040128,export
6424.062365215272,10.854875136,179.4978816,698984.590188544,export
6424.564387680963,10.854875136,179.498082304,698984.590188544,export
6425.066210214049,10.854875136,179.49820928,698984.590188544,export
6425.5689811278135,10.854875136,179.493904384,698984.590188544,export
6426.071263520047,10.854875136,179.493462016,698984.590188544,export
6426.572206797078,10.854875136,179.491037184,698984.590188544,export
6427.0740793943405,10.854875136,179.491037184,698984.590188544,export
6427.575670324266,10.854875136,179.488874496,698984.590188544,export
6428.076655264944,10.854875136,179.488874496,698984.590188544,export
6428.580489054322,10.854875136,179.499487232,698984.590188544,export
6429.081522276625,10.854875136,179.499487232,698984.590188544,export
6429.582503985614,10.854875136,179.499360256,698984.590188544,export
6430.083737371489,10.854875136,179.49923328,698986.155720704,export
6430.585541760549,10.854875136,179.494797312,698986.155720704,export
6431.086335865781,10.854875136,179.494354944,698986.155720704,export
6431.587850175798,10.854875136,179.494354944,698986.155720704,export
6432.089640380815,10.854875136,179.494219776,698986.155720704,export
6432.590509554371,10.854875136,179.489656832,698986.155720704,export
6433.091540727764,10.854875136,179.489656832,698986.155720704,export
6433.592486539856,10.854875136,179.500924928,698986.155720704,export
6434.093447351828,10.854875136,179.50099456,698986.216341504,export
6434.594705702737,10.854879232,179.495993344,698986.216341504,export
6435.096353318542,10.854879232,179.495993344,698986.216341504,export
6435.597051665187,10.854879232,179.495993344,698986.216341504,export
6436.098316844553,10.854879232,179.495993344,698986.216341504,export
6436.600450675935,10.854879232,179.491672064,698986.216341504,export
6437.102633085102,10.854879232,179.491672064,698986.216341504,export
6437.603475209326,10.854879232,179.491135488,698986.216341504,export
6438.104807171971,10.854879232,179.500048384,698986.216341504,export
6438.606201931834,10.854879232,179.495559168,698986.216341504,export
6439.108708940446,10.854879232,179.495559168,698986.216341504,export
6439.610589982942,10.854879232,179.495686144,698986.216341504,export
6440.112177228555,10.854879232,179.495227392,698985.5624192,export
6440.613502820954,10.854879232,179.492900864,698985.5624192,export
6441.115101488307,10.854879232,179.492900864,698985.5624192,export
6441.6179582607,10.854879232,179.490807808,698985.5624192,export
6442.12843474932,10.854879232,179.490807808,698985.5624192,export
6442.638003068045,10.854879232,179.488063488,698985.5624192,export
6443.145339999348,10.854879232,179.49894656,698985.5624192,export
6443.64669370465,10.854879232,179.496869888,698985.5624192,export
6444.148747855797,10.854879232,179.496869888,698986.76867072,export
6444.65007314086,10.854879232,179.494539264,698986.76867072,export
6445.152107683942,10.854879232,179.494223872,698986.76867072,export
6445.652815442532,10.854879232,179.491786752,698986.76867072,export
6446.153500651941,10.854879232,179.491786752,698986.76867072,export
6446.655431877822,10.854879232,179.489636352,698986.76867072,export
6447.156912073493,10.854879232,179.489636352,698986.76867072,export
6447.658696835861,10.854879232,179.484749824,698986.76867072,export
6448.1598230451345,10.854879232,179.484749824,698986.76867072,export
6448.6638504453,10.854879232,179.498053632,698986.76867072,export
6449.165301490575,10.854879232,179.498053632,698986.76867072,export
6449.667280972004,10.854879232,179.49372416,698986.76867072,export
6450.17000310868,10.854879232,179.49331456,698986.650624,export
6450.671864628792,10.854879232,179.493220352,698986.650624,export
6451.1724575050175,10.854879232,179.493220352,698986.650624,export
6451.673284364864,10.854879232,179.49079552,698986.650624,export
6452.175204748288,10.854879232,179.49079552,698986.650624,export
6452.676797153428,10.854879232,179.487920128,698986.650624,export
6453.178707441315,10.854879232,179.488047104,698986.650624,export
6453.692324537784,10.854879232,179.494735872,698986.650624,export
6454.193614888936,10.854879232,179.494735872,698986.39521792,export
6454.6950824558735,10.854879232,179.492511744,698986.39521792,export
6455.195694724098,10.854879232,179.49155328,698986.39521792,export
6455.697113905102,10.854879232,179.489574912,698986.39521792,export
6456.208983773366,10.854879232,179.489574912,698986.39521792,export
6456.710607020184,10.854879232,179.487473664,698986.39521792,export
6457.21190235205,10.854879232,179.487473664,698986.39521792,export
6457.716269439086,10.854879232,179.484762112,698986.39521792,export
6458.218668695539,10.854879232,179.484762112,698986.39521792,export
6458.72885202989,10.854879232,179.493613568,698986.39521792,export
6459.236682776362,10.854879232,179.493613568,698986.39521792,export
6459.738179748878,10.854879232,179.491155968,698986.39521792,export
6460.24468152225,10.854879232,179.490230272,698986.660552704,export
6460.75027154386,10.854879232,179.488411648,698986.660552704,export
6461.258319128305,10.854879232,179.488411648,698986.660552704,export
6461.761663839221,10.854879232,179.485872128,698986.660552704,export
6462.280886605382,10.854879232,179.485872128,698986.660552704,export
6462.783067058772,10.854879232,179.483111424,698986.660552704,export
6463.285372676328,10.854879232,179.494121472,698986.660552704,export
6463.802946636453,10.856976384,179.48944384,698986.660552704,export
6464.314413933083,10.856976384,179.48944384,698986.868596736,export
6464.816861713305,10.856976384,179.489636352,698986.868596736,export
6465.318702682853,10.856976384,179.489636352,698986.868596736,export
6465.820484260097,10.856976384,179.485229056,698986.868596736,export
6466.3218741081655,10.856976384,179.48483584,698986.868596736,export
6466.82269051671,10.856976384,179.484704768,698986.868596736,export
6467.32471213676,10.856976384,179.484626944,698986.868596736,export
6467.826762538403,10.856976384,179.480211456,698986.868596736,export
6468.328511565924,10.856976384,179.480211456,698986.868596736,export
6468.83320479095,10.856976384,179.490361344,698986.868596736,export
6469.334440557286,10.856976384,179.490361344,698986.868596736,export
6469.836978364736,10.856976384,179.486384128,698986.868596736,export
6470.339297467843,10.856976384,179.486384128,698985.668952064,export
6470.8409533798695,10.856976384,179.484176384,698985.668952064,export
6471.342479486018,10.856976384,179.483717632,698985.668952064,export
6471.844882056117,10.856976384,179.481542656,698985.668952064,export
6472.346736289561,10.856976384,179.481542656,698985.668952064,export
6472.848751777783,10.856976384,179.479212032,698985.668952064,export
6473.349804645404,10.856976384,179.489779712,698985.668952064,export
6473.852269120514,10.856976384,179.487612928,698985.668952064,export
6474.353982694447,10.856976384,179.487612928,698985.668952064,export
6474.855762273073,10.856976384,179.485405184,698985.668952064,export
6475.358165256679,10.856976384,179.485405184,698985.668952064,export
6475.8595444485545,10.856976384,179.482611712,698985.43501312,export
6476.361874060705,10.856976384,179.482611712,698985.43501312,export
6476.864227220416,10.856976384,179.480342528,698985.43501312,export
6477.366040112451,10.856976384,179.480342528,698985.43501312,export
6477.8684210553765,10.856976384,179.480342528,698985.43501312,export
6478.372292809188,10.856976384,179.490910208,698985.43501312,export
6478.874083677307,10.856976384,179.486445568,698985.43501312,export
6479.37589706853,10.856976384,179.486445568,698985.43501312,export
6479.876701271161,10.856976384,179.486449664,698985.549160448,export
6480.379016175866,10.856976384,179.486449664,698985.549160448,export
6480.880836458877,10.856976384,179.481473024,698985.549160448,export
6481.383142516017,10.856976384,179.481473024,698985.549160448,export
6481.884339639917,10.856976384,179.4813952,698985.549160448,export
6482.386105434969,10.856976384,179.4813952,698985.549160448,export
6482.888888409361,10.856976384,179.476975616,698985.549160448,export
6483.390861809254,10.856976384,179.476533248,698985.549160448,export
6483.892510797828,10.856976384,179.487424512,698986.866499584,export
6484.394618367776,10.856976384,179.487424512,698986.866499584,export
6484.896317997947,10.856976384,179.482976256,698986.866499584,export
6485.398954804987,10.856976384,179.482976256,698986.866499584,export
6485.900814244524,10.856976384,179.48246016,698986.810998784,export
6486.40836317651,10.856976384,179.48246016,698986.810998784,export
6486.910199156031,10.856976384,179.478011904,698986.810998784,export
6487.410877214745,10.856976384,179.478011904,698986.810998784,export
6487.912565495819,10.856976384,179.486466048,698986.810998784,export
6488.4147430527955,10.856976384,179.486466048,698986.810998784,export
6488.918122282252,10.856976384,179.481993216,698986.810998784,export
6489.419947452843,10.856976384,179.481993216,698986.810998784,export
6489.921414872631,10.856976384,179.481993216,698986.7932672,export
6490.422312224284,10.856976384,179.481534464,698986.7932672,export
6490.935636373237,10.856976384,179.47697152,698986.7932672,export
6491.440655125305,10.856976384,179.47697152,698986.7932672,export
6491.948136946186,10.856976384,179.47697152,698986.7932672,export
6492.455996939912,10.859073536,179.47408384,698986.7932672,export
6492.960599051788,10.859073536,179.470106624,698986.7932672,export
6493.473056789488,10.859073536,179.470106624,698986.7932672,export
6493.974533416331,10.859073536,179.483086848,698986.579566592,export
6494.476906649768,10.859073536,179.483086848,698986.579566592,export
6494.977582337335,10.859073536,179.480600576,698986.579566592,export
6495.479277258739,10.859073536,179.480600576,698986.579566592,export
6495.986498296261,10.859073536,179.478188032,698986.400268288,export
6496.487621111795,10.859073536,179.478188032,698986.400268288,export
6496.9897226225585,10.859073536,179.475951616,698986.400268288,export
6497.492612916976,10.859073536,179.475951616,698986.400268288,export
6498.006535150111,10.859073536,179.472662528,698986.400268288,export
6498.510577840731,10.859073536,179.483672576,698986.400268288,export
6499.011463569477,10.859073536,179.481960448,698986.400268288,export
6499.513796469197,10.859073536,179.482013696,698986.400268288,export
6500.015487223864,10.859073536,179.479805952,698985.0150912,export
6500.517339736223,10.859073536,179.47942912,698985.0150912,export
6501.019001292065,10.859073536,179.477164032,698985.0150912,export
6501.520773112774,10.859073536,179.481358336,698985.0150912,export
6502.02228981629,10.859073536,179.477204992,698985.0150912,export
6502.52509553358,10.859073536,179.477204992,698985.0150912,export
6503.039461005479,10.859073536,179.477213184,698985.0150912,export
6503.542750552297,10.859073536,179.476770816,698985.0150912,export
6504.056411692873,10.859073536,179.47209728,698985.0402816,export
6504.557921808213,10.859073536,179.47209728,698985.0402816,export
6505.060817832127,10.859073536,179.472224256,698985.0402816,export
6505.561983078718,10.859073536,179.467710464,698985.0402816,export
6506.063888080418,10.859073536,179.467268096,698985.226428416,export
6506.569589620456,10.859073536,179.480543232,698985.226428416,export
6507.071637690067,10.859073536,179.480576,698985.226428416,export
6507.573196012527,10.859073536,179.478413312,698985.226428416,export
6508.074953105301,10.859073536,179.478413312,698985.226428416,export
6508.576163133606,10.859073536,179.475709952,698985.226428416,export
6509.0779555775225,10.859073536,179.475709952,698985.226428416,export
6509.588273752481,10.859073536,179.473391616,698985.226428416,export
6510.089525077492,10.859073536,179.473391616,698985.112461312,export
6510.59214512445,10.859073536,179.471167488,698985.112461312,export
6511.094575447962,10.859073536,179.47072512,698985.112461312,export
6511.595825551078,10.859073536,179.47731968,698985.112461312,export
6512.0971403717995,10.859073536,179.47731968,698985.112461312,export
6512.599054314196,10.859073536,179.475156992,698985.112461312,export
6513.100914249197,10.859073536,179.475156992,698985.112461312,export
6513.602494776249,10.859073536,179.472396288,698985.112461312,export
6514.104019824415,10.859073536,179.472396288,698984.848273408,export
6514.605653563514,10.859073536,179.470188544,698984.848273408,export
6515.1072636749595,10.859073536,179.470188544,698984.848273408,export
6515.607850044966,10.859073536,179.467984896,698984.848273408,export
6516.109627448022,10.859073536,179.467526144,698984.831688704,export
6516.614547504112,10.859073536,179.47623424,698984.831688704,export
6517.1163556892425,10.859073536,179.476365312,698984.831688704,export
6517.61883796379,10.859073536,179.474034688,698984.831688704,export
6518.120623493567,10.859073536,179.474034688,698984.831688704,export
6518.622200552374,10.859073536,179.473477632,698984.831688704,export
6519.128460105509,10.859073536,179.473477632,698984.831688704,export
6519.6407490018755,10.859073536,179.468980224,698984.831688704,export
6520.142313104123,10.859073536,179.468980224,698984.51142656,export
6520.64450273104,10.859073536,179.468537856,698984.51142656,export
6521.145285837352,10.859073536,179.479138304,698984.51142656,export
6521.657960500568,10.859073536,179.475226624,698984.51142656,export
6522.159182200208,10.859073536,179.475226624,698984.51142656,export
6522.669799556956,10.859073536,179.475357696,698984.51142656,export
6523.17857529223,10.859073536,179.474010112,698984.51142656,export
6523.679197195917,10.859073536,179.46986496,698984.51142656,export
6524.180998688564,10.859073536,179.46986496,698984.71460864,export
6524.682958601043,10.859073536,179.46986496,698984.71460864,export
6525.183816414326,10.859073536,179.46986496,698984.71460864,export
6525.685503968969,10.859073536,179.464728576,698984.71460864,export
6526.186678247526,10.859073536,179.464855552,698984.71460864,export
6526.691105797887,10.859073536,179.475996672,698984.71460864,export
6527.200557444245,10.859073536,179.475996672,698984.71460864,export
6527.709926972166,10.859073536,179.47144192,698984.71460864,export
6528.210782604292,10.859073536,179.470999552,698984.71460864,export
6528.712305938825,10.859073536,179.470901248,698984.71460864,export
6529.213546533138,10.859073536,179.470901248,698984.71460864,export
6529.714353520423,10.859073536,179.468681216,698984.71460864,export
6530.216535365209,10.859073536,179.46855424,698985.74983168,export
6530.718342505395,10.859073536,179.465814016,698985.74983168,export
6531.220501132309,10.859073536,179.465814016,698985.74983168,export
6531.721717257053,10.859073536,179.463671808,698985.74983168,export
6532.222358765081,10.859073536,179.474681856,698985.74983168,export
6532.728693269193,10.859073536,179.4725888,698985.74983168,export
6533.235701320693,10.859073536,179.472146432,698985.74983168,export
6533.737882332876,10.859073536,179.469848576,698985.74983168,export
6534.251778431237,10.859073536,179.470102528,698984.835485696,export
6534.753543389961,10.859073536,179.467751424,698984.835485696,export
6535.261316604912,10.859073536,179.467751424,698984.835485696,export
6535.768680732697,10.859073536,179.465105408,698984.835485696,export
6536.269534204155,10.859073536,179.465105408,698984.835485696,export
6536.77137860097,10.859073536,179.47359232,698984.835485696,export
6537.272563343868,10.859073536,179.47359232,698984.835485696,export
6537.773211900145,10.859073536,179.471515648,698984.835485696,export
6538.2757637072355,10.859073536,179.471642624,698984.835485696,export
6538.7773845326155,10.859073536,179.468873728,698984.835485696,export
6539.279976040125,10.859073536,179.468873728,698984.835485696,export
6539.781493324786,10.859073536,179.466539008,698984.835485696,export
6540.282939884812,10.859073536,179.466539008,698983.985176576,export
6540.784001616761,10.859073536,179.466539008,698983.985176576,export
6541.285351758823,10.859073536,179.466080256,698983.985176576,export
6541.786022990942,10.859073536,179.461627904,698983.985176576,export
6542.287670029327,10.859073536,179.461627904,698983.985176576,export
6542.79583629407,10.859073536,179.472777216,698983.985176576,export
6543.308962356299,10.859073536,179.472777216,698983.985176576,export
6543.812116809189,10.859073536,179.46781696,698983.985176576,export
6544.314554709941,10.859073536,179.46781696,698984.710127616,export
6544.816800497472,10.859073536,179.465814016,698984.710127616,export
6545.324321048334,10.859073536,179.46568704,698984.710127616,export
6545.825192168355,10.859073536,179.463462912,698984.710127616,export
6546.328040344641,10.859073536,179.463053312,698984.710127616,export
6546.830274518579,10.859073536,179.4607104,698984.710127616,export
6547.331428876147,10.859073536,179.471720448,698984.710127616,export
6547.83206612803,10.859073536,179.469553664,698984.710127616,export
6548.334771512076,10.859073536,179.469553664,698984.710127616,export
6548.8355855718255,10.859073536,179.466817536,698984.710127616,export
6549.337718812749,10.859073536,179.466817536,698984.710127616,export
6549.846743548289,10.859073536,179.464609792,698984.710127616,export
6550.347571656108,10.859073536,179.464609792,698985.060818944,export
6550.851040435955,10.859073536,179.46198016,698985.060818944,export
6551.352883616462,10.859073536,179.46198016,698985.060818944,export
6551.857631193474,10.859073536,179.47078656,698985.060818944,export
6552.369519907981,10.859073536,179.47078656,698985.060818944,export
6552.871154757217,10.859073536,179.46648576,698985.060818944,export
6553.372411807999,10.859073536,179.465535488,698985.060818944,export
6553.882889369503,10.859073536,179.4660352,698985.051000832,export
6554.384816773236,10.859073536,179.4660352,698985.051000832,export
6554.88547466509,10.859073536,179.461476352,698985.051000832,export
6555.386079996824,10.859073536,179.461476352,698985.051000832,export
6555.88686731644,10.859073536,179.461050368,698985.00063232,export
6556.389905957505,10.859073536,179.461050368,698985.00063232,export
6556.891282239929,10.859073536,179.456417792,698985.00063232,export
6557.395552080125,10.859073536,179.456417792,698985.00063232,export
6557.909208036959,10.859073536,179.456544768,698985.00063232,export
6558.41364098154,10.859073536,179.4692096,698985.00063232,export
6558.915101904422,10.859073536,179.46494976,698985.00063232,export
6559.417635399848,10.859073536,179.46494976,698985.00063232,export
6559.921690868214,10.859073536,179.46494976,698983.578353664,export
6560.423372829333,10.859073536,179.46494976,698983.578353664,export
6560.926631774753,10.859073536,179.4605056,698983.578353664,export
6561.4285473730415,10.859073536,179.460079616,698983.578353664,export
6561.930188247934,10.859073536,179.460104192,698983.578353664,export
6562.438432317227,10.859073536,179.469017088,698983.578353664,export
6562.9395245518535,10.859073536,179.46679296,698983.578353664,export
6563.441057965159,10.859073536,179.46679296,698983.578353664,export
6563.941656002775,10.859073536,179.464142848,698983.929397248,export
6564.443561278284,10.859073536,179.464142848,698983.929397248,export
6564.946226252243,10.859073536,179.461844992,698983.929397248,export
6565.448892110959,10.859073536,179.461844992,698983.929397248,export
6565.950523132458,10.859073536,179.45974784,698983.87406848,export
6566.451445972547,10.859073536,179.458789376,698983.87406848,export
6566.960786923766,10.859073536,179.456897024,698983.87406848,export
6567.469004472718,10.859073536,179.467907072,698983.87406848,export
6567.9696080219,10.859073536,179.465818112,698983.87406848,export
6568.472144464031,10.859073536,179.465818112,698983.87406848,export
6568.973949780688,10.859073536,179.462414336,698983.87406848,export
6569.475495455787,10.859073536,179.462057984,698983.87406848,export
6569.976756129414,10.859073536,179.460161536,698985.17141504,export
6570.4784666430205,10.859073536,179.460161536,698985.17141504,export
6570.979783365503,10.859073536,179.457957888,698985.17141504,export
6571.490549856797,10.859073536,179.457957888,698985.17141504,export
6571.991716168821,10.859073536,179.455340544,698985.17141504,export
6572.4966500569135,10.859073536,179.468447744,698985.17141504,export
6572.997591203079,10.859073536,179.465510912,698985.17141504,export
6573.499333092943,10.859073536,179.465654272,698985.17141504,export
6574.000830888748,10.859073536,179.465781248,698985.18151168,export
6574.502665689215,10.859073536,179.46519552,698985.18151168,export
6575.004394065589,10.859073536,179.460763648,698985.18151168,export
6575.50529852882,10.859073536,179.460763648,698985.18151168,export
6576.0129777844995,10.859073536,179.458945024,698985.20733696,export
6576.513860519975,10.859073536,179.45868288,698985.20733696,export
6577.014450317249,10.859073536,179.456049152,698985.20733696,export
6577.51626486145,10.859073536,179.456049152,698985.20733696,export
6578.018067087978,10.859073536,179.464769536,698985.20733696,export
6578.519863089547,10.859073536,179.464531968,698985.20733696,export
6579.023432172835,10.859073536,179.46042368,698985.20733696,export
6579.529444545507,10.859073536,179.459047424,698985.20733696,export
6580.050297357142,10.859073536,179.457540096,698985.046859776,export
6580.555212590843,10.859073536,179.455315968,698985.046859776,export
6581.055853389204,10.859073536,179.455315968,698985.046859776,export
6581.557156564668,10.859073536,179.4526208,698985.046859776,export
6582.059198061004,10.70811136,179.602239488,698985.046859776,export
6582.563003573567,10.70811136,179.61183232,698985.046859776,export
6583.0715097263455,10.70811136,179.61183232,698985.046859776,export
6583.572518745437,10.70811136,179.609624576,698985.046859776,export
6583.575836593285,10.70811136,179.60927232,698985.046859776,export
6583.577151229605,10.70811136,179.60927232,698985.046859776,
