seconds,rss_gb,free_ram_gb,free_disk_gb,step
0.0004055853933095932,0.295763968,182.778765312,698428.971073536,
0.001414341852068901,0.295763968,182.778765312,698428.971073536,open
1.9362360518425703,0.689532928,182.383640576,698429.048090624,open
2.208618661388755,0.694022144,182.378758144,698429.048090624,open
2.2093037106096745,0.694022144,182.378758144,698429.048090624,qc (and the one-time copy of the counts)
4.176623277366161,0.733057024,182.341001216,698429.101838336,qc (and the one-time copy of the counts)
4.678869917988777,0.733057024,182.341492736,698429.101838336,qc (and the one-time copy of the counts)
5.180105868726969,0.73306112,182.341492736,698429.101838336,qc (and the one-time copy of the counts)
5.681720614433289,0.838565888,182.236512256,698429.101838336,qc (and the one-time copy of the counts)
6.182848861441016,0.935575552,182.139662336,698429.090983936,qc (and the one-time copy of the counts)
6.683976866304874,1.025347584,182.044110848,698429.090983936,qc (and the one-time copy of the counts)
7.1848035883158445,1.076178944,181.993848832,698429.090983936,qc (and the one-time copy of the counts)
7.685749966651201,1.064235008,182.002159616,698429.090983936,qc (and the one-time copy of the counts)
8.186650071293116,1.016557568,182.05106176,698429.12356352,qc (and the one-time copy of the counts)
8.688163258135319,1.104257024,181.963689984,698429.12356352,qc (and the one-time copy of the counts)
9.189119458198547,1.045639168,182.018748416,698429.12356352,qc (and the one-time copy of the counts)
9.690551014617085,1.132900352,181.932146688,698429.12356352,qc (and the one-time copy of the counts)
10.191670838743448,1.047883776,182.012432384,698429.210775552,qc (and the one-time copy of the counts)
10.693249763920903,1.138413568,181.9222016,698429.210775552,qc (and the one-time copy of the counts)
11.194235598668456,1.07319296,181.984608256,698429.210775552,qc (and the one-time copy of the counts)
11.695690672844648,1.178144768,181.87771904,698429.210775552,qc (and the one-time copy of the counts)
12.1968217715621,1.133461504,181.91908864,698429.192716288,qc (and the one-time copy of the counts)
12.698318826034665,1.145319424,181.906198528,698429.192716288,qc (and the one-time copy of the counts)
13.199278915300965,1.088958464,181.96127744,698429.192716288,qc (and the one-time copy of the counts)
13.700288875028491,1.148854272,181.904531456,698429.192716288,qc (and the one-time copy of the counts)
14.201420214027166,1.08896256,181.95140608,698428.896915456,qc (and the one-time copy of the counts)
14.70280939526856,1.144594432,181.893230592,698428.896915456,qc (and the one-time copy of the counts)
15.203601712360978,1.096097792,181.93793024,698428.896915456,qc (and the one-time copy of the counts)
15.704546634107828,1.139265536,181.893742592,698428.896915456,qc (and the one-time copy of the counts)
16.205376133322716,1.110331392,181.920395264,698429.04506368,qc (and the one-time copy of the counts)
16.7069849986583,1.140903936,181.88705792,698429.04506368,qc (and the one-time copy of the counts)
17.208081187680364,1.11618048,181.911732224,698429.04506368,qc (and the one-time copy of the counts)
17.708948131650686,1.02080512,182.004195328,698429.04506368,qc (and the one-time copy of the counts)
18.20987205207348,1.125634048,181.899149312,698428.964278272,qc (and the one-time copy of the counts)
18.7114232853055,1.191886848,181.83473152,698428.964278272,qc (and the one-time copy of the counts)
19.212887670844793,1.13117184,181.89307904,698428.964278272,qc (and the one-time copy of the counts)
19.713915953412652,1.208766464,181.813121024,698428.964278272,qc (and the one-time copy of the counts)
20.21518261358142,1.084481536,181.933428736,698428.481519616,qc (and the one-time copy of the counts)
20.71750964038074,1.186189312,181.832134656,698428.481519616,qc (and the one-time copy of the counts)
21.21837710030377,1.071693824,181.943803904,698428.481519616,qc (and the one-time copy of the counts)
21.719727566465735,1.174880256,181.840510976,698428.481519616,qc (and the one-time copy of the counts)
22.22097948938608,1.062055936,181.946605568,698428.503375872,qc (and the one-time copy of the counts)
22.723155735060573,1.169027072,181.83995392,698428.503375872,qc (and the one-time copy of the counts)
23.224466966465116,1.207832576,181.80012032,698428.503375872,qc (and the one-time copy of the counts)
23.726515974849463,1.157730304,181.848281088,698428.503375872,qc (and the one-time copy of the counts)
24.22778705507517,1.196732416,181.812912128,698429.40872704,qc (and the one-time copy of the counts)
24.729938918724656,1.16027392,181.846982656,698429.40872704,qc (and the one-time copy of the counts)
25.231161389499903,1.201278976,181.80329472,698429.40872704,qc (and the one-time copy of the counts)
25.73307109437883,1.1570176,181.844303872,698429.40872704,qc (and the one-time copy of the counts)
26.234550213441253,1.202290688,181.798096896,698429.455753216,qc (and the one-time copy of the counts)
26.73563688993454,1.152548864,181.842423808,698429.455753216,qc (and the one-time copy of the counts)
27.236895110458136,1.201872896,181.792743424,698429.455753216,qc (and the one-time copy of the counts)
27.738687017932534,1.157935104,181.833191424,698429.455753216,qc (and the one-time copy of the counts)
28.239715283736587,1.233616896,181.757812736,698429.439496192,qc (and the one-time copy of the counts)
28.74124201759696,1.2848128,181.701951488,698429.439496192,qc (and the one-time copy of the counts)
29.24258652701974,1.210064896,181.780824064,698429.439496192,qc (and the one-time copy of the counts)
29.744232146069407,1.287819264,181.703876608,698429.439496192,qc (and the one-time copy of the counts)
30.245136057958007,1.329332224,181.656989696,698429.173530624,qc (and the one-time copy of the counts)
30.74698930978775,1.239379968,181.746655232,698429.173530624,qc (and the one-time copy of the counts)
31.24829220585525,1.316974592,181.6654848,698429.173530624,qc (and the one-time copy of the counts)
31.750333670526743,1.347403776,181.635145728,698429.173530624,qc (and the one-time copy of the counts)
32.25173184461892,1.243508736,181.731262464,698429.062856704,qc (and the one-time copy of the counts)
32.75307716988027,1.321238528,181.653475328,698429.062856704,qc (and the one-time copy of the counts)
33.2544469255954,1.34864896,181.625704448,698429.062856704,qc (and the one-time copy of the counts)
33.756137523800135,1.317040128,181.651275776,698429.062856704,qc (and the one-time copy of the counts)
34.257567865774035,1.31610624,181.651423232,698428.576329728,qc (and the one-time copy of the counts)
34.760934099555016,1.349763072,181.621096448,698428.576329728,qc (and the one-time copy of the counts)
35.26228201016784,1.235959808,181.7311232,698428.576329728,qc (and the one-time copy of the counts)
35.76332333497703,1.309548544,181.656756224,698428.576329728,qc (and the one-time copy of the counts)
36.264822859317064,1.366745088,181.599817728,698428.678598656,qc (and the one-time copy of the counts)
36.766771890223026,1.21731072,181.746302976,698428.678598656,qc (and the one-time copy of the counts)
37.26773976162076,1.304170496,181.657030656,698428.678598656,qc (and the one-time copy of the counts)
37.768946098163724,1.348337664,181.612355584,698428.678598656,qc (and the one-time copy of the counts)
38.269827503710985,1.236529152,181.72024832,698428.695478272,qc (and the one-time copy of the counts)
38.77134817093611,1.315241984,181.639168,698428.695478272,qc (and the one-time copy of the counts)
39.27276691608131,1.361412096,181.596672,698428.695478272,qc (and the one-time copy of the counts)
39.77423023059964,1.226862592,181.726629888,698428.695478272,qc (and the one-time copy of the counts)
40.275237085297704,1.310613504,181.639868416,698428.4266496,qc (and the one-time copy of the counts)
40.77672697044909,1.358856192,181.590872064,698428.4266496,qc (and the one-time copy of the counts)
41.27811175957322,1.220784128,181.72448768,698428.4266496,qc (and the one-time copy of the counts)
41.77909829467535,1.306775552,181.638909952,698428.4266496,qc (and the one-time copy of the counts)
42.280158806592226,1.35921664,181.584109568,698428.38366208,qc (and the one-time copy of the counts)
42.78182093054056,1.21567232,181.72352512,698428.38366208,qc (and the one-time copy of the counts)
43.28273403830826,1.29859584,181.641048064,698428.38366208,qc (and the one-time copy of the counts)
43.783573327586055,1.323769856,181.614456832,698428.38366208,qc (and the one-time copy of the counts)
44.28494510613382,1.255206912,181.684240384,698428.418707456,qc (and the one-time copy of the counts)
44.78610182926059,1.395101696,181.544701952,698428.418707456,qc (and the one-time copy of the counts)
45.287239043042064,1.1825152,181.751025664,698428.418707456,qc (and the one-time copy of the counts)
45.78899661079049,1.286619136,181.646741504,698428.418707456,qc (and the one-time copy of the counts)
46.28996609337628,1.349541888,181.584171008,698428.418019328,qc (and the one-time copy of the counts)
46.79151670821011,1.1976704,181.729148928,698428.418019328,qc (and the one-time copy of the counts)
47.292378671467304,1.295958016,181.630861312,698428.418019328,qc (and the one-time copy of the counts)
47.79418626241386,1.354686464,181.5713792,698428.418019328,qc (and the one-time copy of the counts)
48.295380806550384,1.203765248,181.718622208,698428.30911488,qc (and the one-time copy of the counts)
48.79725695773959,1.297690624,181.622202368,698428.30911488,qc (and the one-time copy of the counts)
49.29848908260465,1.350148096,181.575491584,698428.30911488,qc (and the one-time copy of the counts)
49.799309173598886,1.213714432,181.707849728,698428.30911488,qc (and the one-time copy of the counts)
50.30051572993398,1.302949888,181.619175424,698428.332179456,qc (and the one-time copy of the counts)
50.801580630242825,1.35335936,181.568147456,698428.332179456,qc (and the one-time copy of the counts)
51.30274122208357,1.224351744,181.693108224,698428.332179456,qc (and the one-time copy of the counts)
51.80431787483394,1.30318336,181.612556288,698428.332179456,qc (and the one-time copy of the counts)
52.30554385855794,1.33255168,181.581090816,698428.304973824,qc (and the one-time copy of the counts)
52.807699309661984,1.253654528,181.656629248,698428.304973824,qc (and the one-time copy of the counts)
53.308553609997034,1.331249152,181.578907648,698428.304973824,qc (and the one-time copy of the counts)
53.80956339277327,1.161281536,181.742526464,698428.304973824,qc (and the one-time copy of the counts)
54.31075787357986,1.273626624,181.629980672,698427.934531584,qc (and the one-time copy of the counts)
54.813915587961674,1.345052672,181.56050432,698427.934531584,qc (and the one-time copy of the counts)
55.315091356635094,1.184079872,181.718614016,698427.934531584,qc (and the one-time copy of the counts)
55.81605241075158,1.28772096,181.614903296,698427.934531584,qc (and the one-time copy of the counts)
56.31696824543178,1.348608,181.553324032,698427.971895296,qc (and the one-time copy of the counts)
56.818560529500246,1.207918592,181.69104384,698427.971895296,qc (and the one-time copy of the counts)
57.32006546482444,1.295601664,181.601099776,698427.971895296,qc (and the one-time copy of the counts)
57.82201957330108,1.341825024,181.554327552,698427.971895296,qc (and the one-time copy of the counts)
58.32324908673763,1.233440768,181.658054656,698428.06786048,qc (and the one-time copy of the counts)
58.82549250125885,1.312960512,181.576433664,698428.06786048,qc (and the one-time copy of the counts)
59.326746897771955,1.359126528,181.533888512,698428.06786048,qc (and the one-time copy of the counts)
59.827896658331156,1.232904192,181.656162304,698428.06786048,qc (and the one-time copy of the counts)
60.32896007411182,1.309773824,181.576732672,698428.335095808,qc (and the one-time copy of the counts)
60.83103904686868,1.337065472,181.548773376,698428.335095808,qc (and the one-time copy of the counts)
61.33229435607791,1.25100032,181.631553536,698428.335095808,qc (and the one-time copy of the counts)
61.83358450606465,1.326497792,181.554651136,698428.335095808,qc (and the one-time copy of the counts)
62.33472839742899,1.178382336,181.696913408,698428.294053888,qc (and the one-time copy of the counts)
62.83618978597224,1.280479232,181.5947264,698428.294053888,qc (and the one-time copy of the counts)
63.33703615888953,1.32460544,181.550440448,698428.294053888,qc (and the one-time copy of the counts)
63.83809766732156,1.290735616,181.580419072,698428.294053888,qc (and the one-time copy of the counts)
64.33951964229345,1.298587648,181.571510272,698428.294053888,qc (and the one-time copy of the counts)
64.8427805416286,1.178001408,181.694824448,698428.294053888,qc (and the one-time copy of the counts)
65.34460460953414,1.27438848,181.596606464,698428.294053888,qc (and the one-time copy of the counts)
65.84540563821793,1.313185792,181.55720704,698428.294053888,qc (and the one-time copy of the counts)
66.34632846154273,1.232379904,181.634531328,698427.902308352,qc (and the one-time copy of the counts)
66.84814633987844,1.302831104,181.561516032,698427.902308352,qc (and the one-time copy of the counts)
67.34950102306902,1.193054208,181.668380672,698427.902308352,qc (and the one-time copy of the counts)
67.85032785870135,1.281527808,181.580181504,698427.902308352,qc (and the one-time copy of the counts)
68.35119027458131,1.158967296,181.69860096,698427.889700864,qc (and the one-time copy of the counts)
68.85261610709131,1.263673344,181.594341376,698427.889700864,qc (and the one-time copy of the counts)
69.35390700958669,1.296269312,181.55986944,698427.889700864,qc (and the one-time copy of the counts)
69.85571663081646,1.247944704,181.611184128,698427.82855168,qc (and the one-time copy of the counts)
70.3571845497936,1.284702208,181.571526656,698427.82855168,qc (and the one-time copy of the counts)
70.85907937772572,1.24612608,181.607616512,698427.82855168,qc (and the one-time copy of the counts)
71.36014896258712,1.301700608,181.550948352,698427.82855168,qc (and the one-time copy of the counts)
71.8613046221435,1.296740352,181.55147264,698427.956248576,qc (and the one-time copy of the counts)
72.36287821270525,1.30002944,181.548167168,698427.956248576,qc (and the one-time copy of the counts)
72.86405582167208,1.189347328,181.6552448,698427.956248576,qc (and the one-time copy of the counts)
73.36521426960826,1.278205952,181.566275584,698427.956248576,qc (and the one-time copy of the counts)
73.8662692476064,1.16445184,181.673836544,698428.059140096,qc (and the one-time copy of the counts)
74.36781615763903,1.268436992,181.56967936,698428.059140096,qc (and the one-time copy of the counts)
74.86921137198806,1.303216128,181.53930752,698428.059140096,qc (and the one-time copy of the counts)
75.37059946730733,1.246445568,181.593411584,698428.059140096,qc (and the one-time copy of the counts)
75.87247626297176,1.308491776,181.530816512,698428.182515712,qc (and the one-time copy of the counts)
76.3740074057132,1.222610944,181.613522944,698428.182515712,qc (and the one-time copy of the counts)
76.875389425084,1.296498688,181.539790848,698428.182515712,qc (and the one-time copy of the counts)
77.37677645869553,1.167622144,181.663059968,698428.182515712,qc (and the one-time copy of the counts)
77.87818043865263,1.270542336,181.560594432,698428.055650304,qc (and the one-time copy of the counts)
78.37987620197237,1.301086208,181.528100864,698428.055650304,qc (and the one-time copy of the counts)
78.88076978549361,1.249980416,181.575262208,698428.055650304,qc (and the one-time copy of the counts)
79.38183431327343,1.297170432,181.527474176,698428.055650304,qc (and the one-time copy of the counts)
79.88259726203978,1.225531392,181.600382976,698427.958321152,qc (and the one-time copy of the counts)
80.38384023867548,1.272897536,181.549256704,698427.958321152,qc (and the one-time copy of the counts)
80.88475397229195,1.230524416,181.588115456,698427.958321152,qc (and the one-time copy of the counts)
81.38580686226487,1.269334016,181.548150784,698427.958321152,qc (and the one-time copy of the counts)
81.88768197968602,1.24125184,181.572022272,698427.970363392,qc (and the one-time copy of the counts)
82.38925641775131,1.175187456,181.634125824,698427.970363392,qc (and the one-time copy of the counts)
82.89124977402389,1.271361536,181.537972224,698427.970363392,qc (and the one-time copy of the counts)
83.39233735390007,1.191206912,181.614493696,698427.970363392,qc (and the one-time copy of the counts)
83.8942984379828,1.284050944,181.519785984,698428.017000448,qc (and the one-time copy of the counts)
84.39611513540149,1.207189504,181.59732736,698428.017000448,qc (and the one-time copy of the counts)
84.89833312481642,1.293049856,181.50981632,698428.017000448,qc (and the one-time copy of the counts)
85.39994641207159,1.21423872,181.585301504,698428.017000448,qc (and the one-time copy of the counts)
85.90085831470788,1.333293056,181.461078016,698427.808018432,qc (and the one-time copy of the counts)
86.40234303474426,1.22417152,181.563609088,698427.808018432,qc (and the one-time copy of the counts)
86.90387874655426,1.318326272,181.454503936,698427.808018432,qc (and the one-time copy of the counts)
87.40480134449899,1.379319808,181.393051648,698427.808018432,qc (and the one-time copy of the counts)
87.90565323084593,1.211928576,181.555990528,698427.6892672,qc (and the one-time copy of the counts)
88.40680506266654,1.312866304,181.452611584,698427.6892672,qc (and the one-time copy of the counts)
88.90763950534165,1.379995648,181.370519552,698427.6892672,qc (and the one-time copy of the counts)
89.40951791778207,1.203032064,181.543591936,698427.6892672,qc (and the one-time copy of the counts)
89.91094836965203,1.307746304,181.43862784,698427.498909696,qc (and the one-time copy of the counts)
90.41417733579874,1.38743808,181.36092672,698427.498909696,qc (and the one-time copy of the counts)
90.91513506695628,1.178267648,181.560614912,698427.498909696,qc (and the one-time copy of the counts)
91.41693120263517,1.297117184,181.441912832,698427.498909696,qc (and the one-time copy of the counts)
91.91893092542887,1.37680896,181.360001024,698427.511607296,qc (and the one-time copy of the counts)
92.42082444392145,1.39249664,181.34429696,698427.511607296,qc (and the one-time copy of the counts)
92.92276722192764,1.28149504,181.451730944,698427.511607296,qc (and the one-time copy of the counts)
93.42370296642184,1.361440768,181.37081856,698427.511607296,qc (and the one-time copy of the counts)
93.9256686847657,1.39290624,181.336612864,698427.499687936,qc (and the one-time copy of the counts)
94.42692800797522,1.268928512,181.45564672,698427.499687936,qc (and the one-time copy of the counts)
94.92867462150753,1.344434176,181.38073088,698427.499687936,qc (and the one-time copy of the counts)
95.42958088591695,1.386508288,181.34253568,698427.499687936,qc (and the one-time copy of the counts)
95.93114275857806,1.24246016,181.481238528,698427.338719232,qc (and the one-time copy of the counts)
96.43224476464093,1.335267328,181.38826752,698427.338719232,qc (and the one-time copy of the counts)
96.93427161872387,1.413013504,181.311062016,698427.338719232,qc (and the one-time copy of the counts)
97.43517297506332,1.449562112,181.271384064,698427.338719232,qc (and the one-time copy of the counts)
97.93643458373845,1.314045952,181.403439104,698427.397705728,qc (and the one-time copy of the counts)
98.43758531846106,1.393737728,181.3190656,698427.397705728,qc (and the one-time copy of the counts)
98.93959995359182,1.412898816,181.298249728,698427.397705728,qc (and the one-time copy of the counts)
99.44076208397746,1.312669696,181.394132992,698427.397705728,qc (and the one-time copy of the counts)
99.94258290529251,1.392361472,181.311889408,698427.482759168,qc (and the one-time copy of the counts)
100.44491312652826,1.413341184,181.291556864,698427.482759168,qc (and the one-time copy of the counts)
100.94675151072443,1.319591936,181.38259456,698427.482759168,qc (and the one-time copy of the counts)
101.44769978709519,1.39718656,181.304614912,698427.482759168,qc (and the one-time copy of the counts)
101.9497285373509,1.42655488,181.274451968,698427.428929536,qc (and the one-time copy of the counts)
102.45090634189546,1.301008384,181.395636224,698427.428929536,qc (and the one-time copy of the counts)
102.95198045298457,1.377861632,181.319258112,698427.428929536,qc (and the one-time copy of the counts)
103.45281719788909,1.42409728,181.272875008,698427.428929536,qc (and the one-time copy of the counts)
103.95421407744288,1.271672832,181.41886464,698427.295125504,qc (and the one-time copy of the counts)
104.4552309140563,1.365295104,181.324996608,698427.295125504,qc (and the one-time copy of the counts)
104.95704867132008,1.544912896,181.143584768,698427.295125504,qc (and the one-time copy of the counts)
105.45781663618982,1.219575808,181.470150656,698427.295125504,qc (and the one-time copy of the counts)
105.95962495356798,1.336061952,181.354053632,698426.977431552,qc (and the one-time copy of the counts)
106.46071434952319,1.413656576,181.276205056,698426.977431552,qc (and the one-time copy of the counts)
106.96164646185935,1.215922176,181.469876224,698426.977431552,qc (and the one-time copy of the counts)
107.46248225495219,1.32878336,181.355982848,698426.977431552,qc (and the one-time copy of the counts)
107.96328867040575,1.391796224,181.29297408,698427.039916032,qc (and the one-time copy of the counts)
108.46447875536978,1.259524096,181.419507712,698427.039916032,qc (and the one-time copy of the counts)
108.96534016542137,1.35092224,181.327917056,698427.039916032,qc (and the one-time copy of the counts)
109.46613057143986,1.390907392,181.287235584,698427.039916032,qc (and the one-time copy of the counts)
109.96789622493088,1.369612288,181.303025664,698427.011833856,qc (and the one-time copy of the counts)
110.4690157789737,1.378430976,181.294129152,698427.011833856,qc (and the one-time copy of the counts)
110.96981913410127,1.399410688,181.274763264,698427.011833856,qc (and the one-time copy of the counts)
111.47072321176529,1.31999744,181.352869888,698427.011833856,qc (and the one-time copy of the counts)
111.97162991389632,1.397714944,181.275021312,698426.999607296,qc (and the one-time copy of the counts)
112.47286568954587,1.427091456,181.244899328,698426.999607296,qc (and the one-time copy of the counts)
112.97376237809658,1.358974976,181.308776448,698426.999607296,qc (and the one-time copy of the counts)
113.47487109899521,1.389838336,181.275594752,698426.999607296,qc (and the one-time copy of the counts)
113.97692811489105,1.421303808,181.243174912,698427.005943808,qc (and the one-time copy of the counts)
114.47806962020695,1.307721728,181.352296448,698427.005943808,qc (and the one-time copy of the counts)
114.97988663241267,1.380057088,181.278502912,698427.005943808,qc (and the one-time copy of the counts)
115.4807996749878,1.417814016,181.239345152,698427.005943808,qc (and the one-time copy of the counts)
115.9822991695255,1.303789568,181.353156608,698426.906796032,qc (and the one-time copy of the counts)
116.48348823934793,1.378484224,181.278294016,698426.906796032,qc (and the one-time copy of the counts)
116.98453014343977,1.422532608,181.233668096,698426.906796032,qc (and the one-time copy of the counts)
117.4853662699461,1.284161536,181.366239232,698426.906796032,qc (and the one-time copy of the counts)
117.98650705628097,1.368592384,181.28164864,698427.053428736,qc (and the one-time copy of the counts)
118.4876916706562,1.421033472,181.227737088,698427.053428736,qc (and the one-time copy of the counts)
118.98887252248824,1.27184896,181.3721088,698427.053428736,qc (and the one-time copy of the counts)
119.48980278149247,1.358778368,181.284921344,698427.053428736,qc (and the one-time copy of the counts)
119.99065370671451,1.400864768,181.242138624,698426.678878208,qc (and the one-time copy of the counts)
120.49180261045694,1.298767872,181.339844608,698426.678878208,qc (and the one-time copy of the counts)
120.99279780685902,1.374732288,181.263904768,698426.678878208,qc (and the one-time copy of the counts)
121.493687286973,1.408294912,181.234307072,698426.678878208,qc (and the one-time copy of the counts)
121.99523616209626,1.369473024,181.268672512,698426.561404928,qc (and the one-time copy of the counts)
122.49659494869411,1.385496576,181.248319488,698426.561404928,qc (and the one-time copy of the counts)
122.99765856191516,1.412890624,181.220487168,698426.561404928,qc (and the one-time copy of the counts)
123.49870649911463,1.310748672,181.317226496,698426.561404928,qc (and the one-time copy of the counts)
124.00006827153265,1.390231552,181.237592064,698426.521718784,qc (and the one-time copy of the counts)
124.5013087913394,1.417560064,181.20955904,698426.521718784,qc (and the one-time copy of the counts)
125.00325335375965,1.314721792,181.30644992,698426.521718784,qc (and the one-time copy of the counts)
125.5041957590729,1.394614272,181.226295296,698426.521718784,qc (and the one-time copy of the counts)
126.00612915493548,1.419788288,181.204688896,698426.620059648,qc (and the one-time copy of the counts)
126.50746459886432,1.312722944,181.308567552,698426.620059648,qc (and the one-time copy of the counts)
127.0089753139764,1.392623616,181.228765184,698426.620059648,qc (and the one-time copy of the counts)
127.5100316349417,1.41570048,181.204340736,698426.620059648,qc (and the one-time copy of the counts)
128.01148074679077,1.314709504,181.301583872,698426.687619072,qc (and the one-time copy of the counts)
128.5129839554429,1.392304128,181.222002688,698426.687619072,qc (and the one-time copy of the counts)
129.0139985959977,1.419681792,181.193977856,698426.687619072,qc (and the one-time copy of the counts)
129.51494079083204,1.318240256,181.290192896,698426.687619072,qc (and the one-time copy of the counts)
130.0161455385387,1.388527616,181.21893888,698426.436476928,qc (and the one-time copy of the counts)
130.5175431985408,1.428381696,181.176274944,698426.436476928,qc (and the one-time copy of the counts)
131.0189013965428,1.29910784,181.30100224,698426.436476928,qc (and the one-time copy of the counts)
131.51995776593685,1.377599488,181.227040768,698426.436476928,qc (and the one-time copy of the counts)
132.02190785109997,1.407049728,181.196529664,698426.455343104,qc (and the one-time copy of the counts)
132.52325277775526,1.30910208,181.2896768,698426.455343104,qc (and the one-time copy of the counts)
133.02522888965905,1.386938368,181.21138176,698426.455343104,qc (and the one-time copy of the counts)
133.5262073855847,1.221246976,181.371895808,698426.455343104,qc (and the one-time copy of the counts)
134.02816806174815,1.337196544,181.25504512,698426.498224128,qc (and the one-time copy of the counts)
134.52951059676707,1.406476288,181.185142784,698426.498224128,qc (and the one-time copy of the counts)
135.03147370554507,1.257172992,181.329035264,698426.498224128,qc (and the one-time copy of the counts)
135.53260163776577,1.32517888,181.262262272,698426.498224128,qc (and the one-time copy of the counts)
136.0334194060415,1.28108544,181.304250368,698426.4260608,qc (and the one-time copy of the counts)
136.53472809679806,1.230716928,181.35728128,698426.4260608,qc (and the one-time copy of the counts)
137.03557939641178,1.312284672,181.27517696,698426.4260608,qc (and the one-time copy of the counts)
137.53656602837145,1.289363456,181.294051328,698426.4260608,qc (and the one-time copy of the counts)
138.0378644336015,1.365860352,181.217656832,698426.408452096,qc (and the one-time copy of the counts)
138.53915951773524,1.254805504,181.323882496,698426.408452096,qc (and the one-time copy of the counts)
139.04115773178637,1.343512576,181.234581504,698426.408452096,qc (and the one-time copy of the counts)
139.54203818365932,1.213095936,181.361831936,698426.408452096,qc (and the one-time copy of the counts)
140.04353067092597,1.339981824,181.234671616,698426.444320768,qc (and the one-time copy of the counts)
140.54488931037486,1.415708672,181.15762176,698426.444320768,qc (and the one-time copy of the counts)
141.04698354564607,1.468145664,181.10449664,698426.444320768,qc (and the one-time copy of the counts)
141.5480400621891,1.267351552,181.305061376,698426.444320768,qc (and the one-time copy of the counts)
142.05003163404763,1.37373696,181.198426112,698426.38575616,qc (and the one-time copy of the counts)
142.5514291934669,1.449234432,181.121785856,698426.38575616,qc (and the one-time copy of the counts)
143.05219592526555,1.47044352,181.100118016,698426.38575616,qc (and the one-time copy of the counts)
143.55338021367788,1.31024896,181.255118848,698426.38575616,qc (and the one-time copy of the counts)
144.05422277748585,1.385746432,181.178028032,698426.419245056,qc (and the one-time copy of the counts)
144.55564113892615,1.24164096,181.318291456,698426.419245056,qc (and the one-time copy of the counts)
145.05647064559162,1.344774144,181.21357312,698426.419245056,qc (and the one-time copy of the counts)
145.55752846226096,1.395204096,181.16253696,698426.419245056,qc (and the one-time copy of the counts)
146.05837337858975,1.2998656,181.25488128,698426.467397632,qc (and the one-time copy of the counts)
146.55978288687766,1.362825216,181.194989568,698426.467397632,qc (and the one-time copy of the counts)
147.06089301034808,1.28376832,181.271392256,698426.467397632,qc (and the one-time copy of the counts)
147.5622738339007,1.271185408,181.228433408,698426.467397632,qc (and the one-time copy of the counts)
148.06314769759774,1.31895296,181.232070656,698426.466304,qc (and the one-time copy of the counts)
148.5647928956896,1.265524736,181.282615296,698426.466304,qc (and the one-time copy of the counts)
149.06568092294037,1.323012096,181.224910848,698426.466304,qc (and the one-time copy of the counts)
149.5667418986559,1.299881984,181.243379712,698426.466304,qc (and the one-time copy of the counts)
150.06759284622967,1.233440768,181.306699776,698426.297274368,qc (and the one-time copy of the counts)
150.56890722364187,1.330266112,181.208694784,698426.297274368,qc (and the one-time copy of the counts)
151.06976895034313,1.279504384,181.25668352,698426.297274368,qc (and the one-time copy of the counts)
151.5709545854479,1.33629952,181.202427904,698426.297274368,qc (and the one-time copy of the counts)
152.071822848171,1.302126592,181.23436032,698426.176446464,qc (and the one-time copy of the counts)
152.57320443540812,1.22980352,181.303115776,698426.176446464,qc (and the one-time copy of the counts)
153.07408962212503,1.333542912,181.1996672,698426.176446464,qc (and the one-time copy of the counts)
153.57516271807253,1.269379072,181.259689984,698426.176446464,qc (and the one-time copy of the counts)
154.07605355419219,1.33916672,181.18912,698426.015903744,qc (and the one-time copy of the counts)
154.5775415226817,1.28899072,181.237317632,698426.015903744,qc (and the one-time copy of the counts)
155.078301390633,1.220612096,181.302530048,698426.015903744,qc (and the one-time copy of the counts)
155.57952336966991,1.32134912,181.20267776,698426.015903744,qc (and the one-time copy of the counts)
156.0803688056767,1.223970816,181.29676288,698426.059927552,qc (and the one-time copy of the counts)
156.58180683106184,1.332457472,181.188509696,698426.059927552,qc (and the one-time copy of the counts)
157.08284915797412,1.387098112,181.137543168,698426.059927552,qc (and the one-time copy of the counts)
157.58420851826668,1.2852224,181.234438144,698426.059927552,qc (and the one-time copy of the counts)
158.08564750105143,1.238462464,181.278449664,698426.214014976,qc (and the one-time copy of the counts)
158.58674331009388,1.32134912,181.193601024,698426.214014976,qc (and the one-time copy of the counts)
159.08853898011148,0.83499008,181.674737664,698426.214014976,qc (and the one-time copy of the counts)
159.58983670547605,0.860422144,181.650141184,698426.214014976,qc (and the one-time copy of the counts)
160.09161843732,0.925437952,181.58393344,698426.027982848,qc (and the one-time copy of the counts)
160.59349982254207,0.998846464,181.508497408,698426.027982848,qc (and the one-time copy of the counts)
161.09576480090618,1.02981632,181.476040704,698426.027982848,qc (and the one-time copy of the counts)
161.597093610093,1.141784576,181.365284864,698426.027982848,qc (and the one-time copy of the counts)
162.09920400939882,1.197113344,181.310918656,698426.010451968,qc (and the one-time copy of the counts)
162.60153612680733,1.241747456,181.267554304,698426.010451968,qc (and the one-time copy of the counts)
163.10357493907213,1.258840064,181.252632576,698426.010451968,qc (and the one-time copy of the counts)
163.60485794208944,1.268281344,181.240758272,698426.010451968,qc (and the one-time copy of the counts)
164.10690503381193,1.2696576,181.23986944,698425.918148608,qc (and the one-time copy of the counts)
164.6080455482006,1.376309248,181.13357824,698425.918148608,qc (and the one-time copy of the counts)
165.11028355546296,1.408528384,181.102526464,698425.918148608,qc (and the one-time copy of the counts)
165.61171600595117,1.439469568,181.068316672,698425.918148608,qc (and the one-time copy of the counts)
166.11389770172536,1.48795392,181.021396992,698425.965907968,qc (and the one-time copy of the counts)
166.61565323174,1.532669952,180.974374912,698425.965907968,qc (and the one-time copy of the counts)
167.11761135049164,1.565700096,180.942364672,698425.965907968,qc (and the one-time copy of the counts)
167.61924842372537,1.646678016,180.858867712,698425.965907968,qc (and the one-time copy of the counts)
168.12131031788886,1.741778944,180.764540928,698426.06143488,qc (and the one-time copy of the counts)
168.62394190207124,1.777123328,180.73178112,698426.06143488,qc (and the one-time copy of the counts)
169.12521299533546,1.800368128,180.708728832,698426.06143488,qc (and the one-time copy of the counts)
169.62650023400784,1.80944896,180.696915968,698426.06143488,qc (and the one-time copy of the counts)
170.12853680364788,1.842700288,180.663816192,698426.050449408,qc (and the one-time copy of the counts)
170.6302072312683,1.93091584,180.575588352,698426.050449408,qc (and the one-time copy of the counts)
171.13231296651065,1.966505984,180.541042688,698426.050449408,qc (and the one-time copy of the counts)
171.63396965898573,2.008805376,180.4957696,698426.050449408,qc (and the one-time copy of the counts)
172.13644983060658,2.048032768,180.456464384,698426.089115648,qc (and the one-time copy of the counts)
172.63953906856477,2.069147648,180.439146496,698426.089115648,qc (and the one-time copy of the counts)
173.14135751500726,2.07085568,180.439719936,698426.089115648,qc (and the one-time copy of the counts)
173.64230286702514,2.116988928,180.392460288,698426.089115648,qc (and the one-time copy of the counts)
174.14433573931456,2.200891392,180.310519808,698426.108854272,qc (and the one-time copy of the counts)
174.64598385430872,2.251640832,180.256559104,698426.108854272,qc (and the one-time copy of the counts)
175.14789496548474,2.3397376,180.167774208,698426.108854272,qc (and the one-time copy of the counts)
175.64928261749446,2.34498048,180.162707456,698426.108854272,qc (and the one-time copy of the counts)
176.15147478692234,0.781479936,181.728079872,698426.027593728,qc (and the one-time copy of the counts)
176.65301299467683,0.861274112,181.650477056,698426.027593728,qc (and the one-time copy of the counts)
177.15494685061276,0.95404032,181.5571456,698426.027593728,qc (and the one-time copy of the counts)
177.65620898641646,1.016877056,181.49271552,698426.027593728,qc (and the one-time copy of the counts)
178.15701038204134,1.049583616,181.462683648,698426.0855808,qc (and the one-time copy of the counts)
178.6586127895862,1.05506816,181.455618048,698426.0855808,qc (and the one-time copy of the counts)
179.160469930619,1.204043776,181.306990592,698426.0855808,qc (and the one-time copy of the counts)
179.66184322535992,1.24618752,181.263798272,698426.0855808,qc (and the one-time copy of the counts)
180.1637918110937,1.258057728,181.252030464,698425.926529024,qc (and the one-time copy of the counts)
180.66545638255775,1.305587712,181.20413184,698425.926529024,qc (and the one-time copy of the counts)
181.16747440770268,1.330413568,181.178785792,698425.926529024,qc (and the one-time copy of the counts)
181.6687980312854,1.360384,181.146779648,698425.926529024,qc (and the one-time copy of the counts)
182.17085086926818,1.372147712,181.134139392,698425.98291456,qc (and the one-time copy of the counts)
182.67323064617813,1.425604608,181.080653824,698425.98291456,qc (and the one-time copy of the counts)
183.17441838234663,1.433268224,181.068017664,698425.98291456,qc (and the one-time copy of the counts)
183.67713771387935,1.458180096,181.050691584,698425.98291456,qc (and the one-time copy of the counts)
184.17860752902925,1.493532672,181.014171648,698425.91934464,qc (and the one-time copy of the counts)
184.8517562802881,1.569787904,180.940435456,698425.91934464,qc (and the one-time copy of the counts)
185.3528106417507,1.62875392,180.881629184,698425.91934464,qc (and the one-time copy of the counts)
185.85493537038565,1.752502272,180.750544896,698425.971400704,qc (and the one-time copy of the counts)
186.35747875459492,1.805418496,180.701126656,698425.971400704,qc (and the one-time copy of the counts)
186.85924458131194,1.843761152,180.662648832,698425.971400704,qc (and the one-time copy of the counts)
187.36043036356568,1.86333184,180.642942976,698425.971400704,qc (and the one-time copy of the counts)
187.86219017393887,1.815015424,180.689281024,698425.925046272,qc (and the one-time copy of the counts)
188.3658335134387,1.867104256,180.642906112,698425.925046272,qc (and the one-time copy of the counts)
188.86743110604584,1.875709952,180.634320896,698425.925046272,qc (and the one-time copy of the counts)
189.36935122311115,1.889681408,180.621684736,698425.925046272,qc (and the one-time copy of the counts)
189.87116177007556,1.976741888,180.531298304,698426.010456064,qc (and the one-time copy of the counts)
190.3733666948974,2.034417664,180.474486784,698426.010456064,qc (and the one-time copy of the counts)
190.87448707781732,2.107400192,180.400615424,698426.010456064,qc (and the one-time copy of the counts)
191.37650961987674,2.1168128,180.391596032,698426.010456064,qc (and the one-time copy of the counts)
191.87759958207607,2.131980288,180.376928256,698426.039099392,qc (and the one-time copy of the counts)
192.37988911941648,2.172506112,180.33391616,698426.039099392,qc (and the one-time copy of the counts)
192.88070002570748,2.18753024,180.317913088,698426.039099392,qc (and the one-time copy of the counts)
193.38263614661992,2.23031296,180.2761216,698426.039099392,qc (and the one-time copy of the counts)
193.88372183404863,2.321747968,180.188925952,698426.184224768,qc (and the one-time copy of the counts)
194.3855459652841,2.379677696,180.130799616,698426.184224768,qc (and the one-time copy of the counts)
194.81300657056272,0.783249408,181.72760064,698426.184224768,qc (and the one-time copy of the counts)
194.81356730870903,0.783249408,181.72760064,698426.184224768,normalize
194.88660601899028,0.845037568,181.666254848,698426.184224768,normalize
195.3874642867595,0.867151872,181.64314112,698426.184224768,normalize
195.88928033784032,0.86788096,181.64314112,698425.730011136,normalize
196.39059698954225,0.896118784,181.614505984,698425.730011136,normalize
196.89245812222362,0.896831488,181.610876928,698425.730011136,normalize
197.3934505302459,0.914087936,181.593735168,698425.730011136,normalize
197.89562401734293,0.927756288,181.580402688,698425.414959104,normalize
198.3991287983954,0.940335104,181.571264512,698425.414959104,normalize
198.90065232664347,0.941080576,181.568729088,698425.414959104,normalize
199.40274074301124,0.941088768,181.568729088,698425.414959104,normalize
199.90478409081697,0.941088768,181.568221184,698425.941663744,normalize
200.40725151263177,0.941088768,181.56873728,698425.941663744,normalize
200.90873931348324,0.941088768,181.568864256,698425.941663744,normalize
201.40958984196186,0.941088768,181.568864256,698425.941663744,normalize
201.910501094535,0.941088768,181.56658688,698425.980239872,normalize
202.41251459904015,0.941088768,181.56658688,698425.980239872,normalize
202.9141319990158,0.941088768,181.56658688,698425.980239872,normalize
203.4162498228252,0.941088768,181.570781184,698425.980239872,normalize
203.9184218812734,0.941088768,181.568720896,698426.177835008,normalize
204.42076635360718,0.948318208,181.563006976,698426.177835008,normalize
204.92177642136812,0.948629504,181.561614336,698426.177835008,normalize
205.42262615822256,0.95664128,181.553995776,698426.177835008,normalize
205.92363784089684,0.956674048,181.551222784,698426.013544448,normalize
206.42519943974912,0.956674048,181.551222784,698426.013544448,normalize
206.92718343250453,0.956674048,181.551222784,698426.013544448,normalize
207.4292704705149,0.956674048,181.551222784,698426.013544448,normalize
207.9303634893149,0.956674048,181.551222784,698426.118995968,normalize
208.43446956574917,0.956674048,181.55751424,698426.118995968,normalize
208.9362317789346,0.956674048,181.555884032,698426.118995968,normalize
209.43709090165794,0.956674048,181.555884032,698426.118995968,normalize
209.93826471082866,0.956674048,181.55589632,698426.265329664,normalize
210.4405532181263,0.957329408,181.55526144,698426.265329664,normalize
210.94143085740507,0.957411328,181.55286528,698426.265329664,normalize
211.4434619229287,0.957411328,181.55286528,698426.265329664,normalize
211.94546451047063,0.957411328,181.552861184,698426.254848,normalize
212.16155016608536,0.957415424,181.552861184,698426.254848,normalize
212.16219906508923,0.957415424,181.552861184,698426.254848,hvg
212.44753394648433,1.333522432,181.17654528,698426.254848,hvg
212.94848000630736,2.408300544,180.097339392,698426.254848,hvg
213.44932517409325,1.524420608,180.980645888,698426.254848,hvg
213.95016884244978,2.190589952,180.315447296,698426.132332544,hvg
214.45282102935016,2.936905728,179.57124096,698426.132332544,hvg
214.95370551757514,1.42106624,181.089255424,698426.132332544,hvg
215.45500867813826,2.7830272,179.724263424,698426.132332544,hvg
215.95623505674303,1.234272256,181.27429632,698426.14349824,hvg
216.4584890678525,2.60794368,179.898355712,698426.14349824,hvg
216.9603758584708,2.754830336,179.74931456,698426.14349824,hvg
217.4613070525229,1.370079232,181.136084992,698426.14349824,hvg
217.96345652081072,2.496561152,180.007927808,698426.187300864,hvg
218.4657724276185,1.056858112,181.447430144,698426.187300864,hvg
218.96684904582798,2.193956864,180.315664384,698426.187300864,hvg
219.46893105097115,3.201851392,179.305558016,698426.187300864,hvg
219.97079902142286,2.460983296,180.044959744,698426.22291968,hvg
220.47363954037428,1.40959744,181.098643456,698426.22291968,hvg
220.9746474456042,3.035664384,179.470241792,698426.22291968,hvg
221.4755849149078,4.111106048,178.39245312,698426.22291968,hvg
221.9766699168831,4.111106048,178.39030272,698426.238693376,hvg
222.47873737849295,1.62193408,180.88390656,698426.238693376,hvg
222.98081732727587,3.183693824,179.320098816,698426.238693376,hvg
223.4822313543409,4.030185472,178.471723008,698426.238693376,hvg
223.98460807465017,1.060798464,181.441241088,698426.23377408,hvg
224.48895361460745,1.984602112,180.524957696,698426.23377408,hvg
224.99091432616115,3.407761408,179.100266496,698426.23377408,hvg
225.49187538586557,2.998972416,179.329511424,698426.23377408,hvg
225.9931953549385,1.412890624,181.096329216,698426.275516416,hvg
226.4955598693341,3.052363776,179.454173184,698426.275516416,hvg
226.99747223593295,3.843584,178.662289408,698426.275516416,hvg
227.49828597344458,1.066033152,181.44110592,698426.275516416,hvg
227.99960935488343,1.837428736,180.670717952,698426.199457792,hvg
228.50203579477966,3.099828224,179.405651968,698426.199457792,hvg
229.00424906983972,3.91202816,178.591105024,698426.199457792,hvg
229.50544929504395,1.306550272,181.200224256,698426.199457792,hvg
230.00756048038602,2.69625344,179.80870656,698425.382129664,hvg
230.51069488190114,3.545817088,178.96052736,698425.382129664,hvg
231.01265568099916,1.066037248,181.44059392,698425.382129664,hvg
231.51448690332472,2.164936704,180.342747136,698425.382129664,hvg
232.01653028652072,3.330781184,179.17523968,698425.375903744,hvg
232.5179474297911,1.181696,181.326860288,698425.375903744,hvg
233.0191931463778,2.580865024,179.924156416,698425.375903744,hvg
233.5202103704214,3.178614784,179.324833792,698425.375903744,hvg
234.02227827347815,1.478643712,181.029040128,698425.43886336,hvg
234.52567104622722,2.674167808,179.835715584,698425.43886336,hvg
235.02750215493143,3.30930176,179.199033344,698425.43886336,hvg
235.52955965138972,1.779212288,180.731621376,698425.43886336,hvg
236.0305179655552,2.951225344,179.555569664,698426.007760896,hvg
236.53174733184278,1.120067584,181.38877952,698426.007760896,hvg
237.0334577895701,2.440962048,180.066463744,698426.007760896,hvg
237.53474484942853,2.943905792,179.562020864,698426.007760896,hvg
238.03663155809045,1.712103424,180.794028032,698426.025025536,hvg
238.53905789367855,3.271200768,179.233275904,698426.025025536,hvg
239.04105288162827,4.1455616,178.356113408,698426.025025536,hvg
239.54286630637944,1.075433472,181.43412224,698426.025025536,hvg
240.04447172954679,1.83451648,180.67335168,698425.169215488,hvg
240.54669509641826,3.344584704,179.161092096,698425.169215488,hvg
241.04824230261147,4.248481792,178.255945728,698425.169215488,hvg
241.54923024959862,1.950748672,180.554747904,698425.169215488,hvg
242.05124407447875,1.723727872,180.782186496,698425.143304192,hvg
242.55354820005596,3.33479936,179.168489472,698425.143304192,hvg
243.05559457466006,4.249288704,178.252816384,698425.143304192,hvg
243.55760648287833,2.73664,179.653914624,698425.143304192,hvg
244.06077462248504,1.561153536,180.951076864,698424.887963648,hvg
244.56277434155345,3.041185792,179.466235904,698424.887963648,hvg
245.06483279168606,3.823222784,178.683887616,698424.887963648,hvg
245.56593882851303,1.078755328,181.431283712,698424.887963648,hvg
246.06710741110146,1.854304256,180.655611904,698424.767275008,hvg
246.56945638358593,3.251040256,179.25462016,698424.767275008,hvg
247.07125992700458,4.11449344,178.39060992,698424.767275008,hvg
247.57216113433242,1.388785664,181.119934464,698424.767275008,hvg
248.0742289815098,2.598735872,179.908317184,698424.486117376,hvg
248.5754440817982,3.738914816,178.7638784,698424.486117376,hvg
249.0774781666696,3.269443584,179.233837056,698424.486117376,hvg
249.5786244031042,1.495273472,181.011296256,698424.486117376,hvg
250.08069338276982,3.14632192,179.357945856,698425.387933696,hvg
250.5830288734287,4.027346944,178.476814336,698425.387933696,hvg
251.084047133103,3.300790272,179.204149248,698425.387933696,hvg
251.58601385354996,1.762680832,180.745760768,698425.387933696,hvg
252.08803521469235,3.117490176,179.38855936,698425.643941888,hvg
252.58922895602882,3.921256448,178.582380544,698425.643941888,hvg
253.09083347767591,1.091887104,181.415272448,698425.643941888,hvg
253.59200399369,2.248699904,180.256227328,698425.643941888,hvg
254.09348786249757,1.679392768,180.825202688,698424.997556224,hvg
254.59574034065008,1.411076096,181.100568576,698424.997556224,hvg
255.09719762206078,2.409951232,180.099743744,698424.997556224,hvg
255.59910115413368,3.521994752,178.983227392,698424.997556224,hvg
256.10114252381027,2.863702016,179.641368576,698424.066035712,hvg
256.6035914029926,1.079304192,181.428224,698424.066035712,hvg
257.1047321613878,2.164514816,180.343844864,698424.066035712,hvg
257.60589597932994,2.625380352,179.879006208,698424.066035712,hvg
258.1073150783777,1.7533952,180.751433728,698424.661450752,hvg
258.60964118130505,2.158297088,180.347478016,698424.661450752,hvg
259.11167336814106,2.27264512,180.232269824,698424.661450752,hvg
259.61352882161736,1.846513664,180.657647616,698424.661450752,hvg
260.1153564695269,2.80727552,179.702145024,698425.51863296,hvg
260.61763879098,1.491603456,181.017837568,698425.51863296,hvg
261.1194730438292,2.565992448,179.942158336,698425.51863296,hvg
261.6204732339829,1.661988864,180.845150208,698425.51863296,hvg
261.8779112379998,0.816406528,181.691416576,698425.469693952,hvg
261.89124472625554,0.816410624,181.691416576,698425.469693952,renormalize
262.12159389443696,0.8891392,181.61895424,698425.469693952,renormalize
262.62344662472606,0.92925952,181.57817856,698425.469693952,renormalize
263.12434097379446,0.933789696,181.572435968,698425.469693952,renormalize
263.6253562550992,0.956923904,181.548797952,698425.469693952,renormalize
264.12741934135556,0.959021056,181.545926656,698425.408561152,renormalize
264.6294520366937,0.959021056,181.54780672,698425.408561152,renormalize
265.13093399070203,0.96321536,181.54330112,698425.408561152,renormalize
265.6322196330875,0.96321536,181.542391808,698425.408561152,renormalize
266.1337461862713,0.96321536,181.541912576,698425.039036416,renormalize
266.6347358375788,0.963485696,181.541531648,698425.039036416,renormalize
267.1367381699383,0.973262848,181.531561984,698425.039036416,renormalize
267.638738527894,0.973533184,181.528408064,698425.039036416,renormalize
268.1406515799463,0.973807616,181.528006656,698425.335386112,renormalize
268.642951162532,0.992681984,181.508501504,698425.335386112,renormalize
269.14401336945593,1.007362048,181.493579776,698425.335386112,renormalize
269.6450573261827,1.007362048,181.490999296,698425.335386112,renormalize
270.1471251063049,1.00763648,181.49076992,698426.142941184,renormalize
270.6510617621243,1.00763648,181.496631296,698426.142941184,renormalize
271.15309789031744,1.00763648,181.49681152,698426.142941184,renormalize
271.6550043988973,1.00763648,181.494153216,698426.142941184,renormalize
272.15698447078466,1.00763648,181.49392384,698425.887645696,renormalize
272.65922152251005,1.013927936,181.487230976,698425.887645696,renormalize
273.16124771535397,1.02785024,181.472313344,698425.887645696,renormalize
273.6625438965857,1.046024192,181.451685888,698425.887645696,renormalize
274.1634243186563,1.054457856,181.4429696,698425.682771968,renormalize
274.6657489538193,1.054457856,181.44284672,698425.682771968,renormalize
275.1674639135599,1.054457856,181.44251904,698425.682771968,renormalize
275.66875362209976,1.054457856,181.442060288,698425.682771968,renormalize
276.16966417618096,1.060749312,181.439627264,698424.277520384,renormalize
276.67166583798826,1.060749312,181.437579264,698424.277520384,renormalize
277.1734420377761,1.060749312,181.436719104,698424.277520384,renormalize
277.67476668581367,1.060749312,181.43676416,698424.277520384,renormalize
278.17572938092053,1.060749312,181.43643648,698424.587214848,renormalize
278.67802940681577,1.066450944,181.427806208,698424.587214848,renormalize
279.1798833049834,1.070682112,181.42326784,698424.587214848,renormalize
279.681598411873,1.070682112,181.422710784,698424.587214848,renormalize
280.1831383667886,1.070682112,181.422424064,698425.180581888,renormalize
280.6857317369431,1.070682112,181.424349184,698425.180581888,renormalize
281.1866407375783,1.070682112,181.423505408,698425.180581888,renormalize
281.68803310766816,1.070682112,181.423857664,698425.180581888,renormalize
282.1898352820426,1.070682112,181.422997504,698425.434988544,renormalize
282.6914973258972,1.072779264,181.420904448,698425.434988544,renormalize
283.1930309198797,1.072914432,181.420634112,698425.434988544,renormalize
283.69429172202945,1.072914432,181.41749248,698425.434988544,renormalize
284.1949927136302,1.072914432,181.41749248,698425.51355392,renormalize
284.6971623636782,1.072914432,181.417480192,698425.51355392,renormalize
285.19836484640837,1.072914432,181.420797952,698425.51355392,renormalize
285.6998137123883,1.072914432,181.41902848,698425.51355392,renormalize
286.20088716596365,1.072914432,181.418684416,698425.239810048,renormalize
286.70205952972174,1.072914432,181.418299392,698425.239810048,renormalize
287.20284987427294,1.075011584,181.415755776,698425.239810048,renormalize
287.704431630671,1.075011584,181.413556224,698425.239810048,renormalize
288.2056696228683,1.075011584,181.413269504,698424.912560128,renormalize
288.70750126987696,1.075011584,181.412888576,698424.912560128,renormalize
289.2087402381003,1.075011584,181.4126592,698424.912560128,renormalize
289.7098025493324,1.075011584,181.416460288,698424.912560128,renormalize
290.21102414280176,1.075011584,181.416214528,698424.581574656,renormalize
290.7127914298326,1.075011584,181.41394944,698424.581574656,renormalize
291.21403199620545,1.077108736,181.411090432,698424.581574656,renormalize
291.71561985835433,1.077108736,181.411373056,698424.581574656,renormalize
292.2168085779995,1.077108736,181.410357248,698424.624308224,renormalize
292.7178804501891,1.077108736,181.408333824,698424.624308224,renormalize
293.2186385858804,1.077108736,181.408333824,698424.624308224,renormalize
293.7194841466844,1.077108736,181.40823552,698424.624308224,renormalize
294.22036992944777,1.077108736,181.407449088,698424.780382208,renormalize
294.7215562388301,1.077108736,181.405360128,698424.780382208,renormalize
295.2227124404162,1.077108736,181.40463104,698424.780382208,renormalize
295.72409157827497,1.077374976,181.404483584,698424.780382208,renormalize
296.22565638273954,1.095491584,181.385719808,698424.869732352,renormalize
296.7286748588085,1.095491584,181.392543744,698424.869732352,renormalize
297.22966619953513,1.095491584,181.391568896,698424.869732352,renormalize
297.7308010868728,1.095491584,181.389320192,698424.869732352,renormalize
298.2316392753273,1.097588736,181.387452416,698424.939638784,renormalize
298.7331608310342,1.097588736,181.387411456,698424.939638784,renormalize
299.23507081344724,1.097588736,181.38714112,698424.939638784,renormalize
299.7365410942584,1.097588736,181.384331264,698424.939638784,renormalize
300.2374589834362,1.10178304,181.379883008,698425.064800256,renormalize
300.74005129374564,1.10178304,181.384187904,698425.064800256,renormalize
301.2410132922232,1.10178304,181.383344128,698425.064800256,renormalize
301.74241363443434,1.10178304,181.38126336,698425.064800256,renormalize
302.24309349805117,1.124851712,181.358198784,698425.061445632,renormalize
302.7440058309585,1.124851712,181.358014464,698425.061445632,renormalize
303.245710818097,1.124851712,181.357617152,698425.061445632,renormalize
303.74707604944706,1.126948864,181.352587264,698425.061445632,renormalize
304.24800571240485,1.126948864,181.352300544,698425.050189824,renormalize
304.75032807327807,1.126948864,181.352292352,698425.050189824,renormalize
305.25212221220136,1.126948864,181.352005632,698425.050189824,renormalize
305.7533662710339,1.126948864,181.351612416,698425.050189824,renormalize
306.2542513906956,1.126948864,181.35545856,698425.229541376,renormalize
306.7553281262517,1.126948864,181.353652224,698425.229541376,renormalize
307.2562671061605,1.126948864,181.352849408,698425.229541376,renormalize
307.75794658623636,1.126948864,181.352747008,698425.229541376,renormalize
308.25885469838977,1.126948864,181.352214528,698425.135616,renormalize
308.76074763573706,1.129046016,181.347401728,698425.135616,renormalize
309.2616777718067,1.129046016,181.347401728,698425.135616,renormalize
309.7632482778281,1.129046016,181.346951168,698425.135616,renormalize
310.2642005421221,1.129046016,181.346680832,698425.108594688,renormalize
310.76704710535705,1.129046016,181.348569088,698425.108594688,renormalize
311.26796000264585,1.129046016,181.347708928,698425.108594688,renormalize
311.76967425085604,1.129046016,181.34800384,698425.108594688,renormalize
312.2706357743591,1.129046016,181.347217408,698425.231740928,renormalize
312.772648897022,1.129046016,181.347049472,698425.231740928,renormalize
313.27358973771334,1.129046016,181.347147776,698425.231740928,renormalize
313.774948887527,1.131143168,181.342502912,698425.231740928,renormalize
314.2759102024138,1.131143168,181.342502912,698425.298403328,renormalize
314.77794520556927,1.131143168,181.342154752,698425.298403328,renormalize
315.2789064925164,1.131143168,181.341884416,698425.298403328,renormalize
315.7801023144275,1.131143168,181.339090944,698425.298403328,renormalize
316.2810519300401,1.131143168,181.339090944,698425.426710528,renormalize
316.7843678407371,1.131143168,181.345529856,698425.426710528,renormalize
317.285379704088,1.131143168,181.345243136,698425.426710528,renormalize
317.78700886666775,1.131143168,181.34255616,698425.426710528,renormalize
318.2879736535251,1.131143168,181.341753344,698425.387872256,renormalize
318.79012010619044,1.13324032,181.341863936,698425.387872256,renormalize
319.2911384422332,1.13324032,181.341003776,698425.387872256,renormalize
319.79243190586567,1.13324032,181.34116352,698425.387872256,renormalize
320.2934399601072,1.133244416,181.340778496,698425.787383808,renormalize
320.79550941102207,1.133318144,181.337755648,698425.787383808,renormalize
321.2965051662177,1.189814272,181.28023552,698425.787383808,renormalize
321.79765253327787,1.189879808,181.280657408,698425.787383808,renormalize
322.2986812144518,1.193050112,181.276966912,698425.743429632,renormalize
322.8000566549599,1.193050112,181.273645056,698425.743429632,renormalize
323.30105675570667,1.195147264,181.271261184,698425.743429632,renormalize
323.80247144959867,1.195147264,181.270761472,698425.743429632,renormalize
324.3034966979176,1.195147264,181.274341376,698425.668050944,renormalize
324.8055224586278,1.195147264,181.272014848,698425.668050944,renormalize
325.306558098644,1.195147264,181.271154688,698425.668050944,renormalize
325.8075436614454,1.195147264,181.271318528,698425.668050944,renormalize
326.3085787296295,1.195147264,181.270478848,698425.56379136,renormalize
326.809819675982,1.197244416,181.2661248,698425.56379136,renormalize
327.31085845083,1.197244416,181.265248256,698425.56379136,renormalize
327.8116696961224,1.197244416,181.264879616,698425.56379136,renormalize
328.312717076391,1.197244416,181.264535552,698425.774329856,renormalize
328.8150333147496,1.197244416,181.268692992,698425.774329856,renormalize
329.31607000902295,1.197776896,181.267677184,698425.774329856,renormalize
329.81777786277235,1.197776896,181.265457152,698425.774329856,renormalize
330.31878613866866,0.83085312,181.628071936,698425.865867264,renormalize
330.82082057371736,0.83085312,181.627846656,698425.865867264,renormalize
331.32184548303485,0.836534272,181.623402496,698425.865867264,renormalize
331.70365135371685,0.836804608,181.669810176,698425.865867264,renormalize
331.70438904874027,0.836804608,181.669810176,698425.865867264,pca
331.82288513332605,0.84228096,181.664325632,698425.865867264,pca
332.3239471297711,0.959950848,181.54596352,698425.826578432,pca
332.8257977310568,0.959950848,181.54561536,698425.826578432,pca
333.3267535660416,0.980922368,181.523759104,698425.826578432,pca
333.828261917457,0.985116672,181.521330176,698425.826578432,pca
334.33005822077394,0.985116672,181.521293312,698425.79326976,pca
334.8310218062252,0.989310976,181.516632064,698425.79326976,pca
335.33171092905104,0.989310976,181.516288,698425.79326976,pca
335.83241372928023,0.989310976,181.51436288,698425.79326976,pca
336.3333095088601,0.989310976,181.513961472,698425.966866432,pca
336.8344919588417,1.000865792,181.5000064,698425.966866432,pca
337.3354099933058,1.000923136,181.499031552,698425.966866432,pca
337.83632409758866,1.000923136,181.498925056,698425.966866432,pca
338.33713217265904,1.019797504,181.479276544,698425.88850176,pca
338.83986787870526,1.034477568,181.469364224,698425.88850176,pca
339.34087382629514,1.034477568,181.469093888,698425.88850176,pca
339.84186048805714,1.034477568,181.468520448,698425.88850176,pca
340.3429251462221,1.034477568,181.468217344,698425.770889216,pca
340.8441915027797,1.034477568,181.465628672,698425.770889216,pca
341.3462405614555,1.034477568,181.46484224,698425.770889216,pca
341.84801205806434,1.034477568,181.465464832,698425.770889216,pca
342.3488289229572,1.034477568,181.464662016,698425.83279616,pca
342.8505525868386,1.054642176,181.44401408,698425.83279616,pca
343.35143079049885,1.07177984,181.42633984,698425.83279616,pca
343.85345489159226,1.080311808,181.416177664,698425.895579648,pca
344.3558344207704,1.080311808,181.420060672,698425.895579648,pca
344.8570892214775,1.080311808,181.419995136,698425.895579648,pca
345.3590302988887,1.080311808,181.419077632,698425.895579648,pca
345.86081731691957,1.088700416,181.408796672,698426.456772608,pca
346.36277687735856,1.088700416,181.4084608,698426.456772608,pca
346.86357003450394,1.088700416,181.407485952,698426.456772608,pca
347.3648489266634,1.088700416,181.407657984,698426.456772608,pca
347.8665444813669,1.088700416,181.405290496,698426.462420992,pca
348.3688050303608,1.088700416,181.404962816,698426.462420992,pca
348.8696471825242,1.098571776,181.394599936,698426.462420992,pca
349.37062255106866,1.098633216,181.393723392,698426.462420992,pca
349.87167196534574,1.098637312,181.395996672,698426.203480064,pca
350.37306491471827,1.099112448,181.395996672,698426.203480064,pca
350.8750442676246,1.099112448,181.395488768,698426.203480064,pca
351.37607666291296,1.099112448,181.394628608,698426.203480064,pca
351.87715597078204,1.099112448,181.39424768,698426.140844032,pca
352.3795219901949,1.1012096,181.391663104,698426.140844032,pca
352.8815523274243,1.1012096,181.390012416,698426.140844032,pca
353.38307900354266,1.1012096,181.38916864,698426.140844032,pca
353.8839486390352,1.1012096,181.389254656,698426.154962944,pca
354.3868374340236,1.1012096,181.392605184,698426.154962944,pca
354.88851493038237,1.1012096,181.390270464,698426.154962944,pca
355.39036966860294,1.1012096,181.3899264,698426.154962944,pca
355.89246602356434,1.1012096,181.390303232,698425.017155584,pca
356.39479465410113,1.1012096,181.389959168,698425.017155584,pca
356.8966685421765,1.1012096,181.386338304,698425.017155584,pca
357.3984316214919,1.103306752,181.383938048,698425.017155584,pca
357.9002927225083,1.103306752,181.384265728,698424.927510528,pca
358.402615621686,1.103306752,181.383462912,698424.927510528,pca
358.9038514960557,1.103306752,181.38781696,698424.927510528,pca
359.405128210783,1.103306752,181.387030528,698424.927510528,pca
359.9071870986372,1.103306752,181.385244672,698426.04673024,pca
360.4095050636679,1.103306752,181.384450048,698426.04673024,pca
360.91149312630296,1.103306752,181.384183808,698426.04673024,pca
361.4126874823123,1.105403904,181.384470528,698426.04673024,pca
361.91364751011133,1.105403904,181.382090752,698426.174234624,pca
362.41508869268,1.105403904,181.381861376,698426.174234624,pca
362.9167224857956,1.105403904,181.38161152,698426.174234624,pca
363.417775509879,1.105403904,181.380808704,698426.174234624,pca
363.9195222854614,1.105403904,181.378592768,698426.086633472,pca
364.42179522663355,1.105403904,181.377773568,698426.086633472,pca
364.92346091009676,1.105403904,181.377941504,698426.086633472,pca
365.42552001960576,1.105436672,181.377196032,698426.086633472,pca
365.92744781821966,1.123741696,181.35609344,698425.576095744,pca
366.4313112255186,1.123786752,181.36215552,698425.576095744,pca
366.93310028128326,1.123786752,181.36215552,698425.576095744,pca
367.43517080694437,1.123786752,181.361926144,698425.576095744,pca
367.9363285135478,1.123786752,181.36170496,698425.282240512,pca
368.43759920820594,1.125883904,181.359710208,698425.282240512,pca
368.9391836337745,1.125883904,181.35721984,698425.282240512,pca
369.44014302268624,1.125883904,181.35721984,698425.282240512,pca
369.94215618632734,1.125883904,181.356797952,698424.773763072,pca
370.44374824874103,1.127981056,181.354274816,698424.773763072,pca
370.94556953758,1.127981056,181.351694336,698424.773763072,pca
371.4464844018221,1.127981056,181.351694336,698424.773763072,pca
371.94851757772267,1.127981056,181.351292928,698424.761729024,pca
372.4506997540593,1.151049728,181.3315584,698424.761729024,pca
372.95249264128506,1.151049728,181.329330176,698424.761729024,pca
373.45338726229966,1.151049728,181.329330176,698424.761729024,pca
373.95521351881325,1.15314688,181.326753792,698424.858292224,pca
374.45637078024447,1.15314688,181.326262272,698424.858292224,pca
374.9579110480845,1.15314688,181.32596736,698424.858292224,pca
375.45883398130536,1.15314688,181.32596736,698424.858292224,pca
375.96102756261826,1.15314688,181.323460608,698424.99356672,pca
376.46222804673016,1.15339264,181.323030528,698424.99356672,pca
376.96309779398143,1.15339264,181.326573568,698424.99356672,pca
377.4640221744776,1.15339264,181.326270464,698424.99356672,pca
377.9651411380619,1.15339264,181.323886592,698425.114148864,pca
378.46632089838386,1.15339264,181.324365824,698425.114148864,pca
378.96836972236633,1.155489792,181.322027008,698425.114148864,pca
379.4693464767188,1.155489792,181.321654272,698425.114148864,pca
379.9704950377345,1.155489792,181.319634944,698425.547169792,pca
380.47169230133295,1.155489792,181.319483392,698425.547169792,pca
380.97374625876546,1.155489792,181.319213056,698425.547169792,pca
381.47471978887916,1.155489792,181.318352896,698425.547169792,pca
381.9767296053469,1.155489792,181.320208384,698425.544470528,pca
382.4779209662229,1.155489792,181.319856128,698425.544470528,pca
382.9799556992948,1.155489792,181.319856128,698425.544470528,pca
383.4809389244765,1.155489792,181.320093696,698425.544470528,pca
383.981745518744,1.157586944,181.31771392,698425.480249344,pca
384.4829868096858,1.157586944,181.317218304,698425.480249344,pca
384.98384781740606,1.157586944,181.31460096,698425.480249344,pca
385.48483299836516,1.157586944,181.31460096,698425.480249344,pca
385.98568763025105,1.157586944,181.314199552,698425.235595264,pca
386.48784246109426,1.157586944,181.314199552,698425.235595264,pca
386.9894730858505,1.157586944,181.311188992,698425.235595264,pca
387.4915298335254,1.157586944,181.310902272,698425.235595264,pca
387.9935602899641,1.157586944,181.311352832,698425.27195136,pca
388.4962445013225,1.159684096,181.314256896,698425.27195136,pca
388.9981721546501,1.159684096,181.312569344,698425.27195136,pca
389.4990507159382,1.159684096,181.312098304,698425.27195136,pca
390.0010845307261,1.159684096,181.311696896,698425.160925184,pca
390.5033502224833,1.159684096,181.310779392,698425.160925184,pca
391.0052420590073,1.159684096,181.308891136,698425.160925184,pca
391.50615249201655,1.21421824,181.253697536,698425.160925184,pca
392.00819695182145,1.216315392,181.251600384,698425.118314496,pca
392.5115931723267,1.216315392,181.254168576,698425.118314496,pca
393.0130773987621,1.216315392,181.25379584,698425.118314496,pca
393.5139518622309,1.218412544,181.251514368,698425.118314496,pca
394.0153411068022,1.218412544,181.249093632,698425.147170816,pca
394.5165824815631,1.218412544,181.248790528,698425.147170816,pca
395.01745988056064,1.218412544,181.247442944,698425.147170816,pca
395.5189052987844,1.218412544,181.24750848,698425.147170816,pca
396.0198086146265,1.218412544,181.24445696,698425.4759936,pca
396.5215304940939,1.218412544,181.24412928,698425.4759936,pca
397.02238038927317,1.220509696,181.242068992,698425.4759936,pca
397.52329866588116,1.220509696,181.24161024,698425.4759936,pca
398.02534832805395,1.220509696,181.244522496,698425.277054976,pca
398.5267710816115,1.220509696,181.245218816,698425.277054976,pca
399.02797891944647,1.220509696,181.242773504,698425.277054976,pca
399.52906916104257,1.220509696,181.241372672,698425.277054976,pca
400.0300847738981,1.0262528,181.432328192,698424.789430272,pca
400.53153618983924,1.112047616,181.343481856,698424.789430272,pca
401.03334551490843,1.127456768,181.328048128,698424.789430272,pca
401.53431040234864,1.139929088,181.314265088,698424.789430272,pca
402.0363697540015,1.141149696,181.314011136,698424.880140288,pca
402.5378624498844,1.143697408,181.314891776,698424.880140288,pca
403.03989412263036,1.144049664,181.312299008,698424.880140288,pca
403.54089536704123,1.146146816,181.309669376,698424.880140288,pca
404.0423423573375,1.170120704,181.285961728,698425.000906752,pca
404.54347292147577,1.062334464,181.395460096,698425.000906752,pca
405.0455107949674,1.268965376,181.186514944,698425.000906752,pca
405.54651840776205,1.461325824,180.99417088,698425.000906752,pca
406.04764878563583,1.461325824,180.993789952,698424.641155072,pca
406.54884114302695,1.674584064,180.78091264,698424.641155072,pca
407.0501158218831,1.674584064,180.779896832,698424.641155072,pca
407.55155885219574,1.80905984,180.645687296,698424.641155072,pca
408.05257694236934,1.80905984,180.643213312,698424.680390656,pca
408.55510214343667,1.904676864,180.554371072,698424.680390656,pca
409.05585645884275,2.009882624,180.44997632,698424.680390656,pca
409.5569024756551,2.043879424,180.412567552,698424.680390656,pca
410.0588067099452,2.184421376,180.27264,698425.10712832,pca
410.5601380262524,2.322120704,180.134424576,698425.10712832,pca
411.06219678744674,2.322120704,180.134043648,698425.10712832,pca
411.5635320805013,2.45696512,179.99659008,698425.10712832,pca
412.06481155753136,2.583064576,179.871019008,698425.139380224,pca
412.5661359746009,2.583064576,179.86988032,698425.139380224,pca
413.06821913830936,2.710212608,179.743547392,698425.139380224,pca
413.56912914663553,2.775097344,179.67835136,698425.139380224,pca
414.07033973000944,2.775097344,179.68203776,698425.007681536,pca
414.57216153107584,2.90582528,179.548745728,698425.007681536,pca
415.0732026472688,3.08447232,179.371380736,698425.007681536,pca
415.5747360121459,3.224481792,179.230244864,698425.007681536,pca
416.07559186965227,3.414908928,179.040239616,698425.013481472,pca
416.5772624537349,3.561218048,178.890543104,698425.013481472,pca
417.0782253537327,3.687534592,178.76471808,698425.013481472,pca
417.57948668301105,3.687534592,178.763575296,698425.013481472,pca
418.08043971285224,3.845533696,178.605473792,698425.117003776,pca
418.5827331636101,3.845533696,178.607198208,698425.117003776,pca
419.0836819577962,3.970768896,178.483535872,698425.117003776,pca
419.58457992225885,4.066398208,178.385989632,698425.117003776,pca
420.0855272784829,4.066398208,178.385989632,698425.14169856,pca
420.5867732204497,4.192366592,178.257768448,698425.14169856,pca
421.08773414231837,4.31939584,178.131877888,698425.14169856,pca
421.5889244750142,4.332019712,178.117709824,698425.14169856,pca
422.0898545701057,4.46201856,177.988583424,698425.157926912,pca
422.591660682112,4.68361216,177.765982208,698425.157926912,pca
423.09255108237267,4.68361216,177.770176512,698425.157926912,pca
423.59351447597146,4.772532224,177.678544896,698425.157926912,pca
424.09449593536556,5.000617984,177.450921984,698425.166077952,pca
424.59630450978875,5.000617984,177.4497792,698425.166077952,pca
425.0973080135882,5.000617984,177.4497792,698425.166077952,pca
425.5985792223364,5.000617984,177.447682048,698425.166077952,pca
426.0995646174997,5.057282048,177.391824896,698425.312608256,pca
426.60078703798354,5.057282048,177.390936064,698425.312608256,pca
427.1019697804004,5.089550336,177.359351808,698425.312608256,pca
427.6030081715435,5.154660352,177.291321344,698425.312608256,pca
428.1040049828589,5.295034368,177.152151552,698425.140219904,pca
428.6063687428832,5.295034368,177.154830336,698425.140219904,pca
429.1074392683804,5.474025472,176.977534976,698425.140219904,pca
429.6087256744504,5.474025472,176.97613824,698425.140219904,pca
430.10971824266016,5.474025472,176.97613824,698425.206972416,pca
430.61138460226357,1.258012672,181.196603392,698425.206972416,pca
431.1123840305954,1.280782336,181.172625408,698425.206972416,pca
431.61389274708927,1.2813312,181.172482048,698425.206972416,pca
432.11487058363855,1.2813312,181.171482624,698425.311105024,pca
432.6166072804481,1.2813312,181.169754112,698425.311105024,pca
433.1181556750089,1.30930688,181.145862144,698425.311105024,pca
433.6197655387223,1.2852224,181.165195264,698425.311105024,pca
434.1211375556886,1.400963072,181.052399616,698425.214554112,pca
434.62429195828736,1.29796096,181.157883904,698425.214554112,pca
435.12537050805986,1.152520192,181.301858304,698425.214554112,pca
435.62665322236717,1.152843776,181.30116608,698425.214554112,pca
436.12792840227485,1.208520704,181.246500864,698424.952066048,pca
436.6294309478253,1.32202496,181.15104768,698424.952066048,pca
437.1308571137488,1.380708352,181.135368192,698424.952066048,pca
437.6319023501128,1.423998976,181.131481088,698424.952066048,pca
438.1327705848962,1.443446784,181.164097536,698425.056575488,pca
438.6351953241974,1.544548352,181.115744256,698425.056575488,pca
439.13667053729296,1.559760896,181.153140736,698425.056575488,pca
439.6377764772624,1.64298752,181.096046592,698425.056575488,pca
440.1388194523752,1.692823552,181.092728832,698424.654262272,pca
440.63990405388176,1.747267584,181.090689024,698424.654262272,pca
441.14092240296304,1.81612544,181.064318976,698424.654262272,pca
441.64176552928984,1.84178688,181.07215872,698424.654262272,pca
442.142823331058,1.906778112,181.053902848,698424.699203584,pca
442.64415680989623,1.934323712,181.06703872,698424.699203584,pca
443.1450397577137,2.049429504,180.994052096,698424.699203584,pca
443.6459062509239,1.923039232,181.166620672,698424.699203584,pca
444.14698857069016,2.070806528,181.069312,698424.635748352,pca
444.6482334341854,2.018107392,181.131128832,698424.635748352,pca
445.14960223808885,2.018107392,181.131337728,698424.635748352,pca
445.65080755762756,2.018107392,181.133017088,698424.635748352,pca
446.15235657431185,2.018107392,181.13282048,698423.93407488,pca
446.6535818018019,2.018107392,181.129187328,698423.93407488,pca
447.1543773096055,2.018107392,181.129187328,698423.93407488,pca
447.6562455520034,2.018107392,181.127417856,698423.93407488,pca
448.1578752025962,2.018107392,181.127417856,698424.131600384,pca
448.6604420915246,2.018107392,181.12987136,698424.131600384,pca
449.16129557043314,2.018107392,181.129674752,698424.131600384,pca
449.66218259744346,2.018107392,181.125554176,698424.131600384,pca
450.16345975734293,2.018107392,181.125554176,698422.384807936,pca
450.6651026904583,2.018107392,181.133791232,698422.384807936,pca
451.1661049388349,2.018107392,181.133791232,698422.384807936,pca
451.6670984774828,2.018107392,181.129637888,698422.384807936,pca
452.1680709067732,2.018107392,181.129539584,698422.3259648,pca
452.6691650953144,2.018107392,181.127766016,698422.3259648,pca
453.17001700028777,2.018107392,181.127766016,698422.3259648,pca
453.67093650996685,2.018107392,181.128167424,698422.3259648,pca
454.17179556936026,2.018107392,181.127610368,698422.249111552,pca
454.67330447398126,2.018107392,181.125640192,698422.249111552,pca
455.17459934949875,2.018107392,181.125541888,698422.249111552,pca
455.6753319296986,2.018107392,181.133950976,698422.249111552,pca
456.17671810276806,2.018107392,181.133950976,698422.244593664,pca
456.6782939527184,2.018107392,181.129785344,698422.244593664,pca
457.1791481655091,2.018107392,181.1295232,698422.244593664,pca
457.6804740168154,2.018107392,181.127647232,698422.244593664,pca
458.1820989307016,2.018107392,181.131841536,698422.24850944,pca
458.6834886614233,2.018107392,181.127655424,698422.24850944,pca
459.18434708938,2.018107392,181.12755712,698422.24850944,pca
459.6858650390059,2.018107392,181.125337088,698422.24850944,pca
460.18700072541833,2.018107392,181.12546816,698422.223376384,pca
460.68818170018494,2.018107392,181.13181696,698422.223376384,pca
461.1890822760761,2.018107392,181.13181696,698422.223376384,pca
461.69024768285453,2.018107392,181.129650176,698422.223376384,pca
462.1912686172873,2.018107392,181.129125888,698422.228779008,pca
462.69219606556,2.018107392,181.127553024,698422.228779008,pca
463.193711001426,2.018107392,181.127585792,698422.228779008,pca
463.69500354491174,2.018107392,181.123198976,698422.228779008,pca
464.1963217481971,2.018107392,181.123198976,698422.250561536,pca
464.7004490494728,2.018107392,181.12804864,698422.250561536,pca
465.2016206383705,2.018107392,181.12804864,698422.250561536,pca
465.7028588373214,2.018107392,181.133971456,698422.250561536,pca
466.2038093600422,2.018107392,181.1335168,698422.46969344,pca
466.7048559933901,2.018107392,181.131812864,698422.46969344,pca
467.2059357278049,2.018107392,181.131288576,698422.46969344,pca
467.70679666288197,2.018107392,181.127692288,698422.46969344,pca
468.2082807943225,2.018107392,181.127692288,698422.405234688,pca
468.7100007869303,2.018107392,181.125742592,698422.405234688,pca
469.21077681332827,2.018107392,181.12577536,698422.405234688,pca
469.7115624267608,2.018107392,181.123620864,698422.405234688,pca
470.2122789379209,2.018107392,181.127880704,698422.407467008,pca
470.71329112537205,2.018107392,181.133979648,698422.407467008,pca
471.21479029767215,2.018107392,181.133979648,698422.407467008,pca
471.71601317450404,2.018107392,181.131784192,698422.407467008,pca
472.21715091727674,2.018107392,181.131784192,698422.401970176,pca
472.71856572292745,2.018107392,181.127553024,698422.401970176,pca
473.21995179727674,2.018107392,181.12745472,698422.401970176,pca
473.72184990532696,2.018107392,181.125783552,698422.401970176,pca
474.2230575438589,2.018107392,181.125783552,698422.25901568,pca
474.7250741273165,2.018107392,181.126340608,698422.25901568,pca
475.2264355439693,2.018107392,181.126340608,698422.25901568,pca
475.7283027023077,2.018107392,181.134475264,698422.25901568,pca
476.22964405827224,2.018107392,181.133950976,698422.099222528,pca
476.731279194355,2.018107392,181.132763136,698422.099222528,pca
477.2325492259115,2.018107392,181.132763136,698422.099222528,pca
477.73334908671677,2.018107392,181.12837632,698422.099222528,pca
478.23418861068785,2.018107392,181.12837632,698422.288211968,pca
478.73529829084873,2.018107392,181.126541312,698422.288211968,pca
479.2363635096699,2.018107392,181.12608256,698422.288211968,pca
479.73750464245677,2.018107392,181.126807552,698422.288211968,pca
480.2384844943881,2.018107392,181.126283264,698421.369933824,pca
480.73964435979724,2.018107392,181.134626816,698421.369933824,pca
481.2404895182699,2.018107392,181.134626816,698421.369933824,pca
481.74197295866907,2.018107392,181.132464128,698421.369933824,pca
482.2432822100818,2.018107392,181.132464128,698421.228724224,pca
482.74432528205216,2.018107392,181.128032256,698421.228724224,pca
483.24552916176617,2.018107392,181.127933952,698421.228724224,pca
483.74660797789693,2.018107392,181.125935104,698421.228724224,pca
484.247459994629,2.018107392,181.125967872,698421.215490048,pca
484.7505423538387,2.018107392,181.128269824,698421.215490048,pca
485.25173880532384,2.018107392,181.127221248,698421.215490048,pca
485.44222147390246,0.974942208,181.429972992,698421.215490048,pca
485.44302933849394,0.974942208,181.429972992,698421.215490048,neighbors
485.75320894643664,1.652097024,180.966756352,698421.215490048,neighbors
486.25521457754076,2.261204992,180.944949248,698422.140563456,neighbors
486.756837118417,2.272612352,180.932001792,698422.140563456,neighbors
487.2588546015322,2.860634112,180.343730176,698422.140563456,neighbors
487.7597251497209,3.020664832,180.181557248,698422.140563456,neighbors
488.26174941286445,3.009818624,180.192948224,698422.208118784,neighbors
488.76298894174397,2.823819264,180.38104064,698422.208118784,neighbors
489.2641524039209,3.005075456,180.19909632,698422.208118784,neighbors
489.76609959080815,3.24042752,179.960803328,698422.208118784,neighbors
490.2683815136552,3.075371008,180.126732288,698423.924854784,neighbors
490.7713442258537,2.775896064,180.430143488,698423.924854784,neighbors
491.2729674987495,2.391318528,180.814770176,698423.924854784,neighbors
491.77387706562877,2.390839296,180.812210176,698423.924854784,neighbors
492.2754113525152,2.291396608,180.912992256,698424.001855488,neighbors
492.7773307580501,2.494009344,180.710350848,698424.001855488,neighbors
493.2794188503176,2.515447808,180.688048128,698424.001855488,neighbors
493.78106711246073,2.875244544,180.326936576,698424.001855488,neighbors
494.28309473767877,3.10657024,180.094230528,698424.0740352,neighbors
494.78582547046244,3.160305664,180.045922304,698424.0740352,neighbors
495.28776277415454,3.268759552,179.936169984,698424.0740352,neighbors
495.7888425588608,3.350638592,179.854270464,698424.0740352,neighbors
496.290710054338,3.354537984,179.850903552,698425.258684416,neighbors
496.79216798208654,3.42308864,179.77980928,698425.258684416,neighbors
497.29435851052403,2.835656704,180.368154624,698425.258684416,neighbors
497.79567595012486,2.673389568,180.529188864,698425.258684416,neighbors
498.2971963323653,2.345590784,180.85705728,698425.004941312,neighbors
498.79912413470447,2.565275648,180.636106752,698425.004941312,neighbors
499.3011867646128,3.283423232,179.917103104,698425.004941312,neighbors
499.8029242902994,3.33430784,179.86646016,698425.004941312,neighbors
500.30448976159096,3.361046528,179.839901696,698424.253648896,neighbors
500.8072815090418,3.367591936,179.834974208,698424.253648896,neighbors
501.3095507379621,3.009077248,180.193644544,698424.253648896,neighbors
501.8111866861582,3.237871616,179.965251584,698424.253648896,neighbors
502.3132547978312,2.535309312,180.66794496,698424.391094272,neighbors
502.8147685416043,2.723504128,180.4802048,698424.391094272,neighbors
503.315830335021,2.775134208,180.42822656,698424.391094272,neighbors
503.81721097789705,2.45796864,180.743573504,698424.391094272,neighbors
504.3192828018218,2.554032128,180.648636416,698424.35520512,neighbors
504.821315029636,2.640777216,180.562214912,698424.35520512,neighbors
505.3228971622884,2.82894336,180.377247744,698424.35520512,neighbors
505.8244289588183,3.146211328,180.05778432,698424.35520512,neighbors
506.32551357895136,3.34606336,179.85671168,698424.424640512,neighbors
506.8268604390323,3.419824128,179.782848512,698424.424640512,neighbors
507.32783285342157,3.152379904,180.04893696,698424.424640512,neighbors
507.82963470183313,3.221598208,179.979874304,698424.424640512,neighbors
508.33125914260745,3.203231744,179.997540352,698423.83204352,neighbors
508.8334717489779,2.726014976,180.474744832,698423.83204352,neighbors
509.33552557602525,2.596769792,180.604526592,698423.83204352,neighbors
509.8366763629019,2.503815168,180.701995008,698423.83204352,neighbors
510.33834999240935,2.986299392,180.21920768,698423.36581632,neighbors
510.84036897681653,3.405115392,179.797774336,698423.36581632,neighbors
511.3424689043313,3.406966784,179.79619328,698423.36581632,neighbors
511.8442662805319,3.52411648,179.67945728,698423.36581632,neighbors
512.3456936795264,3.427258368,179.77524224,698424.008835072,neighbors
512.8473109826446,3.610415104,179.590414336,698424.008835072,neighbors
513.349351067096,3.426742272,179.774328832,698424.008835072,neighbors
513.8511978369206,3.186397184,180.0146944,698424.008835072,neighbors
514.3532632943243,2.970591232,180.230066176,698423.2686592,neighbors
514.8554521854967,2.92773888,180.271886336,698423.2686592,neighbors
515.3574977219105,2.656817152,180.542787584,698423.2686592,neighbors
515.858512468636,2.704826368,180.494450688,698423.341654016,neighbors
516.361509334296,2.722996224,180.482363392,698423.341654016,neighbors
516.8626463990659,2.661113856,180.543746048,698423.341654016,neighbors
517.3637462705374,3.086307328,180.120301568,698423.341654016,neighbors
517.8655065540224,3.333648384,179.869929472,698423.179194368,neighbors
518.3677551113069,3.42153216,179.78210304,698423.179194368,neighbors
518.8696843441576,3.255762944,179.945959424,698423.179194368,neighbors
519.3705634102225,3.27129088,179.93209856,698423.179194368,neighbors
519.8720394093543,3.1224832,180.07908352,698423.780724736,neighbors
520.3753098268062,3.061346304,180.144795648,698423.780724736,neighbors
520.8769575189799,3.104006144,180.102037504,698423.780724736,neighbors
521.3790041469038,2.743058432,180.462948352,698423.780724736,neighbors
521.8808977697045,2.806779904,180.3967488,698423.958458368,neighbors
522.3831242695451,3.4515968,179.752108032,698423.958458368,neighbors
522.8852035496384,3.404394496,179.799195648,698423.958458368,neighbors
523.3872844129801,3.477164032,179.725795328,698423.958458368,neighbors
523.8884960860014,3.53337344,179.669491712,698423.9568896,neighbors
524.3895890079439,3.647643648,179.554721792,698423.9568896,neighbors
524.8916480001062,3.941978112,179.257806848,698423.9568896,neighbors
525.3936462458223,3.85155072,179.347918848,698423.9568896,neighbors
525.8948545586318,3.901108224,179.298988032,698424.416641024,neighbors
526.3978372421116,3.4511872,179.753627648,698424.416641024,neighbors
526.8990884814411,2.72467968,180.477149184,698424.416641024,neighbors
527.401103829965,2.918301696,180.2863616,698424.416641024,neighbors
527.9030362423509,2.848436224,180.355760128,698424.434999296,neighbors
528.4041874986142,3.0385152,180.166004736,698424.434999296,neighbors
528.9061987865716,3.252535296,179.9487488,698424.434999296,neighbors
529.4085914492607,3.390181376,179.812179968,698424.434999296,neighbors
529.9109634794295,3.294015488,179.906424832,698424.238157824,neighbors
530.4138161893934,3.343577088,179.862704128,698424.238157824,neighbors
530.915358254686,3.34913536,179.855507456,698424.238157824,neighbors
531.4176990594715,3.458420736,179.746902016,698424.238157824,neighbors
531.9199991710484,3.593981952,179.609137152,698424.104439808,neighbors
532.4222651477903,3.379765248,179.822985216,698424.104439808,neighbors
532.9243104103953,3.241713664,179.961511936,698424.104439808,neighbors
533.4260162953287,2.974584832,180.228366336,698424.104439808,neighbors
533.9279572945088,3.028713472,180.173287424,698424.155226112,neighbors
534.4302791543305,3.743674368,179.456700416,698424.155226112,neighbors
534.9328196495771,3.924529152,179.276607488,698424.155226112,neighbors
535.4351123664528,3.925200896,179.27565312,698424.155226112,neighbors
535.9371502604336,3.839975424,179.362299904,698424.295718912,neighbors
536.4394265469164,4.186320896,179.015892992,698424.295718912,neighbors
536.9414809346199,3.816415232,179.386392576,698424.295718912,neighbors
537.4426308460534,3.852345344,179.349909504,698424.295718912,neighbors
537.9438867494464,3.877302272,179.325267968,698424.374726656,neighbors
538.4461767673492,3.652292608,179.550048256,698424.374726656,neighbors
538.9482529349625,3.462852608,179.73682176,698424.374726656,neighbors
539.4503010530025,2.941886464,180.259270656,698424.374726656,neighbors
539.9524235017598,2.945769472,180.25596928,698424.799870976,neighbors
540.4558073543012,3.411042304,179.794661376,698424.799870976,neighbors
540.9570502024144,3.411042304,179.792207872,698424.799870976,neighbors
541.4579493049532,3.728949248,179.469631488,698424.799870976,neighbors
541.9599698055536,3.614957568,179.58422528,698424.857550848,neighbors
542.461167903617,3.51381504,179.68388096,698424.857550848,neighbors
542.9624751266092,3.276824576,179.919794176,698424.857550848,neighbors
543.4633664228022,3.302969344,179.891068928,698424.857550848,neighbors
543.9654260706156,3.413970944,179.78238976,698424.766898176,neighbors
544.4676910564303,3.2007168,179.996725248,698424.766898176,neighbors
544.9683197662234,3.1485952,180.053041152,698424.766898176,neighbors
545.4690696969628,3.154886656,180.046749696,698424.766898176,neighbors
545.96998619847,3.459571712,179.739619328,698424.469004288,neighbors
546.4713718537241,3.61465856,179.5843072,698424.469004288,neighbors
546.9735085014254,3.544973312,179.65459456,698424.469004288,neighbors
547.4754183124751,3.37657856,179.822112768,698424.469004288,neighbors
547.9765290822834,3.559133184,179.637772288,698424.42399744,neighbors
548.4785819128156,3.939155968,179.256983552,698424.42399744,neighbors
548.9806386195123,3.76971264,179.426738176,698424.42399744,neighbors
549.481636011973,3.928461312,179.265286144,698424.42399744,neighbors
549.9835316613317,4.022071296,179.170250752,698424.542048256,neighbors
550.4875314068049,3.684917248,179.514241024,698424.542048256,neighbors
550.9895919878036,3.119480832,180.081430528,698424.542048256,neighbors
551.4906395915896,3.174981632,180.024639488,698424.542048256,neighbors
551.991677634418,3.105005568,180.093513728,698424.53608448,neighbors
552.4938972387463,3.462230016,179.736920064,698424.53608448,neighbors
552.9957189951092,4.11203584,179.085156352,698424.53608448,neighbors
553.4966684579849,4.20202496,178.994855936,698424.53608448,neighbors
553.9976873621345,4.05243904,179.143962624,698424.518025216,neighbors
554.4993194974959,4.04434944,179.151896576,698424.518025216,neighbors
555.001356638968,4.003454976,179.189223424,698424.518025216,neighbors
555.5034429617226,4.090212352,179.103162368,698424.518025216,neighbors
556.0054924339056,4.003454976,179.1893504,698424.805900288,neighbors
556.5090905539691,3.235241984,179.96509184,698424.805900288,neighbors
557.0108199305832,3.23739648,179.962744832,698424.805900288,neighbors
557.511816393584,3.476463616,179.724193792,698424.805900288,neighbors
558.0137895941734,3.696140288,179.501277184,698424.838508544,neighbors
558.5160596854985,3.465388032,179.733303296,698424.838508544,neighbors
559.0178570486605,3.704877056,179.492511744,698424.838508544,neighbors
559.5197808910161,3.3415168,179.85630208,698424.838508544,neighbors
560.0218180790544,3.6988928,179.496435712,698424.387080192,neighbors
560.5252283830196,3.283984384,179.915608064,698424.387080192,neighbors
561.0272352341563,3.698061312,179.502145536,698424.387080192,neighbors
561.5282613374293,3.33676544,179.86363392,698424.387080192,neighbors
562.0303192939609,3.70270208,179.496169472,698424.223924224,neighbors
562.5326706022024,3.397844992,179.801219072,698424.223924224,neighbors
563.0347120948136,3.699961856,179.498201088,698424.223924224,neighbors
563.5374700482935,3.4848768,179.713826816,698424.223924224,neighbors
564.0397901628166,3.710103552,179.489452032,698424.27467776,neighbors
564.5413519199938,3.535904768,179.66379008,698424.27467776,neighbors
565.0421184711158,3.243761664,179.9533568,698424.27467776,neighbors
565.5430925469846,3.666317312,179.52991232,698424.27467776,neighbors
566.0441720560193,3.3114112,179.88554752,698424.438800384,neighbors
566.5467313341796,3.704369152,179.495800832,698424.438800384,neighbors
567.0482157450169,3.459948544,179.740434432,698424.438800384,neighbors
567.5489984955639,3.444637696,179.720634368,698424.438800384,neighbors
568.0510069988668,3.635625984,179.56386816,698424.52918272,neighbors
568.5523436944932,3.312402432,179.887394816,698424.52918272,neighbors
569.0544141363353,3.704639488,179.491897344,698424.52918272,neighbors
569.5554867032915,3.4555904,179.741499392,698424.52918272,neighbors
570.0568921361119,3.496873984,179.689140224,698424.622231552,neighbors
570.5590832307935,3.614662656,179.588481024,698424.622231552,neighbors
571.0598826259375,3.304333312,179.897778176,698424.622231552,neighbors
571.5612924061716,3.701235712,179.496738816,698424.622231552,neighbors
572.0621894430369,3.504410624,179.695366144,698424.69634048,neighbors
572.5637783948332,3.243290624,179.955699712,698424.69634048,neighbors
573.0646664462984,3.67884288,179.52055296,698424.69634048,neighbors
573.5657607093453,3.369648128,179.828985856,698424.69634048,neighbors
574.0666565783322,3.7030912,179.493769216,698424.6780928,neighbors
574.5682455897331,3.56749312,179.629887488,698424.6780928,neighbors
575.0691440496594,3.278077952,179.920412672,698424.6780928,neighbors
575.5706092976034,3.702628352,179.491426304,698424.6780928,neighbors
576.0715064145625,3.479683072,179.722653696,698424.325029888,neighbors
576.5731832627207,3.244658688,179.954774016,698424.325029888,neighbors
577.0741018559784,3.704131584,179.495120896,698424.325029888,neighbors
577.5752273760736,3.403702272,179.795800064,698424.325029888,neighbors
578.0761236101389,3.486896128,179.710910464,698424.234029056,neighbors
578.5776923038065,3.621797888,179.574996992,698424.234029056,neighbors
579.0786100979894,3.328483328,179.86889728,698424.234029056,neighbors
579.5800400506705,3.703980032,179.491827712,698424.234029056,neighbors
580.0809486880898,3.545563136,179.651649536,698424.85827584,neighbors
580.5822698548436,3.262476288,179.93728,698424.85827584,neighbors
581.083159269765,3.704901632,179.49413376,698424.85827584,neighbors
581.5843129139394,3.429638144,179.77028608,698424.85827584,neighbors
582.0852493010461,3.435307008,179.763666944,698424.947642368,neighbors
582.5869454164058,3.611168768,179.588861952,698424.947642368,neighbors
583.0878710709512,3.318464512,179.882008576,698424.947642368,neighbors
583.5887297168374,3.701624832,179.494121472,698424.947642368,neighbors
584.0896830987185,3.510145024,179.688128512,698425.038770176,neighbors
584.5913321338594,3.251757056,179.946033152,698425.038770176,neighbors
585.0921833496541,3.701317632,179.494539264,698425.038770176,neighbors
585.5932865906507,3.436118016,179.758567424,698425.038770176,neighbors
586.0942398533225,3.243851776,179.951316992,698424.903077888,neighbors
586.5970733296126,3.637190656,179.563753472,698424.903077888,neighbors
587.0980100482702,3.363180544,179.837415424,698424.903077888,neighbors
587.5986589305103,3.702226944,179.495473152,698424.903077888,neighbors
588.0993805509061,3.57152768,179.62725376,698424.8118272,neighbors
588.6011252216995,3.279089664,179.920449536,698424.8118272,neighbors
589.1020777653903,3.70130944,179.496984576,698424.8118272,neighbors
589.6032040677965,3.479916544,179.719356416,698424.8118272,neighbors
590.1041942350566,3.245637632,179.955277824,698424.21508096,neighbors
590.6059589497745,3.68932864,179.507535872,698424.21508096,neighbors
591.1069301441312,3.401252864,179.796525056,698424.21508096,neighbors
591.6154074780643,3.24347904,179.952214016,698424.21508096,neighbors
592.1163263265043,3.653439488,179.548205056,698424.235958272,neighbors
592.6181024648249,3.36857088,179.830931456,698424.235958272,neighbors
593.1191297937185,3.69901568,179.500158976,698424.235958272,neighbors
593.6203115489334,3.5856384,179.612921856,698424.235958272,neighbors
594.1213658899069,3.315830784,179.883548672,698424.4462592,neighbors
594.6231937389821,3.701915648,179.495043072,698424.4462592,neighbors
595.12423690781,3.533737984,179.66319616,698424.4462592,neighbors
595.6258321385831,3.254157312,179.942957056,698424.4462592,neighbors
596.1268638670444,3.703742464,179.492192256,698424.871514112,neighbors
596.6292668301612,3.42386688,179.77749504,698424.871514112,neighbors
597.1301302798092,3.069345792,180.091117568,698424.871514112,neighbors
597.6313709896058,4.146499584,179.050033152,698424.871514112,neighbors
598.1327663250268,4.146946048,179.050033152,698424.885563392,neighbors
598.6348394583911,4.146946048,179.050033152,698424.885563392,neighbors
599.1358335986733,4.146946048,179.050033152,698424.885563392,neighbors
599.637434085831,4.146946048,179.047825408,698424.885563392,neighbors
600.1385204829276,4.146946048,179.047825408,698424.94609408,neighbors
600.6403770409524,4.146946048,179.047825408,698424.94609408,neighbors
601.1414744425565,4.146946048,179.047825408,698424.94609408,neighbors
601.6427025459707,4.146946048,179.050078208,698424.94609408,neighbors
602.1438046358526,4.146946048,179.050078208,698424.975024128,neighbors
602.6458513978869,4.14717952,179.050078208,698424.975024128,neighbors
603.1469696070999,4.14717952,179.050078208,698424.975024128,neighbors
603.6480286382139,4.14717952,179.04994304,698424.975024128,neighbors
604.1491058748215,4.14717952,179.04994304,698424.839479296,neighbors
604.6510500404984,4.14717952,179.047718912,698424.839479296,neighbors
605.1521473899484,4.14717952,179.047718912,698424.839479296,neighbors
605.6534354388714,4.14717952,179.047718912,698424.839479296,neighbors
606.1545236259699,4.14717952,179.051913216,698424.300167168,neighbors
606.6563192065805,4.14717952,179.049967616,698424.300167168,neighbors
607.1574704740196,4.14717952,179.049967616,698424.300167168,neighbors
607.6591055057943,4.14717952,179.049967616,698424.300167168,neighbors
608.1602494902909,4.14717952,179.049967616,698424.202932224,neighbors
608.6621600501239,4.14717952,179.047759872,698424.202932224,neighbors
609.1632962506264,4.14717952,179.047759872,698424.202932224,neighbors
609.6646084617823,4.14717952,179.047723008,698424.202932224,neighbors
610.1657379381359,4.14717952,179.047723008,698424.692973568,neighbors
610.6676665265113,4.14717952,179.047723008,698424.692973568,neighbors
611.1687950864434,4.14717952,179.051917312,698424.692973568,neighbors
611.6698213778436,4.14717952,179.049889792,698424.692973568,neighbors
612.1709404177964,4.14717952,179.049889792,698424.746655744,neighbors
612.6728318165988,4.14717952,179.049693184,698424.746655744,neighbors
613.1738835498691,4.14717952,179.049693184,698424.746655744,neighbors
613.6747565977275,4.14717952,179.047415808,698424.746655744,neighbors
614.1757167261094,4.14717952,179.047448576,698424.780992512,neighbors
614.6767768021673,4.147183616,179.047407616,698424.780992512,neighbors
615.1779087260365,4.147183616,179.047407616,698424.780992512,neighbors
615.679734474048,4.147183616,179.045085184,698424.780992512,neighbors
616.1809921935201,4.147183616,179.045085184,698423.698153472,neighbors
616.6840662918985,4.147183616,179.051737088,698423.698153472,neighbors
617.1851023472846,4.147183616,179.051737088,698423.698153472,neighbors
617.6864353641868,4.147183616,179.051737088,698423.698153472,neighbors
618.187621017918,4.147183616,179.051737088,698423.775473664,neighbors
618.6888455804437,4.147183616,179.049443328,698423.775473664,neighbors
619.1898466218263,4.147183616,179.049443328,698423.775473664,neighbors
619.6909951902926,4.147183616,179.049443328,698423.775473664,neighbors
620.1920279823244,4.147183616,179.049443328,698425.04636416,neighbors
620.6936396937817,4.147183616,179.049443328,698425.04636416,neighbors
621.1946697495878,4.147183616,179.046944768,698425.04636416,neighbors
621.695995490998,4.147183616,179.046944768,698425.04636416,neighbors
622.1969942599535,4.147183616,179.046944768,698424.841211904,neighbors
622.6996704936028,4.147183616,179.048910848,698424.841211904,neighbors
623.2009742185473,4.147183616,179.048984576,698424.841211904,neighbors
623.7017693500966,4.147183616,179.048984576,698424.841211904,neighbors
624.2029728014022,4.147183616,179.048984576,698424.82976768,neighbors
624.7047988492996,4.147183616,179.048984576,698424.82976768,neighbors
625.2060615066439,4.147183616,179.046690816,698424.82976768,neighbors
625.7071965746582,4.147183616,179.046690816,698424.82976768,neighbors
626.2088229842484,4.147183616,179.046690816,698423.637651456,neighbors
626.7119797095656,4.147183616,179.05088512,698423.637651456,neighbors
627.2132105622441,4.147183616,179.050192896,698423.637651456,neighbors
627.7149912826717,4.147183616,179.050192896,698423.637651456,neighbors
628.2162310946733,4.147183616,179.050192896,698423.749128192,neighbors
628.7183239590377,4.147183616,179.048951808,698423.749128192,neighbors
629.2196123618633,4.147183616,179.048951808,698423.749128192,neighbors
629.7210174575448,4.147183616,179.04689152,698423.749128192,neighbors
630.2222902160138,4.147183616,179.046879232,698424.840155136,neighbors
630.7247719503939,4.147183616,179.046879232,698424.840155136,neighbors
631.2262656893581,4.147183616,179.046879232,698424.840155136,neighbors
631.7274880707264,4.147183616,179.051225088,698424.840155136,neighbors
632.2288161665201,4.147183616,179.051225088,698424.938897408,neighbors
632.7305891513824,4.147183616,179.049181184,698424.938897408,neighbors
633.2318616062403,4.147183616,179.049181184,698424.938897408,neighbors
633.7332921177149,4.147183616,179.04930816,698424.938897408,neighbors
634.2346203420311,4.147183616,179.04930816,698424.859885568,neighbors
634.7366848215461,4.147183616,179.047100416,698424.859885568,neighbors
635.2379121296108,4.147183616,179.047100416,698424.859885568,neighbors
635.739757142961,4.147183616,179.047100416,698424.859885568,neighbors
636.2408905457705,4.147183616,179.047100416,698423.945887744,neighbors
636.7435326948762,4.147183616,179.049361408,698423.945887744,neighbors
637.2444193977863,4.147183616,179.049361408,698423.945887744,neighbors
637.7458763029426,4.147183616,179.049361408,698423.945887744,neighbors
638.2467446923256,4.147183616,179.049361408,698423.734513664,neighbors
638.7478272970766,4.147183616,179.049361408,698423.734513664,neighbors
639.249143877998,4.147183616,179.049361408,698423.734513664,neighbors
639.7510126065463,4.147183616,179.047133184,698423.734513664,neighbors
640.2523254361004,4.147183616,179.047133184,698423.447396352,neighbors
640.7544643040746,4.147183616,179.047133184,698423.447396352,neighbors
641.2559025716037,4.147183616,179.047133184,698423.447396352,neighbors
641.7569755874574,4.147183616,179.04492544,698423.447396352,neighbors
642.2580898460001,4.147183616,179.045052416,698423.442382848,neighbors
642.7605412583798,4.147183616,179.049508864,698423.442382848,neighbors
643.2617028281093,4.147183616,179.049508864,698423.442382848,neighbors
643.7633019573987,4.147183616,179.047297024,698423.442382848,neighbors
644.2651229258627,4.147183616,179.047297024,698423.563972608,neighbors
644.7672782428563,4.147183616,179.047284736,698423.563972608,neighbors
645.2691240645945,4.147183616,179.047284736,698423.563972608,neighbors
645.7703392263502,4.147183616,179.047288832,698423.563972608,neighbors
646.2721742764115,4.147183616,179.047288832,698424.164610048,neighbors
646.7754522711039,4.147183616,179.051798528,698424.164610048,neighbors
647.2775795143098,4.147183616,179.051798528,698424.164610048,neighbors
647.7797384522855,4.147183616,179.051671552,698424.164610048,neighbors
648.2810463421047,4.147183616,179.051671552,698424.199589888,neighbors
648.7833355944604,4.147183616,179.049463808,698424.199589888,neighbors
649.2852375768125,4.147183616,179.049463808,698424.199589888,neighbors
649.7868374790996,4.147183616,179.049459712,698424.199589888,neighbors
650.2886941023171,4.147183616,179.049459712,698423.323144192,neighbors
650.7906307820231,4.147183616,179.04717824,698423.323144192,neighbors
651.292497286573,4.147183616,179.04717824,698423.323144192,neighbors
651.7944665458053,4.147183616,179.04717824,698423.323144192,neighbors
652.2963380161673,4.147183616,179.04717824,698423.161946112,neighbors
652.7988696545362,4.147183616,179.051634688,698423.161946112,neighbors
653.300764573738,4.147183616,179.051634688,698423.161946112,neighbors
653.802351212129,4.147183616,179.049304064,698423.161946112,neighbors
654.3042571134865,4.147183616,179.049304064,698423.233839104,neighbors
654.806518830359,4.147183616,179.049295872,698423.233839104,neighbors
655.3071982935071,4.147183616,179.049295872,698423.233839104,neighbors
655.8077243063599,4.147183616,179.046551552,698423.233839104,neighbors
656.308295302093,4.147183616,179.046551552,698423.775133696,neighbors
656.810793351382,4.147183616,179.05137664,698423.775133696,neighbors
657.3116907291114,4.147183616,179.050983424,698423.775133696,neighbors
657.8132890984416,4.147183616,179.049222144,698423.775133696,neighbors
658.3152227383107,4.147183616,179.047124992,698423.855169536,neighbors
658.8175083529204,4.147183616,179.04713728,698423.855169536,neighbors
659.3193661589175,4.147183616,179.04713728,698423.855169536,neighbors
659.8206686750054,4.147183616,179.04713728,698423.855169536,neighbors
660.3217235486954,4.147183616,179.04713728,698423.93856,neighbors
660.8228335790336,4.147183616,179.044859904,698423.93856,neighbors
661.3239602502435,4.147183616,179.044859904,698423.93856,neighbors
661.8248702213168,4.147183616,179.044859904,698423.93856,neighbors
662.3257125709206,4.147183616,179.049054208,698424.035147776,neighbors
662.8267757948488,4.1889792,178.988187648,698424.035147776,neighbors
663.3275077417493,4.265754624,178.988711936,698424.035147776,neighbors
663.828460810706,4.342530048,178.987839488,698424.035147776,neighbors
664.3293617665768,4.419305472,178.987380736,698423.969828864,neighbors
664.8304473869503,4.495269888,178.984763392,698423.969828864,neighbors
665.3312962707132,4.571774976,178.984665088,698423.969828864,neighbors
665.8320735562593,1.850834944,181.28551936,698423.969828864,neighbors
666.3328464496881,1.850966016,181.288603648,698423.643734016,neighbors
666.8337559904903,1.851031552,181.288271872,698423.643734016,neighbors
667.3345274999738,1.851056128,181.287518208,698423.643734016,neighbors
667.8352548535913,1.8514944,181.28529408,698423.643734016,neighbors
668.3367760442197,1.892773888,181.263560704,698423.25612544,neighbors
668.8378361575305,1.931280384,181.24460032,698423.25612544,neighbors
669.339339049533,1.972400128,181.223841792,698423.25612544,neighbors
669.8412113506347,2.009341952,181.204844544,698423.25612544,neighbors
670.3429843150079,2.048581632,181.185970176,698423.514628096,neighbors
670.8451960701495,2.092064768,181.16302848,698423.514628096,neighbors
671.3462612256408,2.1289984,181.146124288,698423.514628096,neighbors
671.8472664896399,2.16567808,181.127012352,698423.514628096,neighbors
672.3489843662828,2.206769152,181.10578688,698423.655182336,neighbors
672.8524175342172,2.247888896,181.091500032,698423.655182336,neighbors
673.3539708908647,2.284838912,181.074722816,698423.655182336,neighbors
673.8547764215618,2.314993664,181.06329088,698423.771734016,neighbors
674.3565507046878,2.987466752,180.614823936,698423.771734016,neighbors
674.858039861545,2.987532288,180.611985408,698423.771734016,neighbors
675.3597267083824,2.987532288,180.611985408,698423.771734016,neighbors
675.8620198778808,2.987532288,180.611985408,698424.112992256,neighbors
676.3634716738015,2.98780672,180.612112384,698424.112992256,neighbors
676.864181438461,3.008516096,180.610834432,698424.112992256,neighbors
677.3647051118314,3.067990016,180.603695104,698424.112992256,neighbors
677.8651816099882,3.128004608,180.598349824,698424.113598464,neighbors
678.3657716214657,3.180695552,180.589314048,698424.113598464,neighbors
678.8662335984409,3.236114432,180.58051584,698424.113598464,neighbors
679.3666664250195,3.29152512,180.573274112,698424.113598464,neighbors
679.867150740698,3.342594048,180.567302144,698423.918075904,neighbors
680.3677522428334,3.396931584,180.559650816,698423.918075904,neighbors
680.8682331740856,3.450699776,180.550483968,698423.918075904,neighbors
681.3687226865441,3.50908416,180.541341696,698423.918075904,neighbors
681.8692033067346,3.565043712,180.536520704,698423.35913984,neighbors
682.3708311300725,3.612614656,180.533714944,698423.35913984,neighbors
682.8712994866073,3.663962112,180.528234496,698423.35913984,neighbors
683.3717712666839,3.712335872,180.522020864,698423.35913984,neighbors
683.8722449336201,3.75934976,180.512284672,698422.459928576,neighbors
684.1960032060742,2.31510016,181.181190144,698422.459928576,neighbors
684.1968962904066,2.31510016,181.181190144,698422.459928576,leiden
684.3735926505178,2.584543232,181.182738432,698422.459928576,leiden
684.8748528528959,3.239276544,181.054836736,698422.459928576,leiden
685.3758311457932,3.239333888,181.056278528,698422.459928576,leiden
685.8770045097917,3.239333888,181.053743104,698422.520086528,leiden
686.3793639224023,3.239333888,181.053743104,698422.520086528,leiden
686.8814542945474,3.239333888,181.053734912,698422.520086528,leiden
687.38244009763,3.239333888,181.053734912,698422.520086528,leiden
687.8842031061649,3.239333888,181.057949696,698422.692425728,leiden
688.3861853461713,3.239333888,181.057949696,698422.692425728,leiden
688.8882731441408,3.239333888,181.055868928,698422.692425728,leiden
689.3899408504367,3.239333888,181.055868928,698422.692425728,leiden
689.8907224424183,3.239333888,181.055864832,698422.72659456,leiden
690.3925937432796,3.239333888,181.055864832,698422.72659456,leiden
690.8942096699029,3.239333888,181.053718528,698422.72659456,leiden
691.3962664455175,3.239333888,181.053718528,698422.72659456,leiden
691.8983619846404,3.239333888,181.053730816,698422.866829312,leiden
692.3996082246304,3.239333888,181.05792512,698422.866829312,leiden
692.9006907455623,3.239333888,181.056090112,698422.866829312,leiden
693.4023636300117,3.239333888,181.056090112,698422.866829312,leiden
693.9043596424162,3.239333888,181.056090112,698422.825623552,leiden
694.4063444696367,3.239333888,181.056090112,698422.825623552,leiden
694.9086731094867,3.239337984,181.053743104,698422.825623552,leiden
695.4098284617066,3.239337984,181.053743104,698422.825623552,leiden
695.9115780200809,3.239337984,181.053759488,698422.535643136,leiden
696.4131500907242,3.23934208,181.053759488,698422.535643136,leiden
696.9144436977804,3.24982784,181.043273728,698422.535643136,leiden
697.416148794815,3.251924992,181.041176576,698422.535643136,leiden
697.9181581586599,3.251924992,181.03894016,698422.569357312,leiden
698.4209457598627,3.251924992,181.045231616,698422.569357312,leiden
698.9225013293326,3.251924992,181.045620736,698422.569357312,leiden
699.4233333449811,3.251924992,181.045620736,698422.569357312,leiden
699.9253557976335,3.251924992,181.0434048,698422.568239104,leiden
700.4264862909913,3.251924992,181.0434048,698422.568239104,leiden
700.9285258036107,3.254022144,181.041319936,698422.568239104,leiden
701.4293332900852,3.254022144,181.041319936,698422.568239104,leiden
701.931596102193,3.254022144,181.039108096,698422.662746112,leiden
702.4328401014209,3.254022144,181.039108096,698422.662746112,leiden
702.9337851870805,3.254022144,181.039095808,698422.662746112,leiden
703.4348494131118,3.254022144,181.039095808,698422.662746112,leiden
703.9361961260438,3.254022144,181.043290112,698422.679609344,leiden
704.4373298119754,3.254022144,181.043290112,698422.679609344,leiden
704.9393518939614,3.254022144,181.041348608,698422.679609344,leiden
705.440233822912,3.254022144,181.041348608,698422.679609344,leiden
705.9422269258648,3.254022144,181.041344512,698422.670839808,leiden
706.4434932488948,3.254022144,181.041344512,698422.670839808,leiden
706.9453342556953,3.254022144,181.039136768,698422.670839808,leiden
707.4462335854769,3.254022144,181.039136768,698422.670839808,leiden
707.9482696186751,3.254022144,181.039136768,698422.752907264,leiden
708.4504678826779,3.254022144,181.043331072,698422.752907264,leiden
708.9513349141926,3.254022144,181.041258496,698422.752907264,leiden
709.4522705301642,3.254022144,181.041258496,698422.752907264,leiden
709.9543148223311,3.254022144,181.041258496,698422.78813696,leiden
710.4555508028716,3.25402624,181.041258496,698422.78813696,leiden
710.9570201486349,3.25402624,181.041258496,698422.78813696,leiden
711.4579465612769,3.25402624,181.041258496,698422.78813696,leiden
711.9588103946298,3.25402624,181.039054848,698422.856101888,leiden
712.4602163508534,3.25402624,181.039054848,698422.856101888,leiden
712.9624787606299,3.25402624,181.03906304,698422.856101888,leiden
713.4633558634669,3.25402624,181.043257344,698422.856101888,leiden
713.9654397647828,3.25402624,181.041311744,698422.77564416,leiden
714.4666318893433,3.25402624,181.041311744,698422.77564416,leiden
714.968178698793,3.25402624,181.041311744,698422.77564416,leiden
715.4693452510983,3.25402624,181.041311744,698422.77564416,leiden
715.9714658297598,3.256123392,181.037039616,698422.680858624,leiden
716.472646670416,3.256123392,181.03701504,698422.680858624,leiden
716.9736904967576,3.256123392,181.037027328,698422.680858624,leiden
717.4745383057743,3.256123392,181.037027328,698422.680858624,leiden
717.975969646126,3.256123392,181.041348608,698422.716379136,leiden
718.4771611616015,3.256123392,181.041348608,698422.716379136,leiden
718.979204017669,3.256123392,181.039382528,698422.716379136,leiden
719.4802110344172,3.256123392,181.039382528,698422.716379136,leiden
719.9810648020357,3.256123392,181.039382528,698422.701330432,leiden
720.4822504222393,3.256123392,181.039382528,698422.701330432,leiden
720.9839628115296,3.256123392,181.037162496,698422.701330432,leiden
721.4848130382597,3.256123392,181.037162496,698422.701330432,leiden
721.9864405021071,3.256123392,181.037289472,698422.41466368,leiden
722.4877062626183,3.256123392,181.037289472,698422.41466368,leiden
722.9897351674736,3.256123392,181.035003904,698422.41466368,leiden
723.49073927477,3.256123392,181.035003904,698422.41466368,leiden
723.99277013354,3.256123392,181.034999808,698422.3483904,leiden
724.4951758980751,3.256123392,181.039194112,698422.3483904,leiden
724.996880877763,3.256123392,181.039456256,698422.3483904,leiden
725.4978154357523,3.256123392,181.039456256,698422.3483904,leiden
725.9998199790716,3.256123392,181.037232128,698422.78422528,leiden
726.5021748933941,3.256123392,181.037232128,698422.78422528,leiden
727.0030620675534,3.256123392,181.037232128,698422.78422528,leiden
727.5041287317872,3.256123392,181.037232128,698422.78422528,leiden
728.0061898138374,3.256123392,181.035020288,698422.86073856,leiden
728.5092838499695,3.256123392,181.041311744,698422.86073856,leiden
729.0116802658886,3.256123392,181.041717248,698422.86073856,leiden
729.5128755848855,3.256123392,181.041717248,698422.86073856,leiden
730.0148908831179,3.256123392,181.039456256,698422.873034752,leiden
730.5162417814136,3.256123392,181.039456256,698422.873034752,leiden
731.0182901266962,3.256123392,181.039456256,698422.873034752,leiden
731.5194642227143,3.256123392,181.039456256,698422.873034752,leiden
732.0212359577417,3.256123392,181.039489024,698422.690516992,leiden
732.5225910618901,3.256123392,181.039489024,698422.690516992,leiden
733.0246202349663,3.256123392,181.03734272,698422.690516992,leiden
733.5257371813059,3.256123392,181.03734272,698422.690516992,leiden
734.026799544692,3.256123392,181.041537024,698422.682120192,leiden
734.5280995182693,3.256123392,181.041537024,698422.682120192,leiden
735.0300947241485,3.256123392,181.03957504,698422.682120192,leiden
735.5312271844596,3.256123392,181.03957504,698422.682120192,leiden
736.0332723893225,3.256123392,181.03957504,698423.025811456,leiden
736.5348732788116,3.256123392,181.03957504,698423.025811456,leiden
737.0368314813823,3.256123392,181.037244416,698423.025811456,leiden
737.53780166246,3.256123392,181.037244416,698423.025811456,leiden
738.0391482207924,3.256123392,181.037236224,698423.055896576,leiden
738.5416988506913,3.256123392,181.041430528,698423.055896576,leiden
739.0434336457402,3.256123392,181.041688576,698423.055896576,leiden
739.5446489546448,3.256123392,181.041688576,698423.055896576,leiden
740.0458444524556,3.256123392,181.039517696,698422.966042624,leiden
740.5472637657076,3.256123392,181.039517696,698422.966042624,leiden
741.048137338832,3.256123392,181.039517696,698422.966042624,leiden
741.549111649394,3.256123392,181.039517696,698422.966042624,leiden
742.0511708781123,3.256123392,181.037309952,698422.866542592,leiden
742.552722947672,3.256123392,181.037309952,698422.866542592,leiden
743.0540973413736,3.256123392,181.037309952,698422.866542592,leiden
743.5552781969309,3.256123392,181.041504256,698422.866542592,leiden
744.057321170345,3.256123392,181.03953408,698422.825824256,leiden
744.5588299166411,3.256123392,181.03953408,698422.825824256,leiden
745.0602731257677,3.256123392,181.03953408,698422.825824256,leiden
745.5613145213574,3.256123392,181.03953408,698422.825824256,leiden
746.0630108546466,3.256123392,181.03953408,698422.876565504,leiden
746.5641787461936,3.256127488,181.037346816,698422.876565504,leiden
747.0662276875228,3.256127488,181.037346816,698422.876565504,leiden
747.5674964562058,3.256127488,181.037346816,698422.876565504,leiden
748.0686569940299,3.256127488,181.037346816,698422.851244032,leiden
748.5708743669093,3.256127488,181.039591424,698422.851244032,leiden
749.0725449174643,3.256127488,181.039591424,698422.851244032,leiden
749.573588937521,3.256127488,181.039734784,698422.851244032,leiden
750.0752611737698,3.256127488,181.039734784,698422.925389824,leiden
750.5767934229225,3.256127488,181.03738368,698422.925389824,leiden
751.0784862283617,3.256127488,181.03738368,698422.925389824,leiden
751.5797985885292,3.256127488,181.037391872,698422.925389824,leiden
752.0813287738711,3.256127488,181.037391872,698422.966398976,leiden
752.5828394945711,3.256127488,181.037416448,698422.966398976,leiden
753.0844910740852,3.22541568,181.068558336,698422.966398976,leiden
753.5855839438736,3.236757504,181.054676992,698422.966398976,leiden
754.0875116661191,3.251437568,181.039869952,698423.025115136,leiden
754.5903779938817,3.257729024,181.040263168,698423.025115136,leiden
755.091708926484,3.272409088,181.025558528,698423.025115136,leiden
755.5930101014674,3.280797696,181.014945792,698423.025115136,leiden
756.0946092884988,3.287093248,181.008654336,698422.926323712,leiden
756.5959328301251,3.301773312,180.994002944,698422.926323712,leiden
757.0967230144888,3.31016192,180.985614336,698422.926323712,leiden
757.5978165287524,3.324841984,180.968599552,698422.926323712,leiden
758.0986892152578,3.33113344,180.962308096,698422.8189184,leiden
758.6001928728074,3.535396864,180.757676032,698422.8189184,leiden
759.1022623907775,3.992576,180.299608064,698422.8189184,leiden
759.6033168267459,4.148125696,180.146663424,698422.8189184,leiden
760.1053504161537,4.543725568,179.751768064,698422.756294656,leiden
760.6069626342505,5.270065152,179.022024704,698422.756294656,leiden
761.1086934879422,3.704901632,180.589420544,698422.756294656,leiden
761.6100479718298,3.704901632,180.589551616,698422.756294656,leiden
762.1116672232747,3.704901632,180.589551616,698422.981804032,leiden
762.6127214506269,3.705397248,180.587331584,698422.981804032,leiden
763.1140216309577,3.708542976,180.584218624,698422.981804032,leiden
763.6152614150196,3.7086208,180.584218624,698422.981804032,leiden
764.1173144169152,3.710717952,180.582121472,698423.112552448,leiden
764.6196746081114,3.712815104,180.58213376,698423.112552448,leiden
765.1217279788107,3.713339392,180.58149888,698423.112552448,leiden
765.6229054406285,4.184031232,180.109897728,698423.112552448,leiden
766.1249416787177,4.380004352,179.915665408,698422.701416448,leiden
766.6265510693192,3.482107904,180.810866688,698422.701416448,leiden
767.1284669693559,3.482107904,180.810866688,698422.701416448,leiden
767.6299960892648,3.482107904,180.811763712,698422.701416448,leiden
768.1313509400934,3.482107904,180.811763712,698422.077272064,leiden
768.6331568527967,3.811692544,180.481499136,698422.077272064,leiden
769.135114910081,3.224313856,181.07549696,698422.077272064,leiden
769.6363498419523,3.159642112,181.137661952,698422.077272064,leiden
770.1384500823915,3.208404992,181.088735232,698421.639753728,leiden
770.64022593759,3.208404992,181.088735232,698421.639753728,leiden
771.1414805054665,3.208404992,181.08860416,698421.639753728,leiden
771.642466712743,3.208404992,181.086531584,698421.639753728,leiden
772.1445175781846,3.208404992,181.086531584,698422.28013056,leiden
772.6458160150796,3.21323008,181.082083328,698422.28013056,leiden
773.1466757524759,3.228352512,181.066326016,698422.28013056,leiden
773.6479004677385,3.236929536,181.055729664,698422.28013056,leiden
774.1495095621794,3.245318144,181.047341056,698422.882770944,leiden
774.6524334605783,3.253706752,181.045510144,698422.882770944,leiden
775.1544797979295,3.266289664,181.032927232,698422.882770944,leiden
775.6560716703534,3.278872576,181.02034432,698422.882770944,leiden
776.1569908354431,3.285164032,181.014052864,698423.05855488,leiden
776.659337611869,3.295649792,181.001232384,698423.05855488,leiden
777.1613855343312,3.3040384,180.992843776,698423.05855488,leiden
777.6628345306963,3.317829632,180.979113984,698423.05855488,leiden
778.1638593096286,3.532496896,180.763938816,698422.84544,leiden
778.6661809775978,3.985481728,180.307861504,698422.84544,leiden
779.1670378688723,4.138868736,180.154712064,698422.84544,leiden
779.6678659468889,4.552998912,179.74040576,698422.84544,leiden
780.1687142979354,5.253328896,179.038826496,698422.570098688,leiden
780.671478856355,3.736551424,180.55962624,698422.570098688,leiden
781.1735172029585,3.736551424,180.559888384,698422.570098688,leiden
781.6748640649021,3.736551424,180.558999552,698422.570098688,leiden
782.1760519426316,3.736551424,180.558999552,698422.53836288,leiden
782.677603745833,3.736551424,180.558999552,698422.53836288,leiden
783.1795722488314,3.736551424,180.558999552,698422.53836288,leiden
783.6807165909559,3.736551424,180.556664832,698422.53836288,leiden
784.18214090541,3.95870208,180.334686208,698422.625980416,leiden
784.6856174189597,4.297220096,179.999531008,698422.625980416,leiden
785.1868391577154,4.610596864,179.68652288,698422.625980416,leiden
785.6882316544652,3.50404608,180.791246848,698422.625980416,leiden
786.1894567701966,3.50404608,180.791246848,698422.817570816,leiden
786.691709222272,3.504050176,180.791246848,698422.817570816,leiden
787.1929502673447,3.602198528,180.693508096,698422.817570816,leiden
787.6946700140834,3.216760832,181.078257664,698422.817570816,leiden
788.1958474013954,3.175960576,181.11963136,698422.804672512,leiden
788.6980996802449,3.175960576,181.118611456,698422.804672512,leiden
789.199289182201,3.175960576,181.118611456,698422.804672512,leiden
789.5246320255101,3.175972864,181.118603264,698422.804672512,leiden
789.5256253499538,3.175972864,181.118603264,698422.804672512,umap
789.7002611532807,3.176136704,181.123076096,698422.804672512,umap
790.2015061173588,3.176136704,181.123076096,698423.175827456,umap
790.7025926653296,3.176136704,181.120729088,698423.175827456,umap
791.2038135118783,3.176136704,181.120729088,698423.175827456,umap
791.7046713456511,3.176136704,181.120729088,698423.175827456,umap
792.2058933023363,3.176136704,181.120729088,698423.11421952,umap
792.7069080024958,3.176136704,181.118521344,698423.11421952,umap
793.2083433382213,3.176169472,181.118521344,698423.11421952,umap
793.7099890373647,3.176169472,181.118521344,698423.11421952,umap
794.2107592262328,3.176169472,181.122715648,698422.935207936,umap
794.7128765583038,3.176169472,181.120765952,698422.935207936,umap
795.2139745019376,3.176169472,181.120765952,698422.935207936,umap
795.7149275653064,3.176169472,181.120765952,698422.935207936,umap
796.21614735201,3.176169472,181.120208896,698422.524383232,umap
796.7177182603627,3.176169472,181.117980672,698422.524383232,umap
797.218919813633,3.176169472,181.117980672,698422.524383232,umap
797.7203688342124,3.176169472,181.117980672,698422.524383232,umap
798.2218096926808,3.176173568,181.117980672,698422.619004928,umap
798.7238245345652,3.176173568,181.117980672,698422.619004928,umap
799.2250495497137,3.176173568,181.122174976,698422.619004928,umap
799.7263026237488,3.176173568,181.120159744,698422.619004928,umap
800.2275677733123,3.176173568,181.120159744,698422.950486016,umap
800.7297988273203,3.176173568,181.120159744,698422.950486016,umap
801.2305399160832,3.176173568,181.120159744,698422.950486016,umap
801.7319971490651,3.176173568,181.117952,698422.950486016,umap
802.233251484111,3.176173568,181.117952,698423.031816192,umap
802.7350913956761,3.176173568,181.117952,698423.031816192,umap
803.236369933933,3.176173568,181.117952,698423.031816192,umap
803.7377976663411,3.176173568,181.11619072,698423.031816192,umap
804.239060850814,3.176173568,181.11619072,698422.997798912,umap
804.7421129774302,3.176173568,181.122748416,698422.997798912,umap
805.2435080446303,3.176173568,181.122748416,698422.997798912,umap
805.7449264153838,3.176173568,181.122748416,698422.997798912,umap
806.2462774179876,3.176173568,181.122748416,698423.103397888,umap
806.7480416130275,3.176173568,181.120540672,698423.103397888,umap
807.2489001341164,3.176173568,181.120540672,698423.103397888,umap
807.7497308906168,3.176173568,181.120540672,698423.103397888,umap
808.2507174406201,3.176173568,181.120540672,698423.108083712,umap
808.7523311190307,3.176173568,181.118316544,698423.108083712,umap
809.2542381379753,3.176173568,181.118316544,698423.108083712,umap
809.7556953225285,3.176173568,181.118316544,698423.108083712,umap
810.2572196982801,3.176173568,181.118316544,698422.861307904,umap
810.759803885594,3.176173568,181.120421888,698422.861307904,umap
811.2617239709944,3.176173568,181.120421888,698422.861307904,umap
811.7626772560179,3.176173568,181.120421888,698422.861307904,umap
812.2646270785481,3.176173568,181.120421888,698422.603153408,umap
812.7657209616154,3.176173568,181.120421888,698422.603153408,umap
813.2664619665593,3.176173568,181.120421888,698422.603153408,umap
813.7673045005649,3.176173568,181.11821824,698422.603153408,umap
814.2692668084055,3.176173568,181.11821824,698422.613303296,umap
814.771946914494,3.176173568,181.122674688,698422.613303296,umap
815.2729565165937,3.176173568,181.122674688,698422.613303296,umap
815.7737445533276,3.176173568,181.120442368,698422.613303296,umap
816.2746718581766,3.176173568,181.120442368,698423.155605504,umap
816.7757762856781,3.176173568,181.120442368,698423.155605504,umap
817.2769937030971,3.176173568,181.120442368,698423.155605504,umap
817.778516350314,3.176173568,181.11821824,698423.155605504,umap
818.2794515583664,3.176173568,181.11821824,698423.284420608,umap
818.7812888789922,3.176173568,181.118222336,698423.284420608,umap
819.283280538395,3.176173568,181.118222336,698423.284420608,umap
819.784175157547,3.176173568,181.12239616,698423.284420608,umap
820.2861788086593,3.176173568,181.12239616,698423.07700736,umap
820.7881125807762,3.176173568,181.120454656,698423.07700736,umap
821.2896946035326,3.176173568,181.120454656,698423.07700736,umap
821.7912659030408,3.176173568,181.120454656,698423.07700736,umap
822.2925867699087,3.176173568,181.120454656,698422.915325952,umap
822.7936025988311,3.176173568,181.118230528,698422.915325952,umap
823.2943830545992,3.176173568,181.114036224,698422.915325952,umap
823.7952113859355,3.176173568,181.114044416,698422.915325952,umap
824.2971723377705,3.176173568,181.114044416,698422.936313856,umap
824.799885282293,3.176173568,181.11619072,698422.936313856,umap
825.3018785174936,3.176173568,181.11619072,698422.936313856,umap
825.8029238190502,3.176173568,181.11608832,698422.936313856,umap
826.3044299259782,3.176173568,181.116080128,698423.208415232,umap
826.8055223468691,3.176173568,181.11606784,698423.208415232,umap
827.3075116295367,3.176173568,181.11606784,698423.208415232,umap
827.8085301592946,3.176173568,181.113982976,698423.208415232,umap
828.3093830216676,3.176173568,181.113982976,698423.306457088,umap
828.8113742750138,3.176173568,181.113982976,698423.306457088,umap
829.3126918617636,3.176173568,181.113982976,698423.306457088,umap
829.8137550186366,3.176173568,181.111820288,698423.306457088,umap
830.3146603535861,3.176173568,181.111820288,698423.133110272,umap
830.817990232259,3.176173568,181.11850496,698423.133110272,umap
831.3190616890788,3.176173568,181.11850496,698423.133110272,umap
831.8200389053673,3.176173568,181.116223488,698423.133110272,umap
832.3210691027343,3.176173568,181.116223488,698423.078862848,umap
832.8220325298607,3.176173568,181.116223488,698423.078862848,umap
833.323104981333,3.176173568,181.116223488,698423.078862848,umap
833.8241332508624,3.176173568,181.116223488,698423.078862848,umap
834.3262068144977,3.176173568,181.116223488,698423.159681024,umap
834.8290448468179,3.176173568,181.118476288,698423.159681024,umap
835.3298747297376,3.176173568,181.118476288,698423.159681024,umap
835.8310436159372,3.176173568,181.118476288,698423.159681024,umap
836.3324681147933,3.176173568,181.118476288,698422.827659264,umap
836.8345473166555,3.176173568,181.116346368,698422.827659264,umap
837.3359545581043,3.176173568,181.116346368,698422.827659264,umap
837.837229155004,3.176173568,181.116346368,698422.827659264,umap
838.339255830273,3.176173568,181.116346368,698422.829944832,umap
838.8415060825646,3.176173568,181.114191872,698422.829944832,umap
839.3424986582249,3.176173568,181.114191872,698422.829944832,umap
839.8440479896963,3.176173568,181.114191872,698422.829944832,umap
840.3450076133013,3.176173568,181.114191872,698423.13347072,umap
840.8472130224109,3.176173568,181.11864832,698423.13347072,umap
841.3492200020701,3.176173568,181.11864832,698423.13347072,umap
841.8509716819972,3.176173568,181.1163136,698423.13347072,umap
842.3526100013405,3.176173568,181.1163136,698423.311638528,umap
842.8535749278963,3.176173568,181.11574016,698423.311638528,umap
843.3544266056269,3.176173568,181.11574016,698423.311638528,umap
843.8566149622202,3.176173568,181.113516032,698423.288328192,umap
844.3578468989581,3.176173568,181.113516032,698423.288328192,umap
844.8586763385683,3.176173568,181.113516032,698423.288328192,umap
845.3595374375582,3.176173568,181.113516032,698423.288328192,umap
845.8613003659993,3.176173568,181.115752448,698422.835712,umap
846.3630641940981,3.176173568,181.115752448,698422.835712,umap
846.8641065470874,3.176173568,181.115752448,698422.835712,umap
847.3650966677815,3.176173568,181.115752448,698422.835712,umap
847.8660937026143,3.176173568,181.115752448,698422.781919232,umap
848.3671566266567,3.176173568,181.115752448,698422.781919232,umap
848.8689414095134,3.17618176,181.11352832,698422.781919232,umap
849.3699955102056,3.272085504,181.018587136,698422.781919232,umap
849.8711684700102,3.29773056,180.991234048,698422.818414592,umap
850.374062942341,3.328090112,180.965003264,698422.818414592,umap
850.8757189270109,3.292360704,180.99933184,698422.818414592,umap
851.3776501696557,3.32036096,180.970545152,698422.818414592,umap
851.8797198813409,3.335954432,180.955754496,698423.168016384,umap
852.3819437753409,3.302731776,180.988502016,698423.168016384,umap
852.8837811630219,3.331739648,180.957601792,698423.168016384,umap
853.3858121763915,3.288932352,180.999671808,698423.168016384,umap
853.8877112008631,3.319209984,180.96982016,698423.281147904,umap
854.3888208102435,3.278352384,181.010743296,698423.281147904,umap
854.8897692579776,3.30983424,180.983148544,698423.281147904,umap
855.3918367698789,3.331555328,180.961431552,698423.281147904,umap
855.8931483309716,3.29652224,180.99490816,698423.154966528,umap
856.3954743538052,3.322671104,180.9683456,698423.154966528,umap
856.8965695016086,3.289116672,181.001900032,698423.154966528,umap
857.3979271911085,3.311362048,180.979863552,698423.154966528,umap
857.8987436518073,3.27182336,180.987297792,698423.019618304,umap
858.4000342655927,3.297767424,180.991430656,698423.019618304,umap
858.9020315017551,3.325181952,180.96367616,698423.019618304,umap
859.4040721133351,3.288489984,181.00072448,698423.019618304,umap
859.9048700295389,3.308109824,180.98407424,698422.902317056,umap
860.4060567431152,3.208065024,181.085806592,698422.902317056,umap
860.9070073626935,3.240075264,181.079498752,698422.902317056,umap
861.4085139334202,3.9803904,180.338061312,698422.902317056,umap
861.9093689639121,5.027377152,179.290083328,698423.22221056,umap
862.4113835785538,5.027377152,179.290083328,698423.22221056,umap
862.9129422847182,5.457457152,178.856677376,698423.22221056,umap
863.4138074498624,6.185168896,178.127568896,698423.22221056,umap
863.914667326957,4.832366592,179.482533888,698423.382294528,umap
864.4156779143959,4.832366592,179.482533888,698423.382294528,umap
864.9167097005993,4.832366592,179.480293376,698423.382294528,umap
865.4174967221916,4.832366592,179.480449024,698423.382294528,umap
865.9194273874164,4.832366592,179.480449024,698423.36948224,umap
866.4221027623862,4.832366592,179.48674048,698423.36948224,umap
866.9238799661398,4.832366592,179.4871296,698423.36948224,umap
867.4247185364366,4.832366592,179.4871296,698423.36948224,umap
867.9257602225989,4.832366592,179.484758016,698423.280607232,umap
868.4268613420427,4.832366592,179.484758016,698423.280607232,umap
868.928894970566,4.832366592,179.4847744,698423.280607232,umap
869.4297871943563,4.832366592,179.4847744,698423.280607232,umap
869.9317754022777,4.832366592,179.482566656,698423.300120576,umap
870.4328718613833,4.832366592,179.482566656,698423.300120576,umap
870.9344182293862,4.832366592,179.482566656,698423.300120576,umap
871.4353096857667,4.832366592,179.48676096,698423.300120576,umap
871.9373606238514,4.832366592,179.484803072,698423.045513216,umap
872.4385373815894,4.832366592,179.484803072,698423.045513216,umap
872.9402956347913,4.832366592,179.484803072,698423.045513216,umap
873.4412087798119,4.832366592,179.484803072,698423.045513216,umap
873.9430420063436,4.832366592,179.482853376,698422.931177472,umap
874.4454373605549,4.832366592,179.482853376,698422.931177472,umap
874.9474915508181,4.832366592,179.482722304,698422.931177472,umap
875.4483499247581,4.832366592,179.482734592,698422.931177472,umap
875.9492214024067,4.832366592,179.487055872,698423.138988032,umap
876.4514889698476,4.832366592,179.4869248,698423.138988032,umap
876.9524243902415,4.832366592,179.485093888,698423.138988032,umap
877.4533198457211,4.832366592,179.485093888,698423.138988032,umap
877.9553281776607,4.832366592,179.485093888,698423.18401536,umap
878.4569661468267,4.832366592,179.485093888,698423.18401536,umap
878.9578339029104,4.832366592,179.48274688,698423.18401536,umap
879.4587935581803,4.832366592,179.48274688,698423.18401536,umap
879.9596925415099,4.832366592,179.482722304,698423.321915392,umap
880.4608340095729,4.832366592,179.482722304,698423.321915392,umap
880.9627005625516,4.832366592,179.48504064,698423.321915392,umap
881.463663591072,4.832366592,179.48504064,698423.321915392,umap
881.9645474664867,4.832366592,179.484925952,698423.459946496,umap
882.4663789868355,4.832366592,179.484925952,698423.459946496,umap
882.9684620201588,4.832366592,179.484925952,698423.459946496,umap
883.4705054182559,4.832366592,179.484925952,698423.459946496,umap
883.9713472630829,4.832366592,179.482693632,698423.139823616,umap
884.4736369010061,4.832366592,179.482693632,698423.139823616,umap
884.974635226652,4.832366592,179.482693632,698423.139823616,umap
885.4761647153646,4.832366592,179.482693632,698423.139823616,umap
885.978234147653,4.832366592,179.480424448,698422.949421056,umap
886.4821848385036,4.832366592,179.486715904,698422.949421056,umap
886.9840980805457,4.832366592,179.487154176,698422.949421056,umap
887.4861767590046,4.832366592,179.486572544,698422.949421056,umap
887.9880784675479,4.832366592,179.48657664,698423.1159808,umap
888.4894606173038,4.832366592,179.48657664,698423.1159808,umap
888.9914840348065,4.832366592,179.48438528,698423.1159808,umap
889.49243991822,4.832366592,179.484434432,698423.1159808,umap
889.9934785496444,4.832366592,179.484434432,698423.209603072,umap
890.4945750795305,4.832366592,179.484434432,698423.209603072,umap
890.9958903808147,4.832366592,179.482210304,698423.209603072,umap
891.4969351962209,4.832366592,179.482210304,698423.209603072,umap
891.9978549797088,4.832366592,179.482210304,698423.4370048,umap
892.5002894382924,4.832366592,179.486404608,698423.4370048,umap
893.0022520069033,4.832366592,179.484459008,698423.4370048,umap
893.5031779352576,4.832366592,179.484459008,698423.4370048,umap
894.0052490141243,4.832366592,179.484459008,698423.349899264,umap
894.5068678110838,4.832366592,179.484459008,698423.349899264,umap
895.0088417958468,4.832366592,179.484454912,698423.349899264,umap
895.5099302828312,4.832366592,179.484454912,698423.349899264,umap
896.0109079722315,4.832366592,179.482103808,698423.154671616,umap
896.5133131090552,4.832366592,179.486298112,698423.154671616,umap
897.0144552458078,4.832366592,179.486560256,698423.154671616,umap
897.515381347388,4.832366592,179.486560256,698423.154671616,umap
898.0174814499915,4.832366592,179.484340224,698423.138041856,umap
898.5194351989776,4.832366592,179.486437376,698423.138041856,umap
899.021424619481,4.832366592,179.486568448,698423.138041856,umap
899.5225659310818,4.832366592,179.486568448,698423.138041856,umap
900.0235976222903,4.832366592,179.484291072,698423.145680896,umap
900.5248521305621,4.832366592,179.484291072,698423.145680896,umap
901.025720866397,4.832366592,179.484291072,698423.145680896,umap
901.5267013255507,4.832366592,179.484291072,698423.145680896,umap
902.0285435859114,4.832366592,179.484295168,698423.047176192,umap
902.5308179873973,4.832366592,179.484295168,698423.047176192,umap
903.0328211858869,4.832595968,179.48207104,698423.047176192,umap
903.5348013695329,4.832595968,179.482198016,698423.047176192,umap
904.0357006452978,4.832595968,179.486384128,698423.069302784,umap
904.5368158910424,4.832595968,179.486384128,698423.069302784,umap
905.037770241499,4.832595968,179.484573696,698423.069302784,umap
905.5386691689491,4.832595968,179.484442624,698423.069302784,umap
906.0395677350461,4.832595968,179.484442624,698423.294193664,umap
906.5412270296365,4.832595968,179.484442624,698423.294193664,umap
907.0432933829725,4.832595968,179.482218496,698423.294193664,umap
907.5453576464206,4.832595968,179.482218496,698423.294193664,umap
908.0474585238844,4.832595968,179.482218496,698423.360311296,umap
908.5497425217181,4.832595968,179.482218496,698423.360311296,umap
909.0517143756151,4.832595968,179.4864128,698423.360311296,umap
909.5527514424175,4.832595968,179.4864128,698423.360311296,umap
910.0536528099328,4.832595968,179.484340224,698423.32522496,umap
910.555129237473,4.832595968,179.484340224,698423.32522496,umap
911.0559159200639,4.832595968,179.484340224,698423.32522496,umap
911.5569319836795,4.832595968,179.48213248,698423.32522496,umap
912.057779289782,4.832595968,179.482648576,698423.016214528,umap
912.558990681544,4.832595968,179.482648576,698423.016214528,umap
913.0598773192614,4.832595968,179.482648576,698423.016214528,umap
913.5608790293336,4.832595968,179.484884992,698423.016214528,umap
914.0621095374227,4.832595968,179.484884992,698422.805352448,umap
914.5632648766041,4.832595968,179.484884992,698422.805352448,umap
915.0653328541666,4.832595968,179.484884992,698422.805352448,umap
915.5674206614494,4.832595968,179.484884992,698422.805352448,umap
916.0693509504199,4.832595968,179.484884992,698422.65591808,umap
916.571655806154,4.832595968,179.482677248,698422.65591808,umap
917.0725625604391,4.832595968,179.482677248,698422.65591808,umap
917.5735924709588,4.832595968,179.482677248,698422.65591808,umap
918.0744474995881,4.832595968,179.482677248,698422.78823936,umap
918.5766636449844,4.832595968,179.480469504,698422.78823936,umap
919.0775380022824,4.832595968,179.480469504,698422.78823936,umap
919.5787901226431,4.832595968,179.480498176,698422.78823936,umap
920.0798999257386,4.832595968,179.480498176,698422.716604416,umap
920.5826724655926,4.832595968,179.485028352,698422.716604416,umap
921.0835399739444,4.832595968,179.485028352,698422.716604416,umap
921.584655456245,4.832595968,179.48502016,698422.716604416,umap
922.0855016335845,4.832595968,179.48444672,698422.866051072,umap
922.5867523308843,4.832595968,179.482124288,698422.866051072,umap
923.0876413285732,4.832595968,179.482124288,698422.866051072,umap
923.5905197151005,4.832595968,179.482124288,698422.866051072,umap
924.0914771184325,4.832595968,179.482124288,698423.024758784,umap
924.593710815534,4.832595968,179.486580736,698423.024758784,umap
925.0952487941831,4.832595968,179.486580736,698423.024758784,umap
925.5964668113738,4.832595968,179.484356608,698423.024758784,umap
926.098548412323,4.832595968,179.484356608,698423.365214208,umap
926.5998091697693,4.832595968,179.484352512,698423.365214208,umap
927.1007680427283,4.832595968,179.484352512,698423.365214208,umap
927.6026934348047,4.832595968,179.482218496,698423.365214208,umap
928.1035298854113,4.832595968,179.482218496,698423.33253632,umap
928.604730097577,4.832595968,179.48223488,698423.33253632,umap
929.1067758537829,4.832595968,179.48223488,698423.33253632,umap
929.6079334504902,4.832595968,179.484454912,698423.33253632,umap
930.1088081542403,4.832595968,179.484454912,698423.103807488,umap
930.610341778025,4.832595968,179.484454912,698423.103807488,umap
931.1124452296644,4.832595968,179.484454912,698423.103807488,umap
931.6145038697869,4.832595968,179.484450816,698423.103807488,umap
932.1156598702073,4.832595968,179.484450816,698422.890418176,umap
932.6171530261636,4.832595968,179.482243072,698422.890418176,umap
933.1192075535655,4.832595968,179.482243072,698422.890418176,umap
933.6204513497651,4.832595968,179.482243072,698422.890418176,umap
934.1214181166142,4.832595968,179.486437376,698423.031873536,umap
934.6237372066826,4.832595968,179.484475392,698423.031873536,umap
935.1251503769308,4.832595968,179.484475392,698423.031873536,umap
935.6272732708603,4.832595968,179.484475392,698423.031873536,umap
936.1293332055211,4.832595968,179.484475392,698423.262109696,umap
936.6311659775674,4.832595968,179.482140672,698423.262109696,umap
937.1332259550691,4.832595968,179.482140672,698423.262109696,umap
937.6344962343574,4.832595968,179.482107904,698423.262109696,umap
938.1354132462293,4.832595968,179.479486464,698423.243321344,umap
938.6376776341349,4.832595968,179.479519232,698423.243321344,umap
939.1396863982081,4.832595968,179.483713536,698423.243321344,umap
939.6405200306326,4.832595968,179.47967488,698423.243321344,umap
940.1414500847459,4.832595968,179.47967488,698423.347810304,umap
940.6437714099884,4.832595968,179.479801856,698423.347810304,umap
941.1450011301786,4.832595968,179.48039168,698423.347810304,umap
941.6458132229745,4.832595968,179.478216704,698423.347810304,umap
942.1467110496014,4.832595968,179.478216704,698423.004151808,umap
942.6481960341334,4.832595968,179.478216704,698423.004151808,umap
943.1504680775106,4.832595968,179.4787328,698423.004151808,umap
943.6515502221882,4.832595968,179.476525056,698423.004151808,umap
944.1524739339948,4.832595968,179.476525056,698422.993932288,umap
944.655727205798,4.832595968,179.483209728,698422.993932288,umap
945.157072307542,4.832595968,179.483209728,698422.993932288,umap
945.6579659320414,4.832595968,179.483209728,698422.993932288,umap
946.1591110955924,4.832595968,179.483209728,698423.189479424,umap
946.660834133625,4.832595968,179.48100608,698423.189479424,umap
947.1624957304448,4.832595968,179.48100608,698423.189479424,umap
947.6649311389774,4.832595968,179.48100608,698423.189479424,umap
948.1664352621883,4.832595968,179.48100608,698423.108939776,umap
948.6687901001424,4.832595968,179.478798336,698423.108939776,umap
949.1700659487396,4.832595968,179.478798336,698423.108939776,umap
949.671585470438,4.832595968,179.478781952,698423.108939776,umap
950.1728109754622,4.832595968,179.478781952,698423.100116992,umap
950.6753032933921,4.832595968,179.48090368,698423.100116992,umap
951.1773528456688,4.832595968,179.48090368,698423.100116992,umap
951.6794499550015,4.832595968,179.48090368,698423.100116992,umap
952.1814881581813,4.832595968,179.48090368,698423.053524992,umap
952.6826440021396,4.832595968,179.478695936,698423.053524992,umap
953.1836532354355,4.832595968,179.478695936,698423.053524992,umap
953.6845413856208,4.832595968,179.478695936,698423.053524992,umap
954.1855847779661,4.832595968,179.478695936,698423.301853184,umap
954.6880097016692,4.832595968,179.483140096,698423.301853184,umap
955.1896789446473,4.832595968,179.483140096,698423.301853184,umap
955.6905463188887,4.832595968,179.480936448,698423.301853184,umap
956.1925747375935,4.832595968,179.480936448,698423.368851456,umap
956.694295629859,4.832595968,179.480936448,698423.368851456,umap
957.195373300463,4.832595968,179.480936448,698423.368851456,umap
957.6969471778721,4.832595968,179.47871232,698423.368851456,umap
958.1991540659219,4.832595968,179.47871232,698423.264026624,umap
958.7015299964696,4.832595968,179.478695936,698423.264026624,umap
959.2035564426333,4.832595968,179.478695936,698423.264026624,umap
959.7048149108887,4.832595968,179.48094464,698423.264026624,umap
960.2056388966739,4.832595968,179.48094464,698423.070076928,umap
960.7075109574944,4.832595968,179.48094464,698423.070076928,umap
961.2084929738194,4.832595968,179.48094464,698423.070076928,umap
961.70988580212,4.832595968,179.48094464,698423.070076928,umap
962.2120174150914,4.832595968,179.48094464,698422.980841472,umap
962.71472094208,4.832595968,179.478720512,698422.980841472,umap
963.2156286109239,4.832595968,179.478720512,698422.980841472,umap
963.7164671830833,4.832595968,179.478720512,698422.980841472,umap
964.2174216937274,4.832595968,179.478720512,698423.115051008,umap
964.7196726202965,4.832595968,179.476373504,698423.115051008,umap
965.2220098376274,4.832595968,179.476373504,698423.115051008,umap
965.7238593734801,4.832595968,179.476373504,698423.115051008,umap
966.2250593975186,4.832595968,179.476373504,698422.130978816,umap
966.7284696418792,4.832595968,179.480850432,698422.130978816,umap
967.2309033516794,4.832595968,179.480850432,698422.130978816,umap
967.7325982786715,4.832595968,179.480850432,698422.130978816,umap
968.2338756155223,4.832595968,179.480850432,698422.100402176,umap
968.7360552586615,4.832595968,179.480850432,698422.100402176,umap
969.2374901268631,4.832595968,179.480850432,698422.100402176,umap
969.7391146887094,4.832595968,179.478675456,698422.100402176,umap
970.2413571886718,4.832595968,179.478675456,698422.203338752,umap
970.7439936604351,4.832595968,179.483131904,698422.203338752,umap
971.2451814673841,4.832595968,179.483131904,698422.203338752,umap
971.7466274574399,4.832595968,179.480928256,698422.203338752,umap
972.2476932723075,4.832595968,179.480928256,698423.466201088,umap
972.7493224069476,4.832595968,179.480403968,698423.466201088,umap
973.2517493944615,4.832595968,179.480403968,698423.466201088,umap
973.7532903123647,4.832595968,179.47817984,698423.466201088,umap
974.2553306780756,4.832595968,179.47817984,698423.079206912,umap
974.7576368618757,4.832595968,179.478171648,698423.079206912,umap
975.258702704683,4.832595968,179.478171648,698423.079206912,umap
975.7596813030541,4.832595968,179.482365952,698423.079206912,umap
976.2607296202332,4.832595968,179.482365952,698422.27412992,umap
976.7619587536901,4.832595968,179.480293376,698422.27412992,umap
977.2629892136902,4.832595968,179.480293376,698422.27412992,umap
977.7639090847224,4.832595968,179.48033024,698422.27412992,umap
978.265053505078,4.832595968,179.48033024,698422.357663744,umap
978.7676718030125,4.832595968,179.478126592,698422.357663744,umap
979.2689383663237,4.832595968,179.478253568,698422.357663744,umap
979.7698267456144,4.832595968,179.478278144,698422.357663744,umap
980.2710738219321,4.832595968,179.478278144,698422.543745024,umap
980.7737914640456,4.832595968,179.48051456,698422.543745024,umap
981.2758105583489,4.832595968,179.48051456,698422.543745024,umap
981.7773569058627,4.832595968,179.48051456,698422.543745024,umap
982.279437629506,4.832595968,179.48051456,698423.37777664,umap
982.7808239106089,4.832595968,179.48051456,698423.37777664,umap
983.2828155066818,4.832595968,179.48051456,698423.37777664,umap
983.7848115600646,4.832595968,179.478306816,698423.37777664,umap
984.2868184689432,4.832595968,179.478306816,698423.285743616,umap
984.7890237309039,4.832595968,179.47817984,698423.285743616,umap
985.2906759530306,4.832595968,179.482374144,698423.285743616,umap
985.7923381943256,4.832595968,179.480428544,698423.285743616,umap
986.29468123056,4.832595968,179.480428544,698422.44313088,umap
986.7970821987838,4.832595968,179.480428544,698422.44313088,umap
987.2981202378869,4.832595968,179.480428544,698422.44313088,umap
987.7993432749063,4.832595968,179.478208512,698422.44313088,umap
988.3014590069652,4.832595968,179.478208512,698422.510587904,umap
988.8036988861859,4.832595968,179.478208512,698422.510587904,umap
989.3047448750585,4.832595968,179.478208512,698422.510587904,umap
989.8062086515129,4.832595968,179.475873792,698422.510587904,umap
990.3082774821669,4.832595968,179.475873792,698422.546341888,umap
990.8115922790021,4.832595968,179.482537984,698422.546341888,umap
991.3125958759338,4.832595968,179.482537984,698422.546341888,umap
991.8142761327326,4.832595968,179.482537984,698422.546341888,umap
992.3161808978766,4.832595968,179.482537984,698423.238987776,umap
992.8184771053493,4.832595968,179.480313856,698423.238987776,umap
993.3194649014622,4.832595968,179.480313856,698423.238987776,umap
993.8209597822279,4.832595968,179.480293376,698423.238987776,umap
994.3219698294997,4.832595968,179.480293376,698422.932594688,umap
994.8236572369933,4.832595968,179.478069248,698422.932594688,umap
995.3256840370595,4.832595968,179.478585344,698422.932594688,umap
995.826451536268,4.832595968,179.478585344,698422.932594688,umap
996.328496677801,4.832595968,179.478585344,698421.998116864,umap
996.8306606858969,4.832595968,179.480838144,698421.998116864,umap
997.3315381705761,4.832595968,179.478740992,698421.998116864,umap
997.8325045667589,4.832595968,179.47871232,698421.998116864,umap
998.3338618483394,4.832595968,179.47871232,698422.171144192,umap
998.8349962867796,4.832595968,179.47871232,698422.171144192,umap
999.3362055737525,4.832595968,179.47871232,698422.171144192,umap
999.8380976039916,4.832595968,179.476504576,698422.171144192,umap
1000.3401404954493,4.832595968,179.476504576,698422.315241472,umap
1000.8430446274579,4.832595968,179.480961024,698422.315241472,umap
1001.3444701414555,4.832595968,179.480961024,698422.315241472,umap
1001.8461590781808,4.832595968,179.478736896,698422.315241472,umap
1002.3482280205935,4.832595968,179.478736896,698423.049490432,umap
1002.8503711428493,4.832595968,179.478736896,698423.049490432,umap
1003.3524758182466,4.832595968,179.478736896,698423.049490432,umap
1003.8535534590483,4.832595968,179.476385792,698422.87259648,umap
1004.3548466470093,4.832595968,179.476385792,698422.87259648,umap
1004.8559837155044,4.832595968,179.476385792,698422.87259648,umap
1005.3570713866502,4.832595968,179.476385792,698422.87259648,umap
1005.8581626024097,4.832595968,179.480580096,698422.21047808,umap
1006.3604669570923,4.832595968,179.480580096,698422.21047808,umap
1006.8620691690594,4.832595968,179.478638592,698422.21047808,umap
1007.3629024662077,4.832595968,179.478638592,698422.21047808,umap
1007.8637440633029,4.832595968,179.478638592,698422.2436352,umap
1008.3657996095717,4.832595968,179.478638592,698422.2436352,umap
1008.8666034452617,4.832595968,179.476430848,698422.2436352,umap
1009.3675574120134,4.832595968,179.476430848,698422.2436352,umap
1009.8684289846569,4.832595968,179.476430848,698422.243545088,umap
1010.369631966576,4.832595968,179.476430848,698422.243545088,umap
1010.8707166388631,4.832595968,179.474137088,698422.243545088,umap
1011.372003948316,4.832595968,179.474137088,698422.243545088,umap
1011.8733628056943,4.832595968,179.474128896,698423.29995264,umap
1012.3767524827272,4.832595968,179.4783232,698423.29995264,umap
1012.877880262211,4.832612352,179.478601728,698423.29995264,umap
1013.3796256221831,4.832612352,179.478601728,698423.29995264,umap
1013.881717370823,4.832612352,179.476340736,698423.284924416,umap
1014.3838606141508,4.832612352,179.476340736,698423.284924416,umap
1014.8861205969006,4.832612352,179.47621376,698423.284924416,umap
1015.3882756847888,4.832612352,179.47621376,698423.284924416,umap
1015.8903477601707,4.832612352,179.474006016,698422.407921664,umap
1016.3942491617054,4.832612352,179.480297472,698422.407921664,umap
1016.8959411382675,4.832612352,179.480690688,698422.407921664,umap
1017.3970348909497,4.832612352,179.480690688,698422.407921664,umap
1017.8988498095423,4.832612352,179.47846656,698422.528360448,umap
1018.4001371543854,4.832612352,179.47846656,698422.528360448,umap
1018.902198234573,4.832612352,179.478462464,698422.528360448,umap
1019.404242137447,4.832612352,179.478462464,698422.528360448,umap
1019.9059580266476,4.832612352,179.47625472,698422.491041792,umap
1020.4082083515823,4.832612352,179.47625472,698422.491041792,umap
1020.9106048867106,4.832612352,179.47625472,698422.491041792,umap
1021.413035063073,4.832612352,179.47625472,698422.491041792,umap
1021.9141623899341,4.832612352,179.480449024,698422.364598272,umap
1022.4165107477456,4.832612352,179.480449024,698422.364598272,umap
1022.9176279548556,4.832612352,179.478491136,698422.364598272,umap
1023.4184137657285,4.832612352,179.478491136,698422.364598272,umap
1023.9204241987318,4.832612352,179.478491136,698421.515988992,umap
1024.4222466628999,4.832612352,179.478491136,698421.515988992,umap
1024.924317985773,4.832612352,179.476160512,698421.515988992,umap
1025.4267233293504,4.832612352,179.476160512,698421.515988992,umap
1025.9289157111198,4.832616448,179.476160512,698420.90930176,umap
1026.4311233256012,4.832616448,179.480354816,698420.90930176,umap
1026.9319293498993,4.832616448,179.478409216,698420.90930176,umap
1027.43325089477,4.832616448,179.477835776,698420.90930176,umap
1027.935715014115,4.832616448,179.477835776,698421.50100992,umap
1028.4369301460683,4.832616448,179.477835776,698421.50100992,umap
1028.9378071948886,4.832620544,179.477835776,698421.50100992,umap
1029.4388372004032,4.832620544,179.477835776,698421.50100992,umap
1029.939845830202,4.832620544,179.475615744,698420.768940032,umap
1030.4410463217646,4.832620544,179.475615744,698420.768940032,umap
1030.9418824817985,4.832620544,179.475615744,698420.768940032,umap
1031.443651592359,4.832620544,179.479810048,698420.768940032,umap
1031.9445240255445,4.832620544,179.477864448,698420.620972032,umap
1032.4461869634688,4.832620544,179.477864448,698420.620972032,umap
1032.9482384379953,4.832620544,179.477864448,698420.620972032,umap
1033.449089569971,4.832620544,179.477864448,698420.620972032,umap
1033.9500018954277,4.832620544,179.475656704,698421.348048896,umap
1034.4523817580193,4.832620544,179.475656704,698421.348048896,umap
1034.9544734060764,4.832620544,179.475656704,698421.348048896,umap
1035.4565276429057,4.832620544,179.475656704,698421.348048896,umap
1035.957918094471,4.832620544,179.479851008,698422.017409024,umap
1036.4604872092605,4.832620544,179.479851008,698422.017409024,umap
1036.9628909621388,4.832620544,179.477909504,698422.017409024,umap
1037.4638110511005,4.832620544,179.477909504,698422.017409024,umap
1037.9648296646774,4.832620544,179.477909504,698422.02574848,umap
1038.4668546505272,4.832620544,179.477929984,698422.02574848,umap
1038.9680317230523,4.832620544,179.47559936,698422.02574848,umap
1039.469981085509,4.832620544,179.476115456,698422.02574848,umap
1039.9713643174618,4.832620544,179.476115456,698421.934256128,umap
1040.4726877454668,4.832620544,179.476115456,698421.934256128,umap
1040.9736123736948,4.832620544,179.473948672,698421.934256128,umap
1041.4747755266726,4.832620544,179.473948672,698421.934256128,umap
1041.9767578057945,4.832620544,179.473948672,698421.93975296,umap
1042.4796640668064,4.832620544,179.480240128,698421.93975296,umap
1042.9811558499932,4.832620544,179.480633344,698421.93975296,umap
1043.4820568021387,4.832620544,179.480633344,698421.93975296,umap
1043.9828271381557,4.832620544,179.478368256,698421.971922944,umap
1044.4838889297098,4.832620544,179.478368256,698421.971922944,umap
1044.9846637342125,4.832620544,179.47836416,698421.971922944,umap
1045.4855489376932,4.832620544,179.47836416,698421.971922944,umap
1045.9864859376103,4.832620544,179.476017152,698421.905686528,umap
1046.488723454997,4.832620544,179.480211456,698421.905686528,umap
1046.9896941184998,4.832620544,179.4804736,698421.905686528,umap
1047.4905873276293,4.832620544,179.4804736,698421.905686528,umap
1047.9915099665523,4.832620544,179.478253568,698421.89830144,umap
1048.4927082508802,4.832620544,179.478253568,698421.89830144,umap
1048.9938489180058,4.832620544,179.478253568,698421.89830144,umap
1049.4947363268584,4.832620544,179.478253568,698421.89830144,umap
1049.9957736618817,4.832620544,179.478253568,698421.749469184,umap
1050.496919233352,4.832620544,179.478253568,698421.749469184,umap
1050.997920686379,4.832620544,179.476045824,698421.749469184,umap
1051.4988128058612,4.832620544,179.476045824,698421.749469184,umap
1051.9999568779022,4.832620544,179.480240128,698421.721706496,umap
1052.5011140722781,4.832620544,179.480240128,698421.721706496,umap
1053.0031745564193,4.832620544,179.478294528,698421.721706496,umap
1053.5041987057775,4.832620544,179.478294528,698421.721706496,umap
1054.0061842333525,4.832620544,179.478294528,698421.777219584,umap
1054.507757730782,4.832620544,179.478294528,698421.777219584,umap
1055.0097708310932,4.832620544,179.476074496,698421.777219584,umap
1055.5109040159732,4.832620544,179.476074496,698421.777219584,umap
1056.0120008233935,4.832620544,179.476074496,698421.836992512,umap
1056.5141695588827,4.832620544,179.4802688,698421.836992512,umap
1057.0151979215443,4.832620544,179.478306816,698421.836992512,umap
1057.5161814950407,4.832620544,179.478306816,698421.836992512,umap
1058.0182539839298,4.832620544,179.478310912,698421.815472128,umap
1058.5195062309504,4.832620544,179.478310912,698421.815472128,umap
1059.0208838507533,4.832620544,179.478310912,698421.815472128,umap
1059.5218589734286,4.832620544,179.478310912,698421.815472128,umap
1060.023695005104,4.832620544,179.475976192,698421.979746304,umap
1060.5248381700367,4.832620544,179.475976192,698421.979746304,umap
1061.0256931334734,4.832620544,179.480170496,698421.979746304,umap
1061.5265883021057,4.832620544,179.480170496,698421.979746304,umap
1062.0286217462271,4.832620544,179.478224896,698422.34359808,umap
1062.5298342630267,4.832620544,179.478224896,698422.34359808,umap
1063.0318488422781,4.832620544,179.478224896,698422.34359808,umap
1063.5328561905771,4.832620544,179.478224896,698422.34359808,umap
1064.0343680921942,4.832620544,179.476004864,698422.291894272,umap
1064.5356462653726,4.832620544,179.476004864,698422.291894272,umap
1065.037702806294,4.832620544,179.476004864,698422.291894272,umap
1065.5386637710035,4.832620544,179.476004864,698422.291894272,umap
1066.039584055543,4.832620544,179.47379712,698421.9472896,umap
1066.5425153262913,4.832620544,179.480088576,698421.9472896,umap
1067.0443627350032,4.832620544,179.480481792,698421.9472896,umap
1067.5454809777439,4.832620544,179.480481792,698421.9472896,umap
1068.0469374787062,4.832620544,179.479908352,698421.83366656,umap
1068.5483221877366,4.832620544,179.479908352,698421.83366656,umap
1069.0503855347633,4.832620544,179.477684224,698421.83366656,umap
1069.551492413506,4.832620544,179.477684224,698421.83366656,umap
1070.0524949021637,4.832620544,179.477684224,698421.888131072,umap
1070.553843876347,4.832620544,179.477684224,698421.888131072,umap
1071.0555322617292,4.832620544,179.475472384,698421.888131072,umap
1071.5566957015544,4.832620544,179.475472384,698421.888131072,umap
1072.0580187942833,4.832620544,179.479666688,698422.067716096,umap
1072.559438880533,4.832620544,179.477594112,698422.067716096,umap
1073.0614812485874,4.832620544,179.477594112,698422.067716096,umap
1073.5625774115324,4.832620544,179.477590016,698422.067716096,umap
1074.0637796949595,4.832620544,179.477590016,698422.301589504,umap
1074.5648378748447,4.832620544,179.475255296,698422.301589504,umap
1075.0660655498505,4.832620544,179.475255296,698422.301589504,umap
1075.5669284388423,4.832620544,179.475255296,698422.301589504,umap
1076.0681662429124,4.832620544,179.475255296,698422.502805504,umap
1076.570374822244,4.832620544,179.479711744,698422.502805504,umap
1077.0722558628768,4.832620544,179.479711744,698422.502805504,umap
1077.5733755584806,4.832620544,179.477504,698422.502805504,umap
1078.0746997334063,4.832620544,179.477504,698422.558588928,umap
1078.5759330950677,4.832620544,179.477504,698422.558588928,umap
1079.077025782317,4.832620544,179.477504,698422.558588928,umap
1079.57819978334,4.832620544,179.475214336,698422.558588928,umap
1080.0802806448191,4.832620544,179.475214336,698422.527766528,umap
1080.5817722920328,4.832620544,179.475214336,698422.527766528,umap
1081.0831341575831,4.832620544,179.475214336,698422.527766528,umap
1081.5847055558115,4.832620544,179.47746304,698422.527766528,umap
1082.0868169460446,4.832620544,179.47746304,698422.239420416,umap
1082.588058033958,4.832620544,179.47746304,698422.239420416,umap
1083.0904417093843,4.832620544,179.47746304,698422.239420416,umap
1083.5917789898813,4.832620544,179.47523072,698422.239420416,umap
1084.0926809124649,4.832620544,179.47523072,698422.160224256,umap
1084.5940677095205,4.832620544,179.47523072,698422.160224256,umap
1085.0952542666346,4.832620544,179.47523072,698422.160224256,umap
1085.5964540578425,4.832620544,179.47523072,698422.160224256,umap
1086.0983859021217,4.832620544,179.47523072,698422.209396736,umap
1086.5998834539205,4.832620544,179.473006592,698422.209396736,umap
1087.1011891625822,4.832620544,179.473006592,698422.209396736,umap
1087.6025081742555,4.832620544,179.473006592,698422.209396736,umap
1088.1036411058158,4.832620544,179.479298048,698422.194327552,umap
1088.6051032580435,4.832620544,179.477487616,698422.194327552,umap
1089.1074530947953,4.832620544,179.477487616,698422.194327552,umap
1089.6088362783194,4.832620544,179.478003712,698422.194327552,umap
1090.1099761985242,4.832620544,179.478003712,698422.309675008,umap
1090.61116441153,4.832620544,179.475795968,698422.309675008,umap
1091.1132490970194,4.832620544,179.475795968,698422.309675008,umap
1091.614530712366,4.832620544,179.475795968,698422.309675008,umap
1092.115708956495,4.832620544,179.475795968,698422.398078976,umap
1092.6180824823678,4.832620544,179.477917696,698422.398078976,umap
1093.118928970769,4.832620544,179.477917696,698422.398078976,umap
1093.6201405860484,4.832620544,179.477917696,698422.398078976,umap
1094.1222207657993,4.832620544,179.477917696,698422.215512064,umap
1094.623805847019,4.832620544,179.477917696,698422.215512064,umap
1095.1248298063874,4.832620544,179.477917696,698422.215512064,umap
1095.6256384961307,4.832620544,179.475697664,698422.215512064,umap
1096.1267697550356,4.832620544,179.475697664,698422.166736896,umap
1096.6285214927047,4.832620544,179.475697664,698422.166736896,umap
1097.1297472398728,4.832620544,179.479891968,698422.166736896,umap
1097.631126012653,4.832620544,179.477946368,698422.166736896,umap
1098.1322336960584,4.832620544,179.477946368,698422.11395584,umap
1098.6345444116741,4.832620544,179.477946368,698422.11395584,umap
1099.1355287022889,4.832620544,179.477946368,698422.11395584,umap
1099.6375486813486,4.832620544,179.47572224,698422.11395584,umap
1100.1385946068913,4.832620544,179.47572224,698422.21756416,umap
1100.6408147327602,4.832620544,179.47572224,698422.21756416,umap
1101.1418721750379,4.832620544,179.47572224,698422.21756416,umap
1101.4116863366216,3.176206336,181.102309376,698422.21756416,umap
1101.4142135195434,3.176206336,181.102309376,698422.21756416,figures
1101.6426174677908,3.176538112,181.10736384,698422.21756416,figures
1102.1433134265244,3.176751104,181.107134464,698422.308159488,figures
1102.645142942667,3.177140224,181.105819648,698422.308159488,figures
1103.1461897268891,3.177803776,181.105647616,698422.308159488,figures
1103.8474831264466,3.178983424,181.100941312,698422.308159488,figures
1104.35557378456,3.244945408,181.03504896,698422.502141952,figures
1104.8565955739468,3.277217792,181.000695808,698422.502141952,figures
1105.3582666385919,3.342778368,180.93529088,698422.502141952,figures
1106.0787035543472,3.344293888,180.934094848,698422.73605632,figures
1106.6105212420225,3.11906304,181.156364288,698422.73605632,figures
1107.1120948661119,3.119853568,181.159698432,698422.73605632,figures
1107.6132197696716,3.289239552,181.022121984,698422.73605632,figures
1108.114449487999,3.407900672,180.903645184,698422.764797952,figures
1108.6163160894066,3.430793216,180.878700544,698422.764797952,figures
1109.1178728453815,3.447672832,180.860686336,698422.764797952,figures
1109.6193639710546,3.38376704,180.92378112,698422.764797952,figures
1110.0037705264986,3.383783424,180.92378112,698422.740860928,figures
1110.024755693972,3.383783424,180.92509184,698422.740860928,
